"id","name","identifier","address","maps","date_joined","date_created","date_updated"
"1","050NicolasRomero","50","Fernando Montes de Oca No. 2 col Nicolas Romero, Estado de México cp 54405",NULL,"2024-07-30","2024-07-30 18:45:38.078302+00","2024-07-30 18:38:59.763227+00"
"2","072Tultepec","72","Av. Venustiano Carranza S/N col Barrio de San Martin, Estado de México cp 54960",NULL,"2024-07-30","2024-07-30 18:45:38.263514+00","2024-07-30 18:41:03.399544+00"
"3","144Tepotzotlan","144","Av. Lopez Mateos N° 17 col Barrio San Martin, Estado de México cp 54600",NULL,"2024-07-30","2024-07-30 18:45:38.450561+00","2024-07-30 18:41:03.776285+00"
"4","152Teoloyucan","152","Reforma N° 25 Entre Pino Y Matamoros col Barrio de Tlatilco, Estado de México cp 54770",NULL,"2024-07-30","2024-07-30 18:45:38.638642+00","2024-07-30 18:41:04.159779+00"
"5","155JardinesDeLaHda","155","Cuauhtemoc N° 19, entre Jardines de la Hacienda 2da Cerrada de Bugambilia col San Juan Atlamica, Estado de México cp 54729",NULL,"2024-07-30","2024-07-30 18:45:38.825514+00","2024-07-30 18:41:04.534842+00"
"6","161Hueuetoca","161","Sor Juana Ines de la Cruz s/n col Centro de Huehuetoca, Estado de México cp 54680",NULL,"2024-07-30","2024-07-30 18:45:39.012451+00","2024-07-30 18:41:04.910887+00"
"7","176NicolasRomero2","176","Javier Mina No. 1 col Nicolás Romero, Estado de México cp 54409",NULL,"2024-07-30","2024-07-30 18:45:39.200894+00","2024-07-30 18:41:05.286157+00"
"8","194NicolasRomero3","194","Mariano Escobedo No. 64 col Zaragoza, Estado de México cp 54457",NULL,"2024-07-30","2024-07-30 18:45:39.388215+00","2024-07-30 18:41:05.660904+00"
"9","214Tepotzotlan2","214","Josefa Ortiz de Dominguez s/n (entre Leona Vicario y Profra. Maria Dolores) col Ricardo Flores Magón, Estado de México cp 54607",NULL,"2024-07-30","2024-07-30 18:45:39.577209+00","2024-07-30 18:41:06.037289+00"
"10","228Tepotzotlan3","228","Av. Adolfo Lopez Mateos s/n col Ricardo Flores Magón, Estado de México cp 54607",NULL,"2024-07-30","2024-07-30 18:45:39.764515+00","2024-07-30 18:41:06.41341+00"
"11","231ElTrafico","231","Emiliano Zapata s/n entre Jacarandas y Pinos col El Tráfico, Estado de México cp 54435",NULL,"2024-07-30","2024-07-30 18:45:39.952191+00","2024-07-30 18:41:06.788421+00"
"12","236NicolasRomero4","236","Av. Nicolas Romero s/n  esq. Fernando Montes de Oca col Centro, Estado de México cp 54400",NULL,"2024-07-30","2024-07-30 18:45:40.145598+00","2024-07-30 18:41:07.163055+00"
"13","247Teoloyucan2","247","Av. Miguel Hidalgo s/n col Teoloyucan Centro, Estado de México cp 54770",NULL,"2024-07-30","2024-07-30 18:45:40.327253+00","2024-07-30 18:41:07.539315+00"
"14","321Aculco","321","Av. Mariano Abasolo s/n entre Macario Pérez y Cerrada de Abasolo col Centro, Estado de México cp 50360",NULL,"2024-07-30","2024-07-30 18:45:40.514764+00","2024-07-30 18:41:07.91435+00"
"15","334NicolasRomero6","334","20 de Noviembre No. 35 col Santa Anita, Estado de México cp 56378",NULL,"2024-07-30","2024-07-30 18:45:40.702525+00","2024-07-30 18:41:08.288987+00"
"16","344HGO Mixquiahuala","344","Plazuela Hidalgo S/N col Centro, Hidalgo cp 56388",NULL,"2024-07-30","2024-07-30 18:45:40.892524+00","2024-07-30 18:41:08.665249+00"
"17","372Cuautitlan","372","Av. Ahuehuetes Esquina Eucaliptos s/n col Los Morales, Estado de México cp 54800",NULL,"2024-07-30","2024-07-30 18:45:41.078887+00","2024-07-30 18:41:09.040193+00"
"18","378ElTrafico2","378","Emiliano Zapata s/n col El Trafico, Estado de México cp 54435",NULL,"2024-07-30","2024-07-30 18:45:41.268059+00","2024-07-30 18:41:09.415697+00"
"19","401CIzcalli","401","Calle Morelos s/n col San Jose Huilango, Estado de México cp 54710",NULL,"2024-07-30","2024-07-30 18:45:41.455819+00","2024-07-30 18:41:09.790153+00"
"20","409Atlamica","409","Av. Adolfo López Mateos No. 38 col San Juan Atlamica, Estado de México cp 54729",NULL,"2024-07-30","2024-07-30 18:45:41.643338+00","2024-07-30 18:41:10.16503+00"
"21","470HGO Ixmiquilpan","470","Avenida Juárez 27 col Centro, Hidalgo cp 42300",NULL,"2024-07-30","2024-07-30 18:45:41.832469+00","2024-07-30 18:41:10.540504+00"
"22","482HGOTecozautla","482","Av. Fray Juan de Sanabria 21-b col Centro, Hidalgo cp 42440",NULL,"2024-07-30","2024-07-30 18:45:42.020406+00","2024-07-30 18:41:10.915328+00"
"23","486VilladelCarbon","486","Avenida Juarez No. 12 col Centro Villa del Carbon, Estado de México cp 54314",NULL,"2024-07-30","2024-07-30 18:45:42.207126+00","2024-07-30 18:41:11.290506+00"
"24","501HGO Huichapan","501","Antonio Magos 1 col Centro, Hidalgo cp 42400",NULL,"2024-07-30","2024-07-30 18:45:42.394653+00","2024-07-30 18:41:11.667966+00"
"25","503HGOTepejidelRio","503","Nardo No. 6 col El Eden, Hidalgo cp 42854",NULL,"2024-07-30","2024-07-30 18:45:42.582694+00","2024-07-30 18:41:12.042394+00"
"26","505HGO Tezontepec de Aldama","505","Insurgentes 5 col Centro, Hidalgo cp 42760",NULL,"2024-07-30","2024-07-30 18:45:42.769759+00","2024-07-30 18:41:12.416572+00"
"27","520MelchorOcampo","520","Plaza Juarez No. 72 col Centro, Estado de México cp 54880",NULL,"2024-07-30","2024-07-30 18:45:42.958063+00","2024-07-30 18:41:12.794286+00"
"28","528SantaTeresaVI","528","Madrid S/N col Santa Teresa VI, Estado de México cp 54680",NULL,"2024-07-30","2024-07-30 18:45:43.146314+00","2024-07-30 18:41:13.169368+00"
"29","558HaciendaXalpa","558","Supermanzana 6 Mz 26 Lt 12 y 13 SN col Del Desarrollo Social Progresivo denominado Ex-Hacienda Xalpa, Estado de México cp 54683",NULL,"2024-07-30","2024-07-30 18:45:43.333955+00","2024-07-30 18:41:13.543858+00"
"30","559Coyotepec","559","Avenida Constitucion ESQ Juan Escutia col Centro, Estado de México cp 54660",NULL,"2024-07-30","2024-07-30 18:45:43.521536+00","2024-07-30 18:41:13.919005+00"
"31","578Acambay","578","Allende No. 10 col Centro, Estado de México cp 50300",NULL,"2024-07-30","2024-07-30 18:45:43.708983+00","2024-07-30 18:41:14.295428+00"
"32","581HGO Zimapan","581","5 de Mayo S/N col Centro, Hidalgo cp 42330",NULL,"2024-07-30","2024-07-30 18:45:43.895798+00","2024-07-30 18:41:14.670551+00"
"33","593HGO Tlahuelilpan","593","San Francisco Número 31 col Centro, Hidalgo cp 42780",NULL,"2024-07-30","2024-07-30 18:45:44.084635+00","2024-07-30 18:41:15.04523+00"
"34","610NicolasRCentro","610","Av. Hidalgo 13 col Hidalgo 1 secccion, Estado de México cp 54434",NULL,"2024-07-30","2024-07-30 18:45:44.273545+00","2024-07-30 18:41:15.422658+00"
"35","627Jilotepec","627","Calle Andres Molina Enriquez # 105 col Centro, Estado de México cp 54240",NULL,"2024-07-30","2024-07-30 18:45:44.460416+00","2024-07-30 18:41:15.797226+00"
"36","654Amaranto","654","Calle Amaranto Lt. 5 Mz. 123 col Santa Teresa III, Estado de México cp 54695",NULL,"2024-07-30","2024-07-30 18:45:44.64841+00","2024-07-30 18:41:16.172635+00"
"37","662TlazaladeFabela","662","Carretera Monte Alto s/n col Aurora Tlazala de Fabela, Estado de México cp 54480",NULL,"2024-07-30","2024-07-30 18:45:44.83615+00","2024-07-30 18:41:16.548673+00"
"38","687Coyotepec2","687","Domingo Castro No 130 col Barrio San Juan, Estado de México cp 54667",NULL,"2024-07-30","2024-07-30 18:45:45.023163+00","2024-07-30 18:41:16.923573+00"
"39","688AculcoCasaCultura","688","Calle Manuel del Mazo No 2 col Centro, Estado de México cp 50360",NULL,"2024-07-30","2024-07-30 18:45:45.210115+00","2024-07-30 18:41:17.299176+00"
"40","715HGO Mixquiahuala 2","715","16 de Septiembre col Centro, Hidalgo cp 42700",NULL,"2024-07-30","2024-07-30 18:45:45.397994+00","2024-07-30 18:41:17.674151+00"
"41","716ElRosario","716","Av. 16 de Septiembre No.14 col Col. El Rosario, Estado de México cp 54710",NULL,"2024-07-30","2024-07-30 18:45:45.58639+00","2024-07-30 18:41:18.050307+00"
"42","736NicolasRomero7","736","Av. Benito Juarez No. 90 col Benito Juarez, Estado de México cp 53740",NULL,"2024-07-30","2024-07-30 18:45:45.774987+00","2024-07-30 18:41:18.425336+00"
"43","754HGOTepejideOcampo","754","Melchor Ocampo S/N col El Eden, Hidalgo cp 42854",NULL,"2024-07-30","2024-07-30 18:45:45.962345+00","2024-07-30 18:41:18.800858+00"
"44","766HGOAlfajayucan","766","Morelos No 7 col Col. Centro, Hidalgo cp 42390",NULL,"2024-07-30","2024-07-30 18:45:46.14993+00","2024-07-30 18:41:19.180714+00"
"45","780AuroraCuautitlan","780","Av. Villadel Carbon col Ejido San Jose Huilango, Estado de México cp 42850",NULL,"2024-07-30","2024-07-30 18:45:46.329361+00","2024-07-30 18:41:19.557116+00"
"46","782SantaTeresa4","782","Paseo del Gavilan S/N Lot. 4 col Fracc.Santa Teresa 4, Estado de México cp 4970",NULL,"2024-07-30","2024-07-30 18:45:46.510581+00","2024-07-30 18:41:19.931685+00"
"47","793HGO Progreso","793","Emiliano Zapata 16 col Centro, Hidalgo cp 42730",NULL,"2024-07-30","2024-07-30 18:45:46.698515+00","2024-07-30 18:41:20.30876+00"
"48","803HuehuetocaCalvari","803","Calle el Calvario S/N col Centro de Huehuetoca, Estado de México cp 54680",NULL,"2024-07-30","2024-07-30 18:45:46.885836+00","2024-07-30 18:41:20.684591+00"
"49","816StaCruzMonte","816","Av. Lumbreras  S/N col Ejidal Santa Cruz del Monte, Estado de México cp 54930",NULL,"2024-07-30","2024-07-30 18:45:47.07405+00","2024-07-30 18:41:21.068153+00"
"50","833Cuautitlan3","833","Av 20 de Noviembre Mz 86 Lt 39 col Ejido El Socorro, Estado de México cp 54714",NULL,"2024-07-30","2024-07-30 18:45:47.261185+00","2024-07-30 18:41:21.44323+00"
"51","844Teoloyucan3","844","Calle 5 de Mayo S/N col Barrio Cuaxoxoca, Estado de México cp 54770",NULL,"2024-07-30","2024-07-30 18:45:47.44914+00","2024-07-30 18:41:21.818815+00"
"52","852HGOTulaCentro","852","Calle Melchor Ocampo No. 5 col Colonia Centro, Estado de México cp 42800",NULL,"2024-07-30","2024-07-30 18:45:47.636105+00","2024-07-30 18:41:22.192235+00"
"53","860JoyasCuautitlan","860","Blvd La Joya Sur Mz 20 Lt 45A col Fracc Joyas Cuautitlan, Estado de México cp 54803",NULL,"2024-07-30","2024-07-30 18:45:47.824833+00","2024-07-30 18:41:22.564416+00"
"54","876Tepojaco","876","Calle Zapata y 5 de Mayo col San Francisco Tepojaco, Estado de México cp 54745",NULL,"2024-07-30","2024-07-30 18:45:48.011924+00","2024-07-30 18:41:22.940602+00"
"55","908Teoloyucan4","908","Independencia sn col Santo Tomas, Estado de México cp 54770",NULL,"2024-07-30","2024-07-30 18:45:48.199713+00","2024-07-30 18:41:23.31541+00"
"56","910Tepotzotlan4","910","Adolfo Lopez Mateos sn col Barrio San Martin, Estado de México cp 54600",NULL,"2024-07-30","2024-07-30 18:45:48.38793+00","2024-07-30 18:41:23.690982+00"
"57","913SantaRosaIzcalli","913","Av Santa Rosa Mz 37 Lt 18 col Santa Rosa de Lima, Estado de México cp 54740",NULL,"2024-07-30","2024-07-30 18:45:48.575373+00","2024-07-30 18:41:24.064916+00"
"58","930Cuautitlan4","930","Carrillo Puerto sn col El Huerto, Estado de México cp 54807",NULL,"2024-07-30","2024-07-30 18:45:48.762677+00","2024-07-30 18:41:24.442284+00"
"59","951Polotitlan","951","Calle 16 de Septiembre No 15 col Col. Centro, Estado de México cp 54200",NULL,"2024-07-30","2024-07-30 18:45:48.950026+00","2024-07-30 18:41:24.817315+00"
"60","991MercadoLibre","991","Alijadores no. 5 col Parque Industrial Xhala, Estado de México cp 54714",NULL,"2024-07-30","2024-07-30 18:45:49.139198+00","2024-07-30 18:41:25.192136+00"
"61","1102Coyotepec3","1102","Av Sor Juana Ines de la Cruz S/N col Santiago, Estado de México cp 54660",NULL,"2024-07-30","2024-07-30 18:45:49.327419+00","2024-07-30 18:41:25.569746+00"
"62","1119HGOBicentenario","1119","Privada Abedul area C II A Numero Exterior 105 col Paseos de la Pradera, Hidalgo cp 42995",NULL,"2024-07-30","2024-07-30 18:45:49.514055+00","2024-07-30 18:41:25.943388+00"
"63","1176SanMateo","1176","Paseo Lecorbusier col San Mateo, Estado de México cp 54830",NULL,"2024-07-30","2024-07-30 18:45:49.702171+00","2024-07-30 18:41:26.318865+00"
"64","1205HGONopala","1205","Vicente Villagran 25-1B col Centro, Hidalgo cp 42470",NULL,"2024-07-30","2024-07-30 18:45:49.888847+00","2024-07-30 18:41:26.69643+00"
"65","1223HGOChapantongo","1223","Valentin Santiago col S/N, Hidalgo cp 42900",NULL,"2024-07-30","2024-07-30 18:45:50.076859+00","2024-07-30 18:41:27.070894+00"
"66","1232SantaMaCahuacan","1232","Av. Hidalgo no. 2 col Cahuacan, Estado de México cp 54434",NULL,"2024-07-30","2024-07-30 18:45:50.26534+00","2024-07-30 18:41:27.44539+00"
"67","1233HGO Ixmiquilpan 2","1233","Cecilio Ramirez Número 12 col Barrio de San Antonio, Hidalgo cp 42302",NULL,"2024-07-30","2024-07-30 18:45:50.452931+00","2024-07-30 18:41:27.819892+00"
"68","1236Soyaniquilpan","1236","Carr. San Francisco Soyaniquilpan- Méx S/N col Centro, Estado de México cp 54280",NULL,"2024-07-30","2024-07-30 18:45:50.640655+00","2024-07-30 18:41:28.197308+00"
"69","1239HGO Chilcuatla","1239","Plaza Juárez Número 13 col Centro, Hidalgo cp 42750",NULL,"2024-07-30","2024-07-30 18:45:50.827895+00","2024-07-30 18:41:28.573763+00"
"70","1285PortalalSol","1285","El Potrero Ejido de Huehuetoca S/N col BO. Salitrillo, Estado de México cp 54680",NULL,"2024-07-30","2024-07-30 18:45:51.015858+00","2024-07-30 18:41:28.952841+00"
"71","1286HGOTepetitlan","1286","5 de Mayo no. 10 col Centro, Hidalgo cp 42920",NULL,"2024-07-30","2024-07-30 18:45:51.202833+00","2024-07-30 18:41:29.332107+00"
"72","1317HGOTecozautla2","1317","Fraccionamiento Endejhe S/N col Barrio Morelos Norte, Hidalgo cp 42440",NULL,"2024-07-30","2024-07-30 18:45:51.391093+00","2024-07-30 18:41:29.707247+00"
"73","1318HGOBicentenario2","1318","Privada Pronus S/N, Lt. C-II, Mz. XLVIII,Comunidad col Paseos de la Pradera, Hidalgo cp 42990",NULL,"2024-07-30","2024-07-30 18:45:51.579763+00","2024-07-30 18:41:30.081923+00"
"74","1320HgoTula2","1320","Colegio Militar S/N col Centro, Hidalgo cp 42800",NULL,"2024-07-30","2024-07-30 18:45:51.768032+00","2024-07-30 18:41:30.457334+00"
"75","1359Temascalcingo","1359","Jose Maria Velasco No.11 col Centro, Estado de México cp 50400",NULL,"2024-07-30","2024-07-30 18:45:51.955081+00","2024-07-30 18:41:30.834096+00"
"76","1373Libertad","1373","Av. Lerdo de Tejada Lotes 20,21 y 22, Mz.1, S/N col Libertad, Estado de México cp 54407",NULL,"2024-07-30","2024-07-30 18:45:52.142049+00","2024-07-30 18:41:31.208922+00"
"77","1386SanLuisAyucan","1386","Agua Blanca S/N col San Luis ayucan, Estado de México cp 54570",NULL,"2024-07-30","2024-07-30 18:45:52.33001+00","2024-07-30 18:41:31.585036+00"
"78","1389HGO Tasquillo","1389","Belisario Domínguez S/N col Barrio Calvario Bajo, Hidalgo cp 42380",NULL,"2024-07-30","2024-07-30 18:45:52.517612+00","2024-07-30 18:41:31.960327+00"
"79","1393NicolasRomero9","1393","Av. Adolfo Lopez Mateos S/N col Vicente Guerrero Primera Seccion, Estado de México cp 54424",NULL,"2024-07-30","2024-07-30 18:45:52.704315+00","2024-07-30 18:41:32.33431+00"
"80","1422Tepotzotlan5","1422","Calle 18 de Marzo col Santiago Cuautlalpan, Estado de México cp 54650",NULL,"2024-07-30","2024-07-30 18:45:52.885522+00","2024-07-30 18:41:32.710703+00"
"81","1454 22DeFebrero","1454","Prolongacion Emiliano Zapata S/N col 22 de Febrero, Estado de México cp 54435",NULL,"2024-07-30","2024-07-30 18:45:53.064966+00","2024-07-30 18:41:33.085557+00"
"82","1456Sta Teresa 3","1456","Paseo del Mango S/N col Santa Teresa III, Estado de México cp 54694",NULL,"2024-07-30","2024-07-30 18:45:53.249376+00","2024-07-30 18:41:33.462336+00"
"83","1464LomasdeCuautitlan","1464","San Felipe de Jesus S/N LT. 19 y 20 MZ 120 col Lomas de San Francisco Tepojaco, Estado de México cp 54720",NULL,"2024-07-30","2024-07-30 18:45:53.43793+00","2024-07-30 18:41:33.837122+00"
"84","1503HGO Tula 3","1503","5 de Mayo No 102 col Barrio Alto, Hidalgo cp 42800",NULL,"2024-07-30","2024-07-30 18:45:53.625233+00","2024-07-30 18:41:34.211807+00"
"85","1504NicolasRomero10","1504","Prolongacion Guillermo Prieto No.3 col Juarez Centro, Estado de México cp 54400",NULL,"2024-07-30","2024-07-30 18:45:53.812614+00","2024-07-30 18:41:34.588282+00"
"86","1512HGO Tula Galaxias","1512","El Carmen No. Ext. 0 col San Marcos 2da Seccion, Hidalgo cp 42831",NULL,"2024-07-30","2024-07-30 18:45:54.000192+00","2024-07-30 18:41:34.963254+00"
"87","1555Tepojaco 3","1555","Av. Morelos S/N, Lt. 7 y 9, Mz. 28 Zona 1 col San Francisco Tepojaco, Estado de México cp 54745",NULL,"2024-07-30","2024-07-30 18:45:54.187282+00","2024-07-30 18:41:35.33854+00"
"88","1571Aculco 3","1571","Av. Miguel Hidalgo No.27 col Centro, Estado de México cp 50360",NULL,"2024-07-30","2024-07-30 18:45:54.376476+00","2024-07-30 18:41:35.715132+00"
"89","1573TultepecCentro2","1573","Allende no. 22 col San Juan Tultepec, Estado de México cp 54965",NULL,"2024-07-30","2024-07-30 18:45:54.565409+00","2024-07-30 18:41:36.089857+00"
"90","1574Huichapan 2","1574","Benito Juárez No. 9 col Centro Historico, Hidalgo cp 42400",NULL,"2024-07-30","2024-07-30 18:45:54.752221+00","2024-07-30 18:41:36.46509+00"
"91","1575VilladelRey","1575","Av. Paseo del Rey Mz.23 Lt.35A col Urbi Villa del Rey, Estado de México cp 54693",NULL,"2024-07-30","2024-07-30 18:45:54.939416+00","2024-07-30 18:41:36.840228+00"
"92","1576Alfajayucan2","1576","Dr. Higinio G Perez 2 col Centro, Hidalgo cp 42390",NULL,"2024-07-30","2024-07-30 18:45:55.126345+00","2024-07-30 18:41:37.224683+00"
"93","1580HGO Zimapan 2","1580","Jesus Garcia 6 col Centro, Hidalgo cp 42330",NULL,"2024-07-30","2024-07-30 18:45:55.314185+00","2024-07-30 18:41:37.60012+00"
"94","1592ElDorado","1592","Av. Aztecas Mz. 2 Lt.3 col El Dorado Huehuetoca V, Estado de México cp 54696",NULL,"2024-07-30","2024-07-30 18:45:55.502104+00","2024-07-30 18:41:37.975265+00"
"95","1594Teoloyucan 5","1594","Av. Morelia 12A col Zimapan, Estado de México cp 54770",NULL,"2024-07-30","2024-07-30 18:45:55.690363+00","2024-07-30 18:41:38.351501+00"
"96","1606SanMarcos2","1606","Av. Insurgentes col San Marcos, Hidalgo cp 42830",NULL,"2024-07-30","2024-07-30 18:45:55.877981+00","2024-07-30 18:41:38.727077+00"
"97","1632TLC Tultepec","1632","Av. Toluca No. 11 col Rancho San Joaquin, Estado de México cp 54963",NULL,"2024-07-30","2024-07-30 18:45:56.065905+00","2024-07-30 18:41:39.101562+00"
"98","1633HGO Mixquiahuala 3","1633","Avenida Reforma Número 12 col Sexta Demarcación, Hidalgo cp 42700",NULL,"2024-07-30","2024-07-30 18:45:56.253407+00","2024-07-30 18:41:39.476977+00"
"99","1683Chapa de Mota","1683","Av. Ignacio Zaragoza S/N col Centro, Estado de México cp 54350",NULL,"2024-07-30","2024-07-30 18:45:56.440337+00","2024-07-30 18:41:39.853764+00"
"100","1684 2 de Marzo","1684","Libramiento 2 de Marzo s/n col El Quemado, Estado de México cp 54963",NULL,"2024-07-30","2024-07-30 18:45:56.628225+00","2024-07-30 18:41:40.228165+00"
"101","1708Villa Carbon 2","1708","Villa del  Carbon-Jilotepec S/N col San Jeronimo Zacapexco, Estado de México cp 54310",NULL,"2024-07-30","2024-07-30 18:45:56.817389+00","2024-07-30 18:41:40.603568+00"
"102","1748La Toscana","1748","Parcela 136 Z-2 P 1/1 Num. Ext. 0 col Praderas del Potrero (Ejido de Conejos), Hidalgo cp 42995",NULL,"2024-07-30","2024-07-30 18:45:57.004855+00","2024-07-30 18:41:40.981956+00"
"103","1753Tultepec 2","1753","Mirasoles No. 11 Esq. Camelias col Jardínes de Sta Cruz, Estado de México cp 54965",NULL,"2024-07-30","2024-07-30 18:45:57.192465+00","2024-07-30 18:41:41.350096+00"
"104","1755Polotitlan 2","1755","Abasolo y Guerrero No. 11 col Polotitlan de la Ilustración, Estado de México cp 54200",NULL,"2024-07-30","2024-07-30 18:45:57.379771+00","2024-07-30 18:41:41.734843+00"
"105","1770HGO Presas","1770","Avenida Juárez Número 112 A col Presas, Hidalgo cp 42760",NULL,"2024-07-30","2024-07-30 18:45:57.567834+00","2024-07-30 18:41:42.110104+00"
"106","1778Melchor Ocampo 2","1778","Boulevard Totoltopec s/n col Revolucionaria, Estado de México cp 54449",NULL,"2024-07-30","2024-07-30 18:45:57.754773+00","2024-07-30 18:41:42.493725+00"
"107","1779El Vidrio","1779","Morelos S/N col San Jose el Vidrio, Estado de México cp 54449",NULL,"2024-07-30","2024-07-30 18:45:57.941842+00","2024-07-30 18:41:42.869263+00"
"108","1786Sta Elena","1786","Av. Teyahualco no. 588 MZ1 LTE 2, LOCAL 1A,2A,3A,4A,5A,6A,7A col Fracc Real de San Fernando, Estado de México cp 54850",NULL,"2024-07-30","2024-07-30 18:45:58.130161+00","2024-07-30 18:41:43.245758+00"
"109","1787HGO Tula 4","1787","Hidalgo no. 206 col Centro, Hidalgo cp 42800",NULL,"2024-07-30","2024-07-30 18:45:58.319314+00","2024-07-30 18:41:43.621086+00"
"110","1788Jilotepec 2","1788","Hidalgo S/N col Centro, Estado de México cp 54240",NULL,"2024-07-30","2024-07-30 18:45:58.506372+00","2024-07-30 18:41:43.995936+00"
"111","1836Teoloyucan 6","1836","Av. Reforma S/N col Bo. Aculco, Estado de México cp 54786",NULL,"2024-07-30","2024-07-30 18:45:58.694217+00","2024-07-30 18:41:44.372279+00"
"112","1837HGO Progreso 2","1837","Ferrocarril Sur S/N col , Hidalgo cp 42730",NULL,"2024-07-30","2024-07-30 18:45:58.881222+00","2024-07-30 18:41:44.747078+00"
"113","1838Jilotepec 3","1838","Andres Molina Enriquez S/N col Jilotepec de Molina Enriquez, Estado de México cp 54240",NULL,"2024-07-30","2024-07-30 18:45:59.068882+00","2024-07-30 18:41:45.122165+00"
"114","1866Huehuetoca 3","1866","Av. Benito Juárez S/N col Cabecera Municipal Huehuetoca, Estado de México cp 54680",NULL,"2024-07-30","2024-07-30 18:45:59.256603+00","2024-07-30 18:41:45.498587+00"
"115","1879Cuautitlan Claustros","1879","Arcangel San Miguel Esq. Camino a Axotlan MZ 9 A Fusion LT 4,5,6 col Claustros de San Miguel, Estado de México cp 54719",NULL,"2024-07-30","2024-07-30 18:45:59.445698+00","2024-07-30 18:41:45.874099+00"
"116","1886Temascalcingo 3","1886","Av. Alfredo del Mazo no. 242 col Temascalcingo de José María Velasco, Estado de México cp 50400",NULL,"2024-07-30","2024-07-30 18:45:59.633132+00","2024-07-30 18:41:46.248643+00"
"117","1978Canalejas","1978","Av. Independencia S/N col Villas de Canalejas, Estado de México cp 54260",NULL,"2024-07-30","2024-07-30 18:45:59.820535+00","2024-07-30 18:41:46.623614+00"
"118","1979Acambay 3","1979","Carretera Panamericana col Centro, Estado de México cp 50300",NULL,"2024-07-30","2024-07-30 18:46:00.00727+00","2024-07-30 18:41:46.999844+00"
"119","1980Huehuetoca 4","1980","Calle Jorge Jímenez Cantu S/N col Cabecera Municipal Huehuetoca, Estado de México cp 54680",NULL,"2024-07-30","2024-07-30 18:46:00.195892+00","2024-07-30 18:41:47.375397+00"
"120","1999HGO Tlahuelilpan 2","1999","Silvestre Padilla S/N col Centro, Hidalgo cp 42780",NULL,"2024-07-30","2024-07-30 18:46:00.383134+00","2024-07-30 18:41:47.74969+00"
"121","2002Progreso Industrial","2002","Carretera a Progreso Industrial S/N col Nicolas Romero, Estado de México cp 54467",NULL,"2024-07-30","2024-07-30 18:46:00.571028+00","2024-07-30 18:41:48.12744+00"
"122","2004Citara","2004","Paseo de Las Américas MZ 89 Lt1 col CITARA Ciudad Integral Tercera Etapa, Estado de México cp 54680",NULL,"2024-07-30","2024-07-30 18:46:00.75947+00","2024-07-30 18:41:48.502118+00"
"123","2041Cuautitlan 5","2041","Carretera Cuautitlan Melchor Ocampo S/N Zona 1 Mz 46 Lte 15 col Lazaro Cardenas, Estado de México cp 54870",NULL,"2024-07-30","2024-07-30 18:46:00.947173+00","2024-07-30 18:41:48.876884+00"
"124","2042Arroyo Zarco","2042","Carretera Aculco/El Rosal S/N col Arroyo Zarco, Estado de México cp 50373",NULL,"2024-07-30","2024-07-30 18:46:01.134233+00","2024-07-30 18:41:49.254287+00"
"125","2086Cuautitlan 6","2086","Av. 16 de Septiembre No. 323 col Necapan, Estado de México cp 54800",NULL,"2024-07-30","2024-07-30 18:46:01.321898+00","2024-07-30 18:41:49.628583+00"
"126","2111Teoloyucan 7","2111","5 de Mayo no 5 col Tepanquiahuac, Estado de México cp 54770",NULL,"2024-07-30","2024-07-30 18:46:01.509642+00","2024-07-30 18:41:50.003831+00"
"127","2118HGO Zimapan 3","2118","Plaza 5 de Mayo S/N col Centro, Hidalgo cp 42330",NULL,"2024-07-30","2024-07-30 18:46:01.697539+00","2024-07-30 18:41:50.377946+00"
"128","2148El Teñhe","2148","Javier Rojo Gómez col Teñhe, Hidalgo cp 42728",NULL,"2024-07-30","2024-07-30 18:46:01.885071+00","2024-07-30 18:41:50.75555+00"
"129","2188Teoloyucan 8","2188","Av. Zumpango S/N col Santa Cruz, Estado de México cp 54783",NULL,"2024-07-30","2024-07-30 18:46:02.073935+00","2024-07-30 18:41:51.130352+00"
"130","2189Timilpan","2189","Juan Aldama S/N col San Andres Timilpan, Estado de México cp 50500",NULL,"2024-07-30","2024-07-30 18:46:02.261597+00","2024-07-30 18:41:51.504623+00"
"131","2201HGO El Cardonal","2201","Calle del Rosal S/N col Centro, Hidalgo cp 42370",NULL,"2024-07-30","2024-07-30 18:46:02.448808+00","2024-07-30 18:41:51.880774+00"
"132","2256Coyotepec 4","2256","Francisco Villa col San Juan Caltenco, Estado de México cp 54668",NULL,"2024-07-30","2024-07-30 18:46:02.636889+00","2024-07-30 18:41:52.257045+00"
"133","2332HGO Ixmiquilpan 3","2332","Mezquite S/N col El Fithzi, Hidalgo cp 42303",NULL,"2024-07-30","2024-07-30 18:46:02.824046+00","2024-07-30 18:41:52.631335+00"
"134","2334Tultepec Centro 3","2334","Calle Independencia 12-4 col San Antonio El Cuadro, Estado de México cp 54960",NULL,"2024-07-30","2024-07-30 18:46:02.997659+00","2024-07-30 18:41:53.007048+00"
"135","2350HGO Real Castilla","2350","P. Castilla col El Pedregal, Hidalgo cp 42994",NULL,"2024-07-30","2024-07-30 18:46:03.177877+00","2024-07-30 18:41:53.37805+00"
"136","2391Nicolas Romero 16","2391","Av. Nicolas Romero No. 14 col Centro, Estado de México cp 54400",NULL,"2024-07-30","2024-07-30 18:46:03.365793+00","2024-07-30 18:41:53.754916+00"
"137","2409HGO Tepeji del Rio 3","2409","Reforma S/N col San Mateo Primera Sección, Hidalgo cp 42850",NULL,"2024-07-30","2024-07-30 18:46:03.552744+00","2024-07-30 18:41:54.130297+00"
"138","2420Santa Ana Jilotzingo","2420","La Teipa o Enguani S/N col Santa Ana, Estado de México cp 54570",NULL,"2024-07-30","2024-07-30 18:46:03.740179+00","2024-07-30 18:41:54.504928+00"
"139","2546HGO Tula 5","2546","Calzada Nacional No. 1096 col San Marcos, Hidalgo cp 42831",NULL,"2024-07-30","2024-07-30 18:46:03.928063+00","2024-07-30 18:41:54.878717+00"
"140","2547NR Benito Juárez","2547","Av. Juarez No. 11 col Juarez Centro, Estado de México cp 54414",NULL,"2024-07-30","2024-07-30 18:46:04.115736+00","2024-07-30 18:41:55.254215+00"
"141","2548Hacienda Cuautitlan","2548","Hacienda de los Pinos col Hacienda Cuautitlan, Estado de México cp 54803",NULL,"2024-07-30","2024-07-30 18:46:04.302173+00","2024-07-30 18:41:55.629618+00"
"142","2559Jilotepec 4","2559","Vicente Guerrero Poniente S/N Lt. 8 col El Deni, Estado de México cp 54240",NULL,"2024-07-30","2024-07-30 18:46:04.491779+00","2024-07-30 18:41:56.00315+00"
"143","2570Himno Nacional","2570","Av. 20 de Noviembre no. 59 col Santa Anita, Estado de México cp 54457",NULL,"2024-07-30","2024-07-30 18:46:04.679856+00","2024-07-30 18:41:56.375179+00"
"144","2612Sta. Teresa Huehuetoca","2612","Paseo de los Ahuehuetes Manzana 19 Lote 39 col Fraccionamiento Santa Teresa I., Estado de México cp 54964",NULL,"2024-07-30","2024-07-30 18:46:04.86747+00","2024-07-30 18:41:56.7472+00"
"145","2637Polotitlan 3","2637","Calle Zaragoza 116 col Polotitlan de la Ilustración, Estado de México cp 54200",NULL,"2024-07-30","2024-07-30 18:46:05.054683+00","2024-07-30 18:41:57.12211+00"
"146","2647Citara 2","2647","Casa Blanca Mz 6 Lte. 3 col CITARA Ciudad Integral Primera etapa, Estado de México cp 54680",NULL,"2024-07-30","2024-07-30 18:46:05.242544+00","2024-07-30 18:41:57.497617+00"
"147","2693Nicolas Romero 17","2693","Avenida 16 de septiembre número 48 col Centro, Estado de México cp 54400",NULL,"2024-07-30","2024-07-30 18:46:05.429375+00","2024-07-30 18:41:57.874813+00"
"148","2694San Roque","2694","Antiguo Camino a San Mateo S/N col El Prieto, Estado de México cp 54840",NULL,"2024-07-30","2024-07-30 18:46:05.616229+00","2024-07-30 18:41:58.249383+00"
"149","2751Jilotepec 5","2751","Carretera Jilotepec-Corrales KM 2.5 col Ejido de San Pablo Huantepec, Estado de México cp 54250",NULL,"2024-07-30","2024-07-30 18:46:05.806747+00","2024-07-30 18:41:58.62477+00"
"150","2752Cuautitlan 7","2752","Cerrada de Sauces No 77 col Cuautitlan Centro, Estado de México cp 54800",NULL,"2024-07-30","2024-07-30 18:46:05.993507+00","2024-07-30 18:41:58.999967+00"
"151","2754El Dorado 2","2754","Avenida Toltecas Mz 18 Lt 1 No 1 E col El Dorado Huehuetoca Quinta Etapa, Estado de México cp 54696",NULL,"2024-07-30","2024-07-30 18:46:06.1838+00","2024-07-30 18:41:59.383789+00"
"152","2755HGO Huichapan 3","2755","Avenida Pedro Maria Anaya No 102 col Barrio la Campana, Hidalgo cp 42400",NULL,"2024-07-30","2024-07-30 18:46:06.36786+00","2024-07-30 18:41:59.759423+00"
"153","2785HGO Tecozautla Centro","2785","Primera Manzana del Barrio de Hidalgo S/N col Centro, Hidalgo cp 42440",NULL,"2024-07-30","2024-07-30 18:46:06.556652+00","2024-07-30 18:42:00.134185+00"
"154","2831Santa Elena 2","2831","Carretera Cuautitlan Melchor Ocampor S/N col San Mateo Ixtacalco, Estado de México cp 54840",NULL,"2024-07-30","2024-07-30 18:46:06.744125+00","2024-07-30 18:42:00.511348+00"
"155","2841Santa Teresa 2","2841","Paraje denominado el terremonte col Ejido de Huehuetoca, Estado de México cp 54680",NULL,"2024-07-30","2024-07-30 18:46:06.931288+00","2024-07-30 18:42:00.886231+00"
"156","2863Aculco 4","2863","Morelos S/N col Centro, Estado de México cp 50360",NULL,"2024-07-30","2024-07-30 18:46:07.119507+00","2024-07-30 18:42:01.263129+00"
"157","2864Puente Grande","2864","Carretera a Coyotepec,parcela 33 col San Jose Puente Grande, Estado de México cp 54834",NULL,"2024-07-30","2024-07-30 18:46:07.308353+00","2024-07-30 18:42:01.630927+00"
"158","2960Coyotepec Centro","2960","Constitución R*19 col Barrio Chautonco, Estado de México cp 54667",NULL,"2024-07-30","2024-07-30 18:46:07.495141+00","2024-07-30 18:42:02.011076+00"
"159","2961Los Virreyes","2961","Maurel 10, Viv 26, Mz 3, Lt 32 col Barrio la Cañada, Estado de México cp 54685",NULL,"2024-07-30","2024-07-30 18:46:07.682932+00","2024-07-30 18:42:02.384637+00"
"160","QRO Ezequiel Montes","529","Av. Benito Juarez No. 121 col Centro, Querétaro cp 76650",NULL,"2024-07-30","2024-07-30 18:46:07.869816+00","2024-07-30 18:42:02.770734+00"
"161","QRO San Juan del Rio","532","Profesora Mercedes Camacho No. 10 col Centro, Querétaro cp 76800",NULL,"2024-07-30","2024-07-30 18:46:08.057104+00","2024-07-30 18:42:03.153586+00"
"162","QRO Tequisquiapan","574","Lazaro Cardenes No. 20 col Centro, Querétaro cp 76750",NULL,"2024-07-30","2024-07-30 18:46:08.245119+00","2024-07-30 18:42:03.524624+00"
"163","QRO Cadereyta","580","Francisco I. Madero SN col Centro, Querétaro cp 76500",NULL,"2024-07-30","2024-07-30 18:46:08.433824+00","2024-07-30 18:42:03.903453+00"
"164","QRO La Negreta","601","Prolongacion Jazmin s/n col Mision San Jose, Querétaro cp 76900",NULL,"2024-07-30","2024-07-30 18:46:08.622003+00","2024-07-30 18:42:04.277544+00"
"165","QRO Colon","615","Heroes de la Revolución col Centro, Querétaro cp 76270",NULL,"2024-07-30","2024-07-30 18:46:08.809991+00","2024-07-30 18:42:04.653215+00"
"166","QRO Pedregoso","616","Labradorita  # 3 col Infonavit Pedregoso, Querétaro cp 76806",NULL,"2024-07-30","2024-07-30 18:46:08.996839+00","2024-07-30 18:42:05.027898+00"
"167","QRO El Rocio","639","Camino a san Pedro Martir no. 102 entre av de la fuente y av lagos col Los Sauces, Querétaro cp 76114",NULL,"2024-07-30","2024-07-30 18:46:09.183844+00","2024-07-30 18:42:05.399206+00"
"168","QRO El Pueblito","642","Calle Miguel Hidalgo col El Pueblito, Querétaro cp 76900",NULL,"2024-07-30","2024-07-30 18:46:09.371927+00","2024-07-30 18:42:05.774713+00"
"169","QRO Mercado Escobedo","652","Calle Encarnación Cabrera # 10 col Centro, Querétaro cp 76000",NULL,"2024-07-30","2024-07-30 18:46:09.559857+00","2024-07-30 18:42:06.150846+00"
"170","Pedro Escobedo","704","Av. Panamericana No. 40 col Centro, Querétaro cp 76700",NULL,"2024-07-30","2024-07-30 18:46:09.748568+00","2024-07-30 18:42:06.531054+00"
"171","QRO Jauregui","713","Calle. Niños Héroes 21 col Santa Rosa Jáuregui, Querétaro cp 76220",NULL,"2024-07-30","2024-07-30 18:46:09.936409+00","2024-07-30 18:42:06.913858+00"
"172","QRO Ezequiel Montes 2","765","Esquina Hidalgo y General Rodolfo Fierro col Centro, Querétaro cp 76655",NULL,"2024-07-30","2024-07-30 18:46:10.123809+00","2024-07-30 18:42:07.296887+00"
"173","QRO El Tintero","767","Av. Revolucion No. 441 col El Progreso, Querétaro cp 76138",NULL,"2024-07-30","2024-07-30 18:46:10.310939+00","2024-07-30 18:42:07.671458+00"
"174","QRO Plateros","947","Plateros No. 128 col Col. San Pedrito Pañuelas, Querétaro cp 76148",NULL,"2024-07-30","2024-07-30 18:46:10.498135+00","2024-07-30 18:42:08.048065+00"
"175","QRO Toliman","988","Hermenegildo Galeana s/n col Centro, Querétaro cp 7660",NULL,"2024-07-30","2024-07-30 18:46:10.685593+00","2024-07-30 18:42:08.423316+00"
"176","QRO Huimilpan","989","Francisco I. Madero #116 col Centro, Querétaro cp 76950",NULL,"2024-07-30","2024-07-30 18:46:10.874985+00","2024-07-30 18:42:08.798573+00"
"177","QRO Santa Barbara","1108","Emilio Portes Gil s/n col Santa Barbara, Querétaro cp 76905",NULL,"2024-07-30","2024-07-30 18:46:11.079998+00","2024-07-30 18:42:09.173543+00"
"178","QRO Juarez","1120","Juarez Norte 104 col Centro, Querétaro cp 76000",NULL,"2024-07-30","2024-07-30 18:46:11.275917+00","2024-07-30 18:42:09.553701+00"
"179","QRO La Luz","1154","Calle la Piedra No.1210 Col. Ciudad Satelite col Col. Ciudad Satelite, Querétaro cp 76110",NULL,"2024-07-30","2024-07-30 18:46:11.462925+00","2024-07-30 18:42:09.928591+00"
"180","QRO Ezequiel Montes 3","1155","Calle Emiliano Zapata s/n col Centro, Querétaro cp 76650",NULL,"2024-07-30","2024-07-30 18:46:11.650963+00","2024-07-30 18:42:10.303192+00"
"181","QRO Pedro Escobedo 2","1168","Panamericana No. 16 col Centro, Querétaro cp 76700",NULL,"2024-07-30","2024-07-30 18:46:11.838533+00","2024-07-30 18:42:10.68867+00"
"182","QRO Paseos Marques","1244","Av. Paseos del Marques s/n col Paseos del Marques II, Querétaro cp 76245",NULL,"2024-07-30","2024-07-30 18:46:12.02489+00","2024-07-30 18:42:11.063942+00"
"183","QRO Cadereyta 2","1290","Calle Jose MA. Morelos 36 col Centro, Querétaro cp 76500",NULL,"2024-07-30","2024-07-30 18:46:12.213763+00","2024-07-30 18:42:11.438013+00"
"184","QRO Santa Cruz Nieto","1293","Calle Central No 21 col Santa Cruz Nieto, Querétaro cp 76834",NULL,"2024-07-30","2024-07-30 18:46:12.402429+00","2024-07-30 18:42:11.814535+00"
"185","QRO Amealco","1301","Calle 16 de Septiembre s/n col Col. Centro, Querétaro cp 76850",NULL,"2024-07-30","2024-07-30 18:46:12.590191+00","2024-07-30 18:42:12.189864+00"
"186","QRO La Piedad","1302","Av Santa Ines Sin Numero col Col Villas la Piedad II, Querétaro cp 76246",NULL,"2024-07-30","2024-07-30 18:46:12.77726+00","2024-07-30 18:42:12.564958+00"
"187","QRO Jurica","1329","Camelinas 127 col Jurica Pueblo, Querétaro cp 76100",NULL,"2024-07-30","2024-07-30 18:46:12.964773+00","2024-07-30 18:42:12.941535+00"
"188","QRO Villas Santiago","1330","Calle santiago de Qro 103 Lote 2,3,4 col Fracc Villas de santiago, Querétaro cp 76148",NULL,"2024-07-30","2024-07-30 18:46:13.149393+00","2024-07-30 18:42:13.318242+00"
"189","QRO Urbi Villas","1333","Puerta del Sol No. 239 col Ciudad del Sol, Querétaro cp 76116",NULL,"2024-07-30","2024-07-30 18:46:13.332816+00","2024-07-30 18:42:13.704222+00"
"190","QRO Fundadores","1355","Av. Begonias S/N col Fundadores, Querétaro cp 76057",NULL,"2024-07-30","2024-07-30 18:46:13.519983+00","2024-07-30 18:42:14.078342+00"
"191","QRO Cerrito Colorado","1362","Matlazincas N° 307 col Cerrito Colorado, Querétaro cp 76116",NULL,"2024-07-30","2024-07-30 18:46:13.70757+00","2024-07-30 18:42:14.453368+00"
"192","QRO Milenio","1413","Calle camino real de la Carreta N 362 col Fraccionamiento Milenio III, Querétaro cp 76060",NULL,"2024-07-30","2024-07-30 18:46:13.89552+00","2024-07-30 18:42:14.830535+00"
"193","QRO Los Heroes","1444","Hacienda la cañada N16 col Fraccionamiento Los Heroes, Querétaro cp 76246",NULL,"2024-07-30","2024-07-30 18:46:14.084503+00","2024-07-30 18:42:15.205742+00"
"194","QRO Lomas de San Juan","1475","Sierra Tarahumara n°7 col Lomas de San Juan, Querétaro cp 76806",NULL,"2024-07-30","2024-07-30 18:46:14.272331+00","2024-07-30 18:42:15.580052+00"
"195","QRO Pie de La Cuesta","1490","Av. Pie de la Cuesta 2301 col Loma de San Pedrito Peñuelas, Querétaro cp 76148",NULL,"2024-07-30","2024-07-30 18:46:14.460308+00","2024-07-30 18:42:15.95667+00"
"196","QRO San Roque","1517","Av San Roque No. 77 col San Roque, Querétaro cp 76150",NULL,"2024-07-30","2024-07-30 18:46:14.646654+00","2024-07-30 18:42:16.340884+00"
"197","QRO Girasoles","1567","Jalpan No. 118-B col Fracc. Granjas Bhanti, Querétaro cp 76805",NULL,"2024-07-30","2024-07-30 18:46:14.834103+00","2024-07-30 18:42:16.715741+00"
"198","QRO San José El Alto 2","1568","Epigmenio Gonzalez 116 col Villas de San Jose, Querétaro cp 76147",NULL,"2024-07-30","2024-07-30 18:46:15.022554+00","2024-07-30 18:42:17.090435+00"
"199","QRO SJR Cerro Gordo","1719","Av. Valle del Sol Sur No. 501 col Hacienda San Juan, Querétaro cp 76830",NULL,"2024-07-30","2024-07-30 18:46:15.209733+00","2024-07-30 18:42:17.471142+00"
"200","QRO Tequisquiapan 2","1808","Carretera Federal 120 No. 49 col Mateos, Querétaro cp 76750",NULL,"2024-07-30","2024-07-30 18:46:15.39914+00","2024-07-30 18:42:17.846905+00"
"201","QRO Loma Bonita","1811","Calle Popocatepetl # 402 col Loma Bonita, Querétaro cp 76118",NULL,"2024-07-30","2024-07-30 18:46:15.586311+00","2024-07-30 18:42:18.222434+00"
"202","QRO Estadio","1914","Gonzalo Río Arrionte No. 29 col Villas del Sur, Querétaro cp 76040",NULL,"2024-07-30","2024-07-30 18:46:15.773046+00","2024-07-30 18:42:18.599203+00"
"203","LAGUNILLAS","T3289","76980 Qro.","https://maps.app.goo.gl/JZuiAD7j9i6Yvam8A","2024-09-02","2024-09-02 19:49:39.346593+00","2024-09-02 19:49:39.344577+00"
"236","Bernal","T2815","Los Palacios, 76680 Bernal, Qro.","https://maps.app.goo.gl/HTMrciqS1SVYGXoBA","2024-09-06","2024-09-06 13:28:41.561428+00","2024-09-06 13:28:41.547206+00"
"269","Loma bonita 2","T2216",NULL,NULL,"2024-09-06","2024-09-06 17:12:37.432742+00","2024-09-06 17:12:37.42763+00"
"270","LOMA BONITA 2","T2216","Av. Popocatépetl 3072, 76118 Santiago de Querétaro, Qro.","https://maps.app.goo.gl/e2vowJi3tvhgtNoi6","2024-09-06","2024-09-06 17:15:16.907127+00","2024-09-06 17:15:16.904268+00"
"271","LAS ESTANCIAS","T1541","P.º de la Estancia 700, 32380 La Estancia, Gto.","https://maps.app.goo.gl/FQ859hhTnyBAAKyM9","2024-09-06","2024-09-06 17:17:04.123937+00","2024-09-06 17:17:04.121127+00"
"272","SAN PEDRO MARTIR","T1900","76113 San Pedro Mártir, Qro.","https://maps.app.goo.gl/euuWfubv2uyP5FV28","2024-09-06","2024-09-06 17:24:00.277162+00","2024-09-06 17:24:00.274036+00"
"273","Reforma agraria","T2650",NULL,NULL,"2024-09-06","2024-09-06 17:32:54.095434+00","2024-09-06 17:32:54.09138+00"
"274","BELISARIO","T2935","Ley 6 de Enero 1, Casa Blanca, 76030 Santiago de Querétaro, Qro.","https://maps.app.goo.gl/JNUK68AGwHe8xTsM8","2024-09-06","2024-09-06 17:45:37.224279+00","2024-09-06 17:45:37.221811+00"
"302","QRO SJR UNIVERSIDAD","T2983","Avenida Universidad 398, Banthi, 76804 San Juan del Río, Qro.","https://maps.app.goo.gl/PpNSY2Bg9ZcEg8av7","2024-09-09","2024-09-09 06:17:07.622901+00","2024-09-09 06:17:07.61742+00"
"335","MOCTEZUMA","T2399","Av Río Moctezuma 117, San Cayetano, 76806 San Juan del Río, Qro.","https://maps.app.goo.gl/MDW42WnmnkMR7ZEaA","2024-09-09","2024-09-09 16:10:32.36017+00","2024-09-09 16:10:32.354972+00"
"336","MOCTEZUMA","T2399","Av Río Moctezuma 117, San Cayetano, 76806 San Juan del Río, Qro.","https://maps.app.goo.gl/MDW42WnmnkMR7ZEaA","2024-09-09","2024-09-09 16:10:32.40919+00","2024-09-09 16:10:32.401922+00"
"337","FELIPE CARRILLO","T2491","Av. Revolución 102, Felipe Carrillo Puerto, 76138 Santiago de Querétaro, Qro.","https://maps.app.goo.gl/3zESce4QcgKMkE2z6","2024-09-09","2024-09-09 16:17:27.630034+00","2024-09-09 16:17:27.627224+00"
"338","HERCULES","T3244","Av. Hércules Ote. 202A, Hercules, 76069 Santiago de Querétaro, Qro.","https://maps.app.goo.gl/2CKWkfVv6HNTQZUu7","2024-09-09","2024-09-09 22:16:26.447613+00","2024-09-09 22:16:26.445189+00"
"339","MANSIONES","T2902","C. Hacienda Montenegro 21-1, Mansiones del Valle, 76185 Santiago de Querétaro, Qro.","https://maps.app.goo.gl/2BMj7tKfZiRC7dwS8","2024-09-09","2024-09-09 22:20:21.315228+00","2024-09-09 22:20:21.312666+00"
"368","San idelfonso","2150","QRO 330, 76887 San Ildefonso Tultepec, Qro.","https://maps.app.goo.gl/1qhHxGGABvFZFkrR8","2024-09-10","2024-09-11 05:53:05.909617+00","2024-09-11 05:53:05.905217+00"
"401","FELIPE ANGELES","1927","C. Felipe Ángeles 30, España, 76158 Santiago de Querétaro, Qro.","https://maps.app.goo.gl/KtzPykfK2RifVewM8","2024-09-11","2024-09-12 05:55:53.083554+00","2024-09-12 05:55:53.077899+00"
"434","MERCADO DE ABASTOS","2067","Pl. Zimapán, Plazas del Sol 3ra Secc, 76099 Santiago de Querétaro, Qro.","https://maps.app.goo.gl/jzgTv3XyR8bqM9nE7","2024-09-12","2024-09-13 05:27:00.758713+00","2024-09-13 05:27:00.751064+00"
"435","MERCADO DE ABASTOS","2067","Pl. Zimapán, Plazas del Sol 3ra Secc, 76099 Santiago de Querétaro, Qro.","https://maps.app.goo.gl/jzgTv3XyR8bqM9nE7","2024-09-12","2024-09-13 05:29:14.097762+00","2024-09-13 05:29:14.094207+00"
"467","MERCA  JUAREZ","2058","Betania, 76807 San Juan del Río, Qro.","https://maps.app.goo.gl/YhiGkzhnr73kMo2V6","2024-09-13","2024-09-13 10:36:47.014832+00","2024-09-13 10:36:47.008487+00"
"500","PUEBLITO 2","2682","Josefa Ortiz de Domínguez 100, El Pueblito, 76900 El Pueblito, Qro.","https://maps.app.goo.gl/oSsiCTfJFy1Bu5mh9","2024-09-14","2024-09-14 08:57:42.043956+00","2024-09-14 08:57:42.039694+00"
"533","LAZARO CARDENAS","3123","Prol. Calle 27 186, Bosques del Cimatario, 76085 Santiago de Querétaro, Qro.","https://maps.app.goo.gl/Ycyep9zBRwBpPz8PA","2024-09-14","2024-09-14 13:17:44.525195+00","2024-09-14 13:17:44.519327+00"
"566","BALVANERA 2","T2562","Av. Paseo de Balvanera 2231a, Fuentes De Balvanera, 38186 Fuentes de Balvanera, Gto.","https://goo.gl/maps/37REBtoXLmd4kMfA8","2024-09-16","2024-09-17 04:49:05.264299+00","2024-09-17 04:49:05.259535+00"
"599","LOS OLVERA","2903","Calle Naranjo, LOS OLVERA","https://maps.app.goo.gl/7nxWZYKrHyCmXbT76","2024-09-17","2024-09-17 09:28:57.668779+00","2024-09-17 09:28:57.663533+00"
"600","SAN JOSE EL ALTO 3","2683","Carr. Querétaro - Chichimequillas 764-710, San Jose el Alto, 76238 San José el Alto, Qro.","https://maps.app.goo.gl/RUAna4qxSVVymzyBA","2024-09-17","2024-09-17 09:37:33.725367+00","2024-09-17 09:37:33.722459+00"
"601","BALVANERA","965","Lt 17 Mz 2 cda Artiagas Av. Antonio Plaza. Fracc. Fuentes de Balvanera, Supermanzana Mpo, Gdre, Gto.","https://maps.app.goo.gl/HEEZBdm7vnsydxYz9","2024-09-17","2024-09-17 09:48:31.42941+00","2024-09-17 09:48:31.426417+00"
"602","TARAHUMARAS","2289","C. Tarahumaras 607, Cerrito Colorado, 76116 Santiago de Querétaro, Qro.","https://maps.app.goo.gl/585fs1yJF9qkoTxu6","2024-09-17","2024-09-17 10:12:46.203076+00","2024-09-17 10:12:46.187461+00"
"632","SOMBRERETE","T2904","76148 Santiago de Querétaro, Qro.","https://maps.app.goo.gl/fWuqf3VuhnkUQ3zC8","2024-09-19","2024-09-19 16:26:39.607066+00","2024-09-19 16:26:39.602105+00"
"665","el salitre","2312","Vasco de Quiroga 2074, 76127 El Salitre, Qro.","https://maps.app.goo.gl/p71pBAnmKhEst2dm8","2024-09-21","2024-09-21 08:48:18.753548+00","2024-09-21 08:48:18.749+00"
"698","AMEALCO 2","T3210",NULL,"https://maps.app.goo.gl/x8jq44Yguc6a8iHm6","2024-09-30","2024-09-30 17:34:10.621088+00","2024-09-30 17:34:10.616492+00"
"699","MERCA ABASTOS","T2057",NULL,NULL,"2024-09-30","2024-09-30 18:01:04.916553+00","2024-09-30 18:01:04.907003+00"
"731","SANTA MARIA","T3246","HHX3+43M Santa María Magdalena, Querétaro","https://maps.app.goo.gl/LuyTMrvSvJyW9Mf59","2024-10-09","2024-10-09 23:27:09.630474+00","2024-10-09 23:27:09.625689+00"
"764","VALLE VERDE (IRAP)","T1566","CLAVEL NO 4018 FRACC VALLE VERDE IRAPUATO GTO. 36555","https://maps.app.goo.gl/TaD7vqRpKREM3KMBA","2024-10-11","2024-10-11 16:16:05.442733+00","2024-10-11 16:16:05.43748+00"
"797","IRAPUATO SAN JUAN","T1331","SAN JUAN DE RETANA NO. 1523 IRAPUATO GTO 36568","https://maps.app.goo.gl/RTZLdVzVBU2Sa4D49","2024-10-14","2024-10-14 22:42:11.344383+00","2024-10-14 22:42:11.336055+00"
"830","SOLIDARIDAD (IRAP)","T1247","AV. GUANAJUATO 1369 LOS ANGELES IRAPUATO GUANAJUATO 36590","https://maps.app.goo.gl/cm7hs9PuQGHoi4MK8","2024-10-18","2024-10-18 17:27:47.685839+00","2024-10-18 17:27:47.67673+00"
"863","INDEPENDENCIA (IRAP)","T1307","Av Independencia 1404, Alvaro Obregon, 36550 Irapuato, Gto.","https://maps.app.goo.gl/FQ96MhFovhzXb2tk8","2024-10-21","2024-10-21 17:50:05.026301+00","2024-10-21 17:50:04.994588+00"
"896","DOLORES HIDALGO","T2215","Rivera del Río, Centro, 37800 Dolores Hidalgo Cuna de la Independencia Nacional, Gto.","https://maps.app.goo.gl/UE7bJktjf6iVQrMz5","2024-11-06","2024-11-07 01:51:48.88262+00","2024-11-07 01:51:48.876486+00"
"929","DOLORES HGO 2","2225","Rivera del Río, Centro, 37800 Dolores Hidalgo Cuna de la Independencia Nacional, Gto.","https://maps.app.goo.gl/iPfCYGKhJebiFVVj7","2024-11-07","2024-11-07 07:23:52.694755+00","2024-11-07 07:23:52.688158+00"
"930","DOLORES HGO NORGTE","1292","Avenida Nte. 55 B, Dolores, 37800 Dolores Hidalgo Cuna de la Independencia Nacional, Gto.","https://maps.app.goo.gl/aPsxGMxuhh3CF3LA8","2024-11-07","2024-11-07 07:25:01.952393+00","2024-11-07 07:25:01.941902+00"
"931","DOLORES HGO SUR","2840","Av. Sur 75a, Centro, 37800 Dolores Hidalgo Cuna de la Independencia Nacional, Gto.","https://maps.app.goo.gl/mG4HdHrnCWrQQVJMA","2024-11-07","2024-11-07 07:25:45.415777+00","2024-11-07 07:25:45.413237+00"
"932","SAN MIGUEL DE ALLENDE 2","1226","W732+JCX San Miguel de Allende, Guanajuato","https://maps.app.goo.gl/S1KwH2xs4Wzh7Q1K9","2024-11-07","2024-11-07 08:06:38.360212+00","2024-11-07 08:06:38.352597+00"
"933","SAN MIGUEL DE ALLENDE","795","W67X+QM6 San Miguel de Allende, Guanajuato","https://maps.app.goo.gl/ax82FSe1q8cwMymJ6","2024-11-07","2024-11-29 18:47:04.927561+00","2024-11-07 08:08:50.300939+00"
"962","IRAPUATO GUERRERO","1217","Av. Guerrero 539, Col. Centro, 36500 Irapuato, Gto.","https://maps.app.goo.gl/fTSEn9fpEjRBc3896","2024-11-07","2024-11-08 05:06:05.087345+00","2024-11-08 05:06:05.080176+00"
"963","IRAPUATO GUERRERO","1217","Av. Guerrero 539, Col. Centro, 36500 Irapuato, Gto.","https://maps.app.goo.gl/fTSEn9fpEjRBc3896","2024-11-07","2024-11-08 05:15:40.162402+00","2024-11-08 05:15:40.159216+00"
"995","san jose iturbideb2","1705","Calle Ignacio Allende 48A, Zona Centro, 37980 San José Iturbide, Gto.","https://maps.app.goo.gl/u9CRUBPHP7DsYj4w7","2024-11-12","2024-11-12 08:40:10.713173+00","2024-11-12 08:40:10.704972+00"
"1028","IRAPUATO OBREGON","T3064","Av. Manuel Doblado 123-33, Col. Centro, 36588 Irapuato, Gto.","https://maps.app.goo.gl/MvnG3nbr18A2mhkb8","2024-11-13","2024-11-13 19:33:29.355258+00","2024-11-13 19:33:29.288112+00"
"1029","IRAPUATO MERCADO GUADALUPE","T3458","Bustamante 273, Alvaro Obregon, 36530 Irapuato, Gto.","https://maps.app.goo.gl/B5m8sCXJ2m8J9ELM7","2024-11-13","2024-11-13 19:36:05.80556+00","2024-11-13 19:36:05.802601+00"
"1030","IRAPUATO MERCADO GUADALUPE","T3158","Bustamante 273, Alvaro Obregon, 36530 Irapuato, Gto.","https://maps.app.goo.gl/B5m8sCXJ2m8J9ELM7","2024-11-13","2024-11-13 19:38:23.183181+00","2024-11-13 19:38:23.177726+00"
"1031","GTO LA VICTORIA","T1361","Tiendas 3B, C. Libertad 24, 37920 Victoria, Gto.","https://maps.app.goo.gl/q5vGfSRrXDRCNk5W6","2024-11-13","2024-11-13 20:25:30.598152+00","2024-11-13 20:25:30.594917+00"
"1061","SOSTENES ROCHA","T1160","Sostenes Rocha 653, Barrio de Sta Anita, 36560 Irapuato, Gto.","https://maps.app.goo.gl/7yGi3VGJewcdiG7m6","2024-11-14","2024-11-14 20:02:52.727327+00","2024-11-14 20:02:52.719794+00"
"1094","824FNQIxtlan","824","C. Hidalgo 230, Centro, 63940 Ixtlán del Río, Nay.",NULL,"2024-11-19","2024-11-19 21:37:09.893598+00","2024-11-19 21:37:09.59743+00"
"1095","1519GTOLoma Dorada","1519","La Marquesa 202-2, 37359 León de los Aldama, Gto.",NULL,"2024-11-19","2024-11-19 21:37:10.368992+00","2024-11-19 21:37:10.083494+00"
"1096","1612GTOLomas de Medina","1612","Fresno de Medina #421, Lomas de Medina, Medina, 10000 León de los Aldama, Gto.",NULL,"2024-11-19","2024-11-19 21:37:10.848707+00","2024-11-19 21:37:10.55669+00"
"1097","1614GTOMercado Allende","1614","Av 27 de Septiembre 603, Obregon, 37000 León de los Aldama, Gto.",NULL,"2024-11-19","2024-11-19 21:37:11.325389+00","2024-11-19 21:37:11.035666+00"
"1098","1615GTODelta","1615","Blvd. Delta 1202, Jardin Delta, 37320 León de los Aldama, Gto.",NULL,"2024-11-19","2024-11-19 21:37:11.797477+00","2024-11-19 21:37:11.512909+00"
"1099","1700GTOMercado Carro Verde","1700","Nueva 216, San Juan de Dios, 37730 León de los Aldama, Gto.",NULL,"2024-11-19","2024-11-19 21:37:12.284778+00","2024-11-19 21:37:11.987192+00"
"1100","1701GTOMercado San Miguel","1701","C. Independencia 1325-1379, San Miguel, 37390 León de los Aldama, Gto.",NULL,"2024-11-19","2024-11-19 21:37:12.75925+00","2024-11-19 21:37:12.483547+00"
"1101","1702GTOMercado Las Americas","1702","Los Angeles 479, Las Americas, 37390 León de los Aldama, Gto.",NULL,"2024-11-19","2024-11-19 21:37:13.229911+00","2024-11-19 21:37:12.949606+00"
"1102","1740GTOVista Esmeralda","1740","Malaquita 2501, 37357 León de los Aldama, Gto.",NULL,"2024-11-19","2024-11-19 21:37:13.693656+00","2024-11-19 21:37:13.418588+00"
"1103","1793GTOLos Otates","1793","Blvd. Villas de San Juan 1702, Hacienda Los Otates, 37295 León de los Aldama, Gto.",NULL,"2024-11-19","2024-11-19 21:37:14.179842+00","2024-11-19 21:37:13.891769+00"
"1104","1812GTOValle de San Bernardo","1812","C. Valle del Temporal 126, Valle de San Bernardo, 37210 León de los Aldama, Gto.",NULL,"2024-11-19","2024-11-19 21:37:14.648487+00","2024-11-19 21:37:14.367123+00"
"1105","1814GTOSiglo XXI","1814","Blvrd Galena, Villas de La Luz, 37295 León de los Aldama, Gto.",NULL,"2024-11-19","2024-11-19 21:37:15.130686+00","2024-11-19 21:37:14.842676+00"
"1106","1862GTOValtierra","1862","Blvrd Vicente Valtierra 2803, San Manuel, 37259 León de los Aldama, Gto.",NULL,"2024-11-19","2024-11-19 21:37:15.61459+00","2024-11-19 21:37:15.320832+00"
"1107","1898GTO21 de Marzo","1898","Av. 21 de Marzo 502B, Jol, 37353 León de los Aldama, Gto.",NULL,"2024-11-19","2024-11-19 21:37:16.086406+00","2024-11-19 21:37:15.79945+00"
"1108","1899GTOArboledas de Señora","1899","Blvd. Antonio Madrazo 6208, Arboledas de Señora, 37205 León de los Aldama, Gto.",NULL,"2024-11-19","2024-11-19 21:37:16.56252+00","2024-11-19 21:37:16.278618+00"
"1109","1934GTOMercado Espiritu Santo","1934","San Juan de Los Lagos 1204, Industrial, 37340 León de los Aldama, Gto.",NULL,"2024-11-19","2024-11-19 21:37:17.04572+00","2024-11-19 21:37:16.754752+00"
"1110","1935GTOLa Pisicna","1935","Blvd. Obrero Mundial 515b, La Piscina CTM, 37444 León de los Aldama, Gto.",NULL,"2024-11-19","2024-11-19 21:37:17.51691+00","2024-11-19 21:37:17.233499+00"
"1111","1971GTOLos Murales","1971","Blvd. Antonio Madrazo 6702, Los Murales, 37219 León de los Aldama, Gto.",NULL,"2024-11-19","2024-11-19 21:37:17.990666+00","2024-11-19 21:37:17.702886+00"
"1112","2016GTOLa Escondida","2016","Sudán 507, La Escondida, 37470 León de los Aldama, Gto.",NULL,"2024-11-19","2024-11-19 21:37:18.464436+00","2024-11-19 21:37:18.181061+00"
"1113","2017GTOLas Torres","2017","Torre Pipila, Paseos de las Torres, 37669 Guanajuato, Gto.",NULL,"2024-11-19","2024-11-19 21:37:18.931585+00","2024-11-19 21:37:18.648816+00"
"1114","2059GTOJerez","2059","P.º de Jerez Nte. 809, Granjas Ceres, 37289 León de los Aldama, Gto.",NULL,"2024-11-19","2024-11-19 21:37:19.402981+00","2024-11-19 21:37:19.120898+00"
"1115","2060GTOVista Hermosa","2060","Tarragona 402, Lomas Vista Hermosa Sur, 37000 León de los Aldama, Gto.",NULL,"2024-11-19","2024-11-19 21:37:19.870598+00","2024-11-19 21:37:19.589005+00"
"1116","2061GTOLa Soledad","2061","Casi Calle Antes Olimpo-Acceso A La Feria, La Soledad, 37357 León de los Aldama, Gto.",NULL,"2024-11-19","2024-11-19 21:37:20.341885+00","2024-11-19 21:37:20.056867+00"
"1117","2062GTOLuciernagas","2062","Balcón de Las Luciérnagas 303, Balcones de la Joya, 37355 León de los Aldama, Gto.",NULL,"2024-11-19","2024-11-19 21:37:20.83131+00","2024-11-19 21:37:20.543073+00"
"1118","2063GTOLa Selva","2063","Presa del Tigre 526, Predio de Ibarrilla, 37207 León de los Aldama, Gto.",NULL,"2024-11-19","2024-11-19 21:37:21.313746+00","2024-11-19 21:37:21.027229+00"
"1119","2064JALSan Miguel","2064","C. Macías 68, Centro, 47140 San Miguel el Alto, Jal.",NULL,"2024-11-19","2024-11-19 21:37:21.790538+00","2024-11-19 21:37:21.506817+00"
"1120","2065SLPAbastos","2065","Av. Ricardo Basilio Anaya 2636, Galvez, 78390 San Luis Potosí, S.L.P.",NULL,"2024-11-19","2024-11-19 21:37:22.282881+00","2024-11-19 21:37:21.989477+00"
"1121","2091SLPCanalon","2091","Av. Canalón, Gral I. Martinez, 78360 San Luis Potosí, S.L.P.",NULL,"2024-11-19","2024-11-19 21:37:22.761297+00","2024-11-19 21:37:22.475191+00"
"1122","2092AGSPaseodelaCruz","2092","Av. Paseo de la Cruz 1104A, Barrio de la Salud, 20248 Aguascalientes, Ags.",NULL,"2024-11-19","2024-11-19 21:37:23.257058+00","2024-11-19 21:37:22.953164+00"
"1123","2093AGSVillas","2093","Refugio Cardona, Villas de Ntra. Sra. de la Asunción, 20126 Aguascalientes, Ags.",NULL,"2024-11-19","2024-11-19 21:37:23.745301+00","2024-11-19 21:37:23.452654+00"
"1124","2108AGSJoséMaríaChávez","2108","Av. José María Chávez 419, Obraje, 20000 Aguascalientes, Ags.",NULL,"2024-11-19","2024-11-19 21:37:24.215264+00","2024-11-19 21:37:23.934829+00"
"1125","2112SLPBenitoJuárez","2112","534G+QV7 Soledad de Graciano Sánchez, San Luis Potosí",NULL,"2024-11-19","2024-11-19 21:37:24.704661+00","2024-11-19 21:37:24.416861+00"
"1126","2113SLPBocanegra","2113","43XF+CXR Soledad de Graciano Sánchez, San Luis Potosí",NULL,"2024-11-19","2024-11-19 21:37:25.180395+00","2024-11-19 21:37:24.897191+00"
"1127","2116GTOSaturno","2116","Av Saturno 2003, Los Angeles, 37258 León de los Aldama, Gto.",NULL,"2024-11-19","2024-11-19 21:37:25.648939+00","2024-11-19 21:37:25.368789+00"
"1128","2133AGSVallarta","2133","Av. Vallarta 202, Vistas de Oriente, 20196 Aguascalientes, Ags.",NULL,"2024-11-19","2024-11-19 21:37:26.126869+00","2024-11-19 21:37:25.835792+00"
"1129","2134SLPConstitución","2134","Av. Constitución 710A, Centro Historico, 78000 San Luis Potosí, S.L.P.",NULL,"2024-11-19","2024-11-19 21:37:26.60434+00","2024-11-19 21:37:26.324941+00"
"1130","2135SLPOntañon","2135","Coronel Ontañón 180, Barrio de San Sebastian, 78349 San Luis Potosí, S.L.P.",NULL,"2024-11-19","2024-11-19 21:37:27.122441+00","2024-11-19 21:37:26.808478+00"
"1131","2136SLPCoronelRomero","2136","Reforma 1950, Alamitos, 78000 San Luis Potosí, S.L.P.",NULL,"2024-11-19","2024-11-19 21:37:27.611961+00","2024-11-19 21:37:27.326854+00"
"1132","2149SLPStaMaríadelRío","2149","Vicente B. Guerrero Saldaña 138, Centro, 79560 Santa María del Río, S.L.P.",NULL,"2024-11-19","2024-11-19 21:37:28.105027+00","2024-11-19 21:37:27.808556+00"
"1133","2152GTOSan Juan Bosco","2152","Burgos 708, Vista Hermosa, 37330 León de los Aldama, Gto.",NULL,"2024-11-19","2024-11-19 21:37:28.580566+00","2024-11-19 21:37:28.299162+00"
"1134","2160SLPJassos","2160","Av. Jassos S/NSan Nicolas de Jassos 78420Pozos/San Luis Potosi",NULL,"2024-11-19","2024-11-19 21:37:29.056876+00","2024-11-19 21:37:28.775671+00"
"1135","2161SLPCaminoReal","2161","Cam. Real a Saltillo 631, Tercera Chica 2, 78107 San Luis Potosí, S.L.P.",NULL,"2024-11-19","2024-11-19 21:37:29.551471+00","2024-11-19 21:37:29.262485+00"
"1136","2175GTOObservatorio","2175","Calle Blvd. Observatorio, La Joya, 37353 León de los Aldama, Gto.",NULL,"2024-11-19","2024-11-19 21:37:30.021891+00","2024-11-19 21:37:29.738557+00"
"1137","2186GTOSanfranciscodel rio","2186","María de La Luz Bravo 610A, Jardines de San Francisco, 36352 San Francisco del Rincón, Gto.",NULL,"2024-11-19","2024-11-19 21:37:30.510366+00","2024-11-19 21:37:30.217117+00"
"1138","2203AGSSanPedro","2203","Mayor Pablo García 228-b, San Pedro, 20284 Aguascalientes, Ags.",NULL,"2024-11-19","2024-11-19 21:37:30.995343+00","2024-11-19 21:37:30.714603+00"
"1139","2204AGSJesusMaria","2204","Agustín de Iturbide 214, Zona Centro, 20920 Jesús María, Ags.",NULL,"2024-11-19","2024-11-19 21:37:31.524751+00","2024-11-19 21:37:31.234805+00"
"1140","2205AGSPoliducto","2205","Av. Poliducto 222, Lomas del Chapulín, 20263 Aguascalientes, Ags.",NULL,"2024-11-19","2024-11-19 21:37:32.010565+00","2024-11-19 21:37:31.719932+00"
"1141","2206AGSCumbres","2206","Av. Siglo XXI 1403, Nazario Ortiz Garza, 20175 Aguascalientes, Ags.",NULL,"2024-11-19","2024-11-19 21:37:32.483783+00","2024-11-19 21:37:32.199114+00"
"1142","2217JALOJUELOS","2217","Calle Miguel Hidalgo 36, Centro, 47540 Ojuelos de Jalisco, Jal.",NULL,"2024-11-19","2024-11-19 21:37:32.964421+00","2024-11-19 21:37:32.68366+00"
"1143","2237AGSSigloXXI","2237","Av. Siglo XXI 3109, Villas del Pilar, 20286 Aguascalientes, Ags.",NULL,"2024-11-19","2024-11-19 21:37:33.441881+00","2024-11-19 21:37:33.152979+00"
"1144","2238AGSNazca","2238","Av. Cultura Nazca, Mirador de las Culturas II, 20174 Aguascalientes, Ags.",NULL,"2024-11-19","2024-11-19 21:37:33.921842+00","2024-11-19 21:37:33.638113+00"
"1145","2258GTOSan Jose de Oca","2258","Blvd. Timoteo Lozano Ote. 5958, Refugio de San Jose, 37548 León de los Aldama, Gto.",NULL,"2024-11-19","2024-11-19 21:37:34.395358+00","2024-11-19 21:37:34.106722+00"
"1146","2259GTOMercado Guadalupe","2259","36WX+5WC León de los Aldama, Guanajuato",NULL,"2024-11-19","2024-11-19 21:37:34.873688+00","2024-11-19 21:37:34.593277+00"
"1147","2260SLPElSalvador","2260","Av Simon Díaz & República de El Salvador, Satelite Francisco I. Madero, 78380 San Luis Potosí, S.L.P.",NULL,"2024-11-19","2024-11-19 21:37:35.366575+00","2024-11-19 21:37:35.081627+00"
"1148","2261SLPMontecillos","2261","Azteca Sur 301, Azteca Nte., 78310 San Luis Potosí, S.L.P.",NULL,"2024-11-19","2024-11-19 21:37:35.856642+00","2024-11-19 21:37:35.567747+00"
"1149","2278SLPMexquitic","2278","Mexquitic 171, El Rosedal, 78120 San Luis Potosí, S.L.P.",NULL,"2024-11-19","2024-11-19 21:37:36.341014+00","2024-11-19 21:37:36.049897+00"
"1150","2287GTOSan Pedro de los Hdz","2287","C. Ancha San Pedro 719, San Pedro de los Hernandez, 37280 León de los Aldama, Gto.",NULL,"2024-11-19","2024-11-19 21:37:36.817778+00","2024-11-19 21:37:36.532495+00"
"1151","2317SLPValentinAmador","2317","Valentín Amador. 446 Soledad de Graciano Sánchez, 78435 San Luis Potosí, S.L.P.",NULL,"2024-11-19","2024-11-19 21:37:37.303811+00","2024-11-19 21:37:37.013996+00"
"1152","2319SLPAlamos","2319","Calle 20 de Noviembre 2206, Los Alamos, 78143 San Luis Potosí, S.L.P.",NULL,"2024-11-19","2024-11-19 21:37:37.781366+00","2024-11-19 21:37:37.4911+00"
"1153","2320SLPMagueyes","2320","Josefa Ortiz de Domínguez 2205, Los Magueyes, 78100 San Luis Potosí, S.L.P.",NULL,"2024-11-19","2024-11-19 21:37:38.255862+00","2024-11-19 21:37:37.970993+00"
"1154","2321SLPVascodeQuiroga","2321","Av. Vasco de Quiroga 753, Industrial Aviacion 1ra Secc, 78140 San Luis Potosí, S.L.P.",NULL,"2024-11-19","2024-11-19 21:37:38.733529+00","2024-11-19 21:37:38.450552+00"
"1155","2322SLPBasilioAnaya","2322","Av. Ricardo Basilio Anaya, Libertad de Mexico, 78394 San Luis Potosí, S.L.P.",NULL,"2024-11-19","2024-11-19 21:37:39.213564+00","2024-11-19 21:37:38.920559+00"
"1156","2323SLPRioEspañita","2323","Pamplona, Españita, 78378 San Luis Potosí, S.L.P.",NULL,"2024-11-19","2024-11-19 21:37:39.710599+00","2024-11-19 21:37:39.413389+00"
"1157","2324SLPSanpedromoreno","2324","Pedro Moreno 720, Barrio de Santiago, 78049 San Luis Potosí, S.L.P.",NULL,"2024-11-19","2024-11-19 21:37:40.185174+00","2024-11-19 21:37:39.901286+00"
"1158","2333SLPLaSierra","2333","43WQ+WX Soledad de Graciano Sánchez, San Luis Potosí",NULL,"2024-11-19","2024-11-19 21:37:40.66648+00","2024-11-19 21:37:40.37442+00"
"1159","2335AGSLaFlorida","2335","Blvd. Guadalupano 3202, 20172 Aguascalientes, Ags.",NULL,"2024-11-19","2024-11-19 21:37:41.147814+00","2024-11-19 21:37:40.859831+00"
"1160","2336AGSSanFrancisco","2336","Av Revolución LB, San José de Buenavista, 20303 San Francisco de los Romo, Ags.",NULL,"2024-11-19","2024-11-19 21:37:41.623912+00","2024-11-19 21:37:41.34113+00"
"1161","2337AGSVillamontana","2337","Av. Constitucionalistas, Pozo Bravo, 20126 Aguascalientes, Ags.",NULL,"2024-11-19","2024-11-19 21:37:42.101704+00","2024-11-19 21:37:41.811443+00"
"1162","2367GTOBrisas del Campestre","2367","León de los Aldama, Gto.",NULL,"2024-11-19","2024-11-19 21:37:42.597789+00","2024-11-19 21:37:42.288749+00"
"1163","2369AGSCosio","2369","Francisco I. Madero, Centro, 20460 Cosío, Ags.",NULL,"2024-11-19","2024-11-19 21:37:43.078484+00","2024-11-19 21:37:42.788203+00"
"1164","2371SLPLibertad","2371","Av Libertad # 703-DEl Morro78434Soledad de Graciano Sanchez",NULL,"2024-11-19","2024-11-19 21:37:43.565537+00","2024-11-19 21:37:43.281615+00"
"1165","2401GTOOcampo","2401","Juárez 108A, Centro, 37630 Ocampo, Gto.",NULL,"2024-11-19","2024-11-19 21:37:44.047759+00","2024-11-19 21:37:43.756915+00"
"1166","2424AGSPabellon2","2424","C. Revolución 11, 5 de Mayo, 20676 Pabellón de Arteaga, Ags.",NULL,"2024-11-19","2024-11-19 21:37:44.52509+00","2024-11-19 21:37:44.241923+00"
"1167","2425AGSGremial","2425","Dr. Isidro Calera 521, Gremial, 20030 Aguascalientes, Ags.",NULL,"2024-11-19","2024-11-19 21:37:45.002151+00","2024-11-19 21:37:44.716705+00"
"1168","2440AGSJesusMaria2","2440","Agustín de Iturbide 214, Zona Centro, 20920 Jesús María, Ags.",NULL,"2024-11-19","2024-11-19 21:37:45.480424+00","2024-11-19 21:37:45.200206+00"
"1169","2441AGSPabellon","2441","C. Revolución 11, 5 de Mayo, 20676 Pabellón de Arteaga, Ags.",NULL,"2024-11-19","2024-11-19 21:37:45.960578+00","2024-11-19 21:37:45.67268+00"
"1170","2465AGSRincondeRomos","2465","Dr. Alberto Sabin 199, Centro Histórico, 20400 Rincón de Romos, Ags.",NULL,"2024-11-19","2024-11-19 21:37:46.465196+00","2024-11-19 21:37:46.154996+00"
"1171","2276SLPPolvorin","2476","Articulo 123 700, Fidel Velazquez, 78436 Soledad de Graciano Sánchez, S.L.P.",NULL,"2024-11-19","2024-11-19 21:37:46.93882+00","2024-11-19 21:37:46.655857+00"
"1172","2516SLP 16 de Septiembre","2516","527C+PQ2 San Luis Potosí",NULL,"2024-11-19","2024-11-19 21:37:47.423325+00","2024-11-19 21:37:47.14273+00"
"1173","2518AGSCalvillo","2518","C. Independencia 660, Los Ángeles, 20805 Calvillo, Ags.",NULL,"2024-11-19","2024-11-19 21:37:47.891611+00","2024-11-19 21:37:47.613657+00"
"1174","2520AGSAdoratrises","2520","Prol Adoratrices 658, Desarrollo Especial Rancho Pozo Bravo, 20126 Aguascalientes, Ags.",NULL,"2024-11-19","2024-11-19 21:37:48.36906+00","2024-11-19 21:37:48.082085+00"
"1175","2521AGSAlmira","2521","Av José E. Femat Gutiérrez 710, Villas de Ntra. Sra. de la Asunción, 20126 Aguascalientes, Ags.",NULL,"2024-11-19","2024-11-19 21:37:48.842677+00","2024-11-19 21:37:48.559576+00"
"1176","2537AGSValenteQuintana","2537","Av Mahatma Gandhi 204A, Desarrollo Especial Villa Asunción, 20280 Aguascalientes, Ags.",NULL,"2024-11-19","2024-11-19 21:37:49.313063+00","2024-11-19 21:37:49.029641+00"
"1177","2544GTOAquilesS","2544","Purisima Concepción, 36361 San Francisco del Rincón, Gto.",NULL,"2024-11-19","2024-11-19 21:37:49.786725+00","2024-11-19 21:37:49.49753+00"
"1178","2557JALSanJuan","2557","B. Rojas Vázquez 100, El Paso Pedregoso, 47093 San Juan de los Lagos, Jal.",NULL,"2024-11-19","2024-11-19 21:37:50.259532+00","2024-11-19 21:37:49.974966+00"
"1179","2572AGSPurisima","2572","Av. Adolfo López Mateos Ote. Supermanzana oye #712 locales 7 y 8, Barrio de la Purísima, 20259 Aguascalientes, Ags.",NULL,"2024-11-19","2024-11-19 21:37:50.735133+00","2024-11-19 21:37:50.452696+00"
"1180","2573AGSPaseos","2573","Av Independencia 219, 20907 Paseos de Aguascalientes, Ags.",NULL,"2024-11-19","2024-11-19 21:37:51.225784+00","2024-11-19 21:37:50.925154+00"
"1181","2567SLP Plaza San Pedro","2587","Soledad de Graciano Sánchez, San Luis Potosí",NULL,"2024-11-19","2024-11-19 21:37:51.715357+00","2024-11-19 21:37:51.426486+00"
"1182","2596SLPMoctezuma","2596","C. Colón 82F, 78900 Moctezuma, S.L.P.",NULL,"2024-11-19","2024-11-19 21:37:52.19368+00","2024-11-19 21:37:51.903583+00"
"1183","2597SLPVilladeArista","2597","Centro, 78940 Villa de Arista, S.L.P.",NULL,"2024-11-19","2024-11-19 21:37:52.662427+00","2024-11-19 21:37:52.384956+00"
"1184","2615JALLagmorEltesoro","2615","C. Alfredo Padilla s/n, Vista Hermosa, 47443 Lagos de Moreno, Jal.",NULL,"2024-11-19","2024-11-19 21:37:53.16557+00","2024-11-19 21:37:52.860965+00"
"1185","2618SLPCDFernandez","2618","Calle Centenario Nte. 152, El refugio, 79664 Cdad. Fernández, S.L.P.",NULL,"2024-11-19","2024-11-19 21:37:53.65905+00","2024-11-19 21:37:53.367043+00"
"1186","2626AGSAltavista","2626","Felipe Ruiz de Chávez 110, Altavista, 20040 Aguascalientes, Ags.",NULL,"2024-11-19","2024-11-19 21:37:54.14073+00","2024-11-19 21:37:53.849669+00"
"1187","2627AGSCactus","2627","Recinto Duraznillo 103 28, Valle de los Cactus, 20196 Aguascalientes, Ags.",NULL,"2024-11-19","2024-11-19 21:37:54.643234+00","2024-11-19 21:37:54.340412+00"
"1188","2628AGSCobano","2628","Cam. Al Cóbano LB, Macias Arellano, 20150 Aguascalientes, Ags.",NULL,"2024-11-19","2024-11-19 21:37:55.118946+00","2024-11-19 21:37:54.833873+00"
"1189","2643SLPAbastosGalvez","2643","Av. José de Gálvez 895, Ricardo B. Anaya 1ra Secc, 78396 San Luis Potosí, S.L.P.",NULL,"2024-11-19","2024-11-19 21:37:55.586618+00","2024-11-19 21:37:55.303862+00"
"1190","2644SLPRada","2644","José Hernandez Guerra 400, 78421 San Luis Potosí, S.L.P.",NULL,"2024-11-19","2024-11-19 21:37:56.066907+00","2024-11-19 21:37:55.773037+00"
"1191","2649JALCuquio","2649","C. Álvaro Obregón 954, 45480 Cuquío, Jal.",NULL,"2024-11-19","2024-11-19 21:37:56.532625+00","2024-11-19 21:37:56.255935+00"
"1192","2666AGS5Mayo","2666","5 de Mayo 619, Zona Centro, 20000 Aguascalientes, Ags.",NULL,"2024-11-19","2024-11-19 21:37:57.00482+00","2024-11-19 21:37:56.725071+00"
"1193","2700SLPLaguna dechapala","2700","Laguna de Chapala #725 San Luis Rey 78350 San Luis Potosi",NULL,"2024-11-19","2024-11-19 21:37:57.497953+00","2024-11-19 21:37:57.201548+00"
"1194","2701SLPEl Toro","2701","Av. San Jerónimo 1887, El Toro, La Magdalena Contreras, 10610 Ciudad de México, CDMX",NULL,"2024-11-19","2024-11-19 21:37:57.992987+00","2024-11-19 21:37:57.702047+00"
"1195","2703SLP Refugio2","2703","WXH3+432 Cdad. Fernández, San Luis Potosí",NULL,"2024-11-19","2024-11-19 21:37:58.495697+00","2024-11-19 21:37:58.201872+00"
"1196","2704SLPPapagayos","2704","C. Papagayo 709, Arboledas de Jacarandas, 78136 San Luis Potosí, S.L.P.",NULL,"2024-11-19","2024-11-19 21:37:59.001327+00","2024-11-19 21:37:58.693855+00"
"1197","2727SLPSantaBarbara","2727","Av. Malibu #586 Pozos Residencial 78397 San Luis Potosi",NULL,"2024-11-19","2024-11-19 21:37:59.515356+00","2024-11-19 21:37:59.232888+00"
"1198","2728SLP Villa Magna","2728","Av. Villa Magna Nte., Villa Magna, 78183 San Luis Potosí, S.L.P.",NULL,"2024-11-19","2024-11-19 21:38:00.011376+00","2024-11-19 21:37:59.715343+00"
"1199","2729AGSLomasdeJesusMar","2729","Boulevard pocitos jesus maria ags.",NULL,"2024-11-19","2024-11-19 21:38:00.493665+00","2024-11-19 21:38:00.214425+00"
"1200","2730AGSClinica1","2730","Diego de Ibarra 324, Lindavista, 20270 Aguascalientes, Ags.",NULL,"2024-11-19","2024-11-19 21:38:00.980856+00","2024-11-19 21:38:00.681556+00"
"1201","2748SLPGama","2748","Calle Dr. Ignacio Gama Salcedo 1020, Zona Centro, 79610 Rioverde, S.L.P.",NULL,"2024-11-19","2024-11-19 21:38:01.493596+00","2024-11-19 21:38:01.188554+00"
"1202","2767ZACPinos","2767","Emilio Carranza, 98920 Pinos, Zac.",NULL,"2024-11-19","2024-11-19 21:38:01.987613+00","2024-11-19 21:38:01.689903+00"
"1203","2768SLPGama","2768","Calle Dr. Ignacio Gama Salcedo 15, Zona Centro, 79610 Rioverde, S.L.P.",NULL,"2024-11-19","2024-11-19 21:38:02.476676+00","2024-11-19 21:38:02.186779+00"
"1204","2800AGSRioja","2800","Av Abelardo Lopez Rodríguez 3314, 20326 San Ignacio II y III, Ags.",NULL,"2024-11-19","2024-11-19 21:38:02.955135+00","2024-11-19 21:38:02.674127+00"
"1205","2801AGSQuetzales","2801","AGS 65,los quetzalez 20350 Ags.",NULL,"2024-11-19","2024-11-19 21:38:03.437396+00","2024-11-19 21:38:03.159502+00"
"1206","2828AGSSantaElena","2828","Av. de los Maestros, La España, 20238 Aguascalientes, Ags.",NULL,"2024-11-19","2024-11-19 21:38:03.917969+00","2024-11-19 21:38:03.635529+00"
"1207","2829SLPPradosdeSanVicente","2829","Calle 99 108, Abastos 2da, 78394 San Luis Potosí, S.L.P.",NULL,"2024-11-19","2024-11-19 21:38:04.388225+00","2024-11-19 21:38:04.106594+00"
"1208","2842AGSSan Antonio","2842","Avenida Rancho San Antonio & Trento, 20298 Aguascalientes, Ags.",NULL,"2024-11-19","2024-11-19 21:38:04.859657+00","2024-11-19 21:38:04.575958+00"
"1209","2843AGSSolidaridad","2843","Cristóbal Colón 390-387, El Torito, 20928 Jesús María, Ags.",NULL,"2024-11-19","2024-11-19 21:38:05.335817+00","2024-11-19 21:38:05.054413+00"
"1210","2850JALOjuelos2","2850","López Rayon 903, Centro, 47540 Ojuelos de Jalisco, Jal.",NULL,"2024-11-19","2024-11-19 21:38:05.807108+00","2024-11-19 21:38:05.52281+00"
"1211","2852SLP Francisco I Madero","2852","C. Francisco I. Madero 102, 78920 Venado, S.L.P.",NULL,"2024-11-19","2024-11-19 21:38:06.275034+00","2024-11-19 21:38:05.993552+00"
"1212","2874AGSRincondeRomos2","2874","Aguascalientes 101-103, Miguel Hidalgo, 20417 Rincón de Romos, Ags.",NULL,"2024-11-19","2024-11-19 21:38:06.74827+00","2024-11-19 21:38:06.461549+00"
"1213","2875AGSValledeloscactus","2875","Calixto Serna Valdivia, Valle de los Cactus, 20196 Aguascalientes, Ags.",NULL,"2024-11-19","2024-11-19 21:38:07.22252+00","2024-11-19 21:38:06.941912+00"
"1214","2876SLPPedroMontoya","2876","Pedro Montoya 560, Barrio de Santiago, 78000 San Luis Potosí, S.L.P.",NULL,"2024-11-19","2024-11-19 21:38:07.702248+00","2024-11-19 21:38:07.417961+00"
"1215","2893SLPPuentedelCarmen","2893","224 Emiliano Zapata Ríoverde, San Luis Potosí",NULL,"2024-11-19","2024-11-19 21:38:08.184329+00","2024-11-19 21:38:07.886762+00"
"1216","AGSAbastos","2896","Av Mahatma Gandhi 800, San Francisco del Arenal, 20280 Aguascalientes, Ags.",NULL,"2024-11-19","2024-11-19 21:38:08.662548+00","2024-11-19 21:38:08.376781+00"
"1217","2900SLPAhualulco","2900","Av. Comité de los 13 #2 centro 78450 Ahualulco San Luis Potosi",NULL,"2024-11-19","2024-11-19 21:38:09.151883+00","2024-11-19 21:38:08.859834+00"
"1218","2919AGSPanadera","2919","Blvd. Rodolfo Landeros Gallegos 809, La Españita, 20830 Ojocaliente, Ags.",NULL,"2024-11-19","2024-11-19 21:38:09.624886+00","2024-11-19 21:38:09.342812+00"
"1219","2920AGSProvidencia","2920","20355 Paseos de la Providencia, Ags.",NULL,"2024-11-19","2024-11-19 21:38:10.09267+00","2024-11-19 21:38:09.810647+00"
"1220","2924AGSTepetates","2924","Carretera a Paso Blanco 206 Lt. P-3 Tepetates Aguascalientes 20908 Tepetates, 20908 Aguascalientes, Ags.",NULL,"2024-11-19","2024-11-19 21:38:10.567378+00","2024-11-19 21:38:10.278721+00"
"1221","2939AGSLaLoma","2939","Feliciano Martínez Cruz 203, Chicahuales I, 20926 Jesús María, Ags.",NULL,"2024-11-19","2024-11-19 21:38:11.051517+00","2024-11-19 21:38:10.755208+00"
"1222","AGSTalamantes","2942","C. Aquiles Elorduy 508, Barrio de San Marcos, 20070 Aguascalientes, Ags.",NULL,"2024-11-19","2024-11-19 21:38:11.534655+00","2024-11-19 21:38:11.241945+00"
"1223","2993AGSArqueros","2993","Av Arqueros 2149, Vista del Sol I, 20264 Aguascalientes, Ags.",NULL,"2024-11-19","2024-11-19 21:38:12.014686+00","2024-11-19 21:38:11.721775+00"
"1224","2994AGSVillaNatura","2994","Av José E. Femat Gutiérrez 718, 20126 Aguascalientes, Ags.",NULL,"2024-11-19","2024-11-19 21:38:12.486785+00","2024-11-19 21:38:12.203834+00"
"1225","2995AGSTepezala","2995","Zona Centro, Tepezalá, Ags.",NULL,"2024-11-19","2024-11-19 21:38:12.969647+00","2024-11-19 21:38:12.682983+00"
"1226","2739JAL La Barca","2739","Raymundo Vázquez Herrera 773, La Joya, 47912 La Barca, Jal.",NULL,"2024-11-19","2024-11-19 21:38:13.4506+00","2024-11-19 21:38:13.157593+00"
"1227","2648JAL Poncintlan","2648","Álvaro Obregón 283, El Santuario, 45957 Poncitlán, Jal.",NULL,"2024-11-19","2024-11-19 21:38:13.929618+00","2024-11-19 21:38:13.640189+00"
"1228","2987JALOcotlan4","2987","A. Serdán 162, Centro, 47980 Ocotlán, Jal.",NULL,"2024-11-19","2024-11-19 21:38:14.415658+00","2024-11-19 21:38:14.12474+00"
"1229","2580JALOcotlan","2580","Calle Dr Delgadillo Araujo 380, El Rosario, 47829 Ocotlán, Jal.",NULL,"2024-11-19","2024-11-19 21:38:14.884264+00","2024-11-19 21:38:14.60018+00"
"1230","2986JAL OCOTLAN 3","2986","Efraín González Luna 176 y 178, El Porvenir, 47882 Ocotlán, Jal.",NULL,"2024-11-19","2024-11-19 21:38:15.352594+00","2024-11-19 21:38:15.069634+00"
"1231","2851JAL OCOTLAN 2","2851","Raymundo Vázquez Herrera 773, La Joya, 47912 La Barca, Jal.",NULL,"2024-11-19","2024-11-19 21:38:16.183347+00","2024-11-19 21:38:15.865432+00"
"1232","2581JAL LA RIBERA","2581","Eje Niños Heroes 1, el Charco47940, 47940 La Ribera, Jal.",NULL,"2024-11-19","2024-11-19 21:38:16.667445+00","2024-11-19 21:38:16.384614+00"
"1233","2740TOTOTLAN","2740","Lilis 79-52, Lindavista, 47730 Tototlán, Jal.",NULL,"2024-11-19","2024-11-19 21:38:17.144114+00","2024-11-19 21:38:16.851915+00"
"1234","2984ARANDAS1","2984","Gustavo Díaz Ordaz 40, Centro, 47183 Arandas, Jal.",NULL,"2024-11-19","2024-11-19 21:38:17.611829+00","2024-11-19 21:38:17.33261+00"
"1235","2898JAL ATOTONILCO2","2898","South San Francisco 154-164, Chichimeco, 47750 Atotonilco el Alto, Jal.",NULL,"2024-11-19","2024-11-19 21:38:18.083018+00","2024-11-19 21:38:17.799776+00"
"1236","2901JAL ATOTONILCO1","2901","Dr. Fernando de Alba 164, Los Naranjos, 47750 Atotonilco el Alto, Jal.",NULL,"2024-11-19","2024-11-19 21:38:18.56976+00","2024-11-19 21:38:18.284951+00"
"1237","1399GTO SILAO","1399","C. Aurora 15, Centro, 36100 Silao de la Victoria, Gto.",NULL,"2024-11-19","2024-11-19 21:38:19.045404+00","2024-11-19 21:38:18.76301+00"
"1238","1662GTO SILAO BAILE","1662","Raúl Bailleres Norte. 494, 36100 Silao de la Victoria, Gto.",NULL,"2024-11-19","2024-11-19 21:38:19.525419+00","2024-11-19 21:38:19.238735+00"
"1239","2070GTO SILAO PMORENO","2070","Av. Prol. Pedro Moreno Franco. 39, Los Angeles, 36120 Silao de la Victoria, Gto.",NULL,"2024-11-19","2024-11-19 21:38:20.000901+00","2024-11-19 21:38:19.714038+00"
"1240","2286GTO SILAO SOPEÑA","2286","Sopeña, 36119, Sopeña, 36112 Silao de la Victoria, Gto.",NULL,"2024-11-19","2024-11-19 21:38:20.468926+00","2024-11-19 21:38:20.188872+00"
"1241","2673GTO SILAO AZTECA","2673","Netzahualcóyotl 53, Anahuac, 36140 Silao de la Victoria, Gto.",NULL,"2024-11-19","2024-11-19 21:38:20.945572+00","2024-11-19 21:38:20.658564+00"
"1242","2932GTO SILAO BAILE 2","2932","Raúl Bailleres Pte. 69-79, Centro, 36100 Silao de la Victoria, Gto.",NULL,"2024-11-19","2024-11-19 21:38:21.43687+00","2024-11-19 21:38:21.148818+00"
"1243","3007AGSRinconada","3007","Cam. a La Rcda., 20923 Jesús María, Ags Jesús María, 20923 Aguascalientes, Ags.",NULL,"2024-11-19","2024-11-19 21:38:21.912065+00","2024-11-19 21:38:21.630627+00"
"1244","3011SLPAmadoNervo","3011","Amado Nervo 525, Col del Valle, 78250 San Luis Potosí, S.L.P.",NULL,"2024-11-19","2024-11-19 21:38:22.379734+00","2024-11-19 21:38:22.098718+00"
"1245","3018AGSColinas","3018","Antiguo Camino a San Ignacio 231, Línea de Fuego, 20018 Aguascalientes, Ags.",NULL,"2024-11-19","2024-11-19 21:38:22.857741+00","2024-11-19 21:38:22.576846+00"
"1246","3037SLPDe la Cruz","3037","Av. del Sauce 470D, Martires de la Revolucion 1, 78110 San Luis Potosí, S.L.P.",NULL,"2024-11-19","2024-11-19 21:38:23.337097+00","2024-11-19 21:38:23.05279+00"
"1247","3066SLPPoncianoArriaga","3066","C. Ponciano Arriaga 108, Lomas del Mezquital, 78137 San Luis Potosí, S.L.P.",NULL,"2024-11-19","2024-11-19 21:38:23.805587+00","2024-11-19 21:38:23.52771+00"
"1248","3067SLPAguaje","3067","Blvd. Antonio Rocha Cordero 1055-2, El Aguaje, 78398 San Luis Potosí, S.L.P.",NULL,"2024-11-19","2024-11-19 21:38:24.293425+00","2024-11-19 21:38:24.008048+00"
"1249","3068Angostura","3068","Angostura 78117 San Luis Potosí, S.L.P.",NULL,"2024-11-19","2024-11-19 21:38:24.773398+00","2024-11-19 21:38:24.489043+00"
"1250","3069SLPHernan Cortez","3069","78117 San Luis Potosí, S.L.P.",NULL,"2024-11-19","2024-11-19 21:38:25.253386+00","2024-11-19 21:38:24.965995+00"
"1251","3099AGSEl LLano","3099","W29P+798 Palo Alto, Aguascalientes",NULL,"2024-11-19","2024-11-19 21:38:25.726708+00","2024-11-19 21:38:25.444368+00"
"1252","3100AGSPintores","3100","Renato Leduc, Lomas de la Asunción, 20179 Aguascalientes, Ags.",NULL,"2024-11-19","2024-11-19 21:38:26.202528+00","2024-11-19 21:38:25.921979+00"
"1253","3103AGSLa Ribera","3103","Huexotla, 20358 La Ribera, Ags.",NULL,"2024-11-19","2024-11-19 21:38:26.685859+00","2024-11-19 21:38:26.396959+00"
"1254","3135SLPTerceraChica","3135","C. Adolfo López Mateos 165, Tercera Chica 3, 78100 San Luis Potosí, S.L.P.",NULL,"2024-11-19","2024-11-19 21:38:27.171553+00","2024-11-19 21:38:26.885187+00"
"1255","3153AGSVillaMontaña2","3153","Av. Monte Arafat 509, Pozo Bravo, 20126 Ags.",NULL,"2024-11-19","2024-11-19 21:38:27.647978+00","2024-11-19 21:38:27.363855+00"
"1256","3154AGSPabellon3","3154","Cesáreo Ruiz Reyes 304C, Corrales de Engorda, Progreso Nte, 20678 Pabellón de Arteaga, Ags.",NULL,"2024-11-19","2024-11-19 21:38:28.117655+00","2024-11-19 21:38:27.834877+00"
"1257","3159JALEncarnacion","3159","C. San Juan 100, Buenos Aires, 47270 Encarnación de Díaz, Jal.",NULL,"2024-11-19","2024-11-19 21:38:28.583882+00","2024-11-19 21:38:28.308343+00"
"1258","3160JALVillaHidalgo","3160","Porfirio Díaz 57-S, Centro, 47250 Villa Hidalgo, Jal.",NULL,"2024-11-19","2024-11-19 21:38:29.05513+00","2024-11-19 21:38:28.770852+00"
"1259","3168GTOAtotonilco","3168","San Jose el Alto, 37545 León de los Aldama, Gto.",NULL,"2024-11-19","2024-11-19 21:38:29.531647+00","2024-11-19 21:38:29.251401+00"
"1260","3186JALSanJuanMalecon","3186","Ignacio Rosales 52, Centro, 47000 San Juan de los Lagos, Jal.",NULL,"2024-11-19","2024-11-19 21:38:30.011325+00","2024-11-19 21:38:29.723147+00"
"1261","3187JALSanJuandeloslagos2","3187","C. San Juan 26, Buenos Aires, 47270 Encarnación de Díaz, Jal.",NULL,"2024-11-19","2024-11-19 21:38:30.495159+00","2024-11-19 21:38:30.21296+00"
"1262","3211AGSArboledas","3211","Margil de Jesús, Las Arboledas, 20020 Aguascalientes, Ags.",NULL,"2024-11-19","2024-11-19 21:38:30.964607+00","2024-11-19 21:38:30.682039+00"
"1263","3152 SLP CAPULINES","3152","Calle Av. Damian Carmona 125, 78470 San Luis Potosí, S.L.P.",NULL,"2024-11-19","2024-11-19 21:38:31.46101+00","2024-11-19 21:38:31.162238+00"
"1264","3039SLP MARIANO JIMENEZ","3039","Calle Av Mariano Jiménez 540, Alamitos, 78280 San Luis Potosí, S.L.P.",NULL,"2024-11-19","2024-11-19 21:38:31.949773+00","2024-11-19 21:38:31.655846+00"
"1265","3280SLP ZACATECAS","3280","Carr. a Zacatecas 109, Sta Rosa 1ra Secc, 78115 San Luis Potosí, S.L.P.",NULL,"2024-11-19","2024-11-19 21:38:32.427609+00","2024-11-19 21:38:32.142199+00"
"1266","3279SLP SALINAS DE HIDALGO","3279","Av. Francisco I. Madero 175, Barrio de San Juan, 78625 Salinas de Hidalgo, S.L.P.",NULL,"2024-11-19","2024-11-19 21:38:32.905702+00","2024-11-19 21:38:32.62064+00"
"1292","IRAPUATO SOSTENES ROCHA","T1660","Sostenes Rocha, Barrio de Sta Anita, 36560 Irapuato, Gto.","https://maps.app.goo.gl/hJ5Ji7tqMu36ksKi8","2024-11-21","2024-11-21 22:08:08.864192+00","2024-11-21 22:08:08.850457+00"
"1325","león delta","1615","Blvd. Delta 1202, Jardin Delta, 37320 León de los Aldama, Gto.","https://maps.app.goo.gl/2LHMdGrUqLxwY27x7","2024-11-23","2024-11-23 06:48:10.613163+00","2024-11-23 06:48:10.592583+00"
"1358","SILAO BAILE","1662","Raúl Bailleres Norte. 494, 36100 Silao de la Victoria, Gto.","https://maps.app.goo.gl/otkCovjJ5cFz4SmBA","2024-11-25","2024-11-25 06:19:18.143135+00","2024-11-25 06:19:18.133079+00"
"1359","SILAO PEÑA","2286","Sopeña, 36119, Sopeña, 36112 Silao de la Victoria, Gto.","https://maps.app.goo.gl/V9LRmJUs1cvL15s57","2024-11-25","2024-11-25 06:20:39.266108+00","2024-11-25 06:20:39.258014+00"
"1360","SILAO AZTECA","2673","Netzahualcóyotl 53, Anahuac, 36140 Silao de la Victoria, Gto.","https://maps.app.goo.gl/B7Ngjx1gPqvYHVAG9","2024-11-25","2024-11-25 06:22:16.90218+00","2024-11-25 06:22:16.89932+00"
"1391","LEÓN OTATES","T1563",NULL,NULL,"2024-11-25","2024-11-25 23:00:22.629215+00","2024-11-25 23:00:22.609618+00"
"1424","ROMITA 1","SN1","Álvaro Obregón 1, Zona Centro, 36200 Romita, Gto.","https://maps.app.goo.gl/V2jMdkvq93TqqES99","2024-11-26","2024-11-26 19:41:37.037551+00","2024-11-26 07:29:55.655807+00"
"1425","ROMITA 2","SN2","Miguel Hidalgo 82, Zona Centro, 36200 Romita, Gto.","https://maps.app.goo.gl/iLKNiFbZTn6y8yBZA","2024-11-26","2024-11-26 19:41:47.756321+00","2024-11-26 07:30:36.048955+00"
"1457","LEON SOLEDAD","T2061","Casi Calle Antes Olimpo-Acceso A La Feria","https://maps.app.goo.gl/6QaqXv28BsX5jkv49","2024-11-26","2024-11-26 18:42:49.735216+00","2024-11-26 18:42:49.710121+00"
"1490","LEON SJ BOSCO","T2152","Burgos 708, Vista Hermosa, 37330 León de los Aldama, Gto.","https://maps.app.goo.gl/xqMXCJuwxHVLUTWR7","2024-11-26","2024-11-26 19:05:32.455525+00","2024-11-26 19:05:32.431377+00"
"1491","ROMITA","T1400","Álvaro Obregón 1, Zona Centro, 36200 Romita, Gto.","https://maps.app.goo.gl/TuJg7BFTdir5aZax8","2024-11-26","2024-11-26 20:32:58.534987+00","2024-11-26 20:32:58.530599+00"
"1492","GTO ROMITA 2","T2865","Miguel Hidalgo 82, Zona Centro, 36200 Romita, Gto.","https://maps.app.goo.gl/aTq54zYv9ojRfeKj6","2024-11-26","2024-11-26 20:41:24.862774+00","2024-11-26 20:41:24.858547+00"
"1523","GTO LEON SN JOSE DE OCA","T2258","Tiendas 3B, Blvd. Timoteo Lozano Ote. 5958, Refugio de San Jose, 37548 León de los Aldama, Gto.","https://maps.app.goo.gl/QpfQJpp9u6xixD8Q7","2024-11-27","2024-11-27 17:47:51.712828+00","2024-11-27 17:47:51.684376+00"
"1556","Gto Celaya Salvador","1845","Salvador Ortega 424, Las Aves, 38010 Celaya, Gto.","https://maps.app.goo.gl/ZWrYWDssYFsfBLkz8","2024-12-01","2024-12-01 08:27:50.268226+00","2024-12-01 08:27:50.262314+00"
"1557","Gto Celaya tecnológico","3042","Av Tecnológico 631, Fovissste, 38010 Celaya, Gto.","https://maps.app.goo.gl/kE9UjNyHVRkKNDLdA","2024-12-01","2024-12-01 08:28:59.907356+00","2024-12-01 08:28:59.90357+00"
"1589","CUERAMARO 2","T2556","C. Galeana 24, Centro, 36960 Cuerámaro, Gto.","https://maps.app.goo.gl/eMfNtEqpiMLrUf5c6","2024-12-02","2024-12-02 20:09:16.743084+00","2024-12-02 20:09:16.73292+00"
"1590","LEON ARBOLEDAS","T1899","Blvd. Antonio Madrazo 6208, Arboledas de Señora, 37205 León de los Aldama, Gto.","https://maps.app.goo.gl/S3xDjcNuvH2qsPeq5","2024-12-02","2024-12-02 20:50:23.052515+00","2024-12-02 20:50:23.041834+00"
"1591","GTO LEON MURALES","T1971","Blvd. Antonio Madrazo 6702, Los Murales, 37219 León de los Aldama, Gto.","https://maps.app.goo.gl/CoXaBH8MaiNmse6EA","2024-12-02","2024-12-02 21:17:48.263142+00","2024-12-02 21:17:48.26018+00"
"1622","BANCO DE ROPA, CALZADO Y ENSERES DOMESTICOS DE QUERETARO",NULL,"Manuel Tolsa 26-A, Centro Histórico, Centro, 76000 Santiago de Querétaro, Qro.","https://maps.app.goo.gl/umYdvYaNnv3bRvRq9","2024-12-04","2024-12-04 22:49:37.633575+00","2024-12-04 22:49:37.622471+00"
"1623","BANCO DE ROPA CALZADO Y ENSERES DOMESTICOS DE QUERETARO",NULL,"Manuel Tolsa 26-A, Centro Histórico, Centro, 76000 Santiago de Querétaro, Qro.","https://maps.app.goo.gl/umYdvYaNnv3bRvRq9","2024-12-04","2024-12-04 23:32:06.304412+00","2024-12-04 23:32:06.287049+00"
"1655","LEON VISTA HERMOSA","T2060","Tarragona 402, Lomas Vista Hermosa Sur, 37000 León de los Aldama, Gto.","https://maps.app.goo.gl/hftSAxVQ7t9YTiCb8","2024-12-05","2024-12-05 16:51:08.636064+00","2024-12-05 16:51:08.601452+00"
"1688","LEON OTATES","T1793","Blvd. Villas de San Juan 1702, Hacienda Los Otates, 37295 León de los Aldama, Gto.","https://maps.app.goo.gl/iCNMpJf4MRgFaQjq9","2024-12-05","2024-12-05 23:30:45.687261+00","2024-12-05 23:30:45.669259+00"
"1721","CUERAMARO 1","T1478","Calle Venustiano Carranza 111, Zona Centro, 36960 Cuerámaro, Gto.","https://maps.app.goo.gl/ogo6uW2fGbNjAzyUA","2024-12-09","2024-12-09 19:12:38.640909+00","2024-12-09 19:12:38.63134+00"
"1754","AGS PURISIMA","T2572","Av. Adolfo López Mateos Ote. Supermanzana oye #712 locales 7 y 8, Barrio de la Purísima, 20259 Aguascalientes, Ags.","https://maps.app.goo.gl/cgVWXWCBQLH3o2w28","2024-12-10","2024-12-10 18:01:50.692316+00","2024-12-10 18:01:50.638395+00"
"1755","VILLAMONTANA","T2337","Av. Constitucionalistas, Pozo Bravo, 20126 Aguascalientes, Ags.","https://maps.app.goo.gl/416KKvQTphFyAX6h8","2024-12-10","2024-12-10 18:26:51.323245+00","2024-12-10 18:26:51.308537+00"
"1787","QUETZALEZ","T2801","AGS 65,los quetzalez 20350 Ags.","https://maps.app.goo.gl/eVEpZ2jyMYsQphtc7","2024-12-10","2024-12-10 19:04:03.403168+00","2024-12-10 19:04:03.393501+00"
"1788","AGS LA FLORIDA","T2335","Blvd. Guadalupano 3202, 20172 Aguascalientes, Ags.","https://maps.app.goo.gl/oR1wAu2h8rpxiPYb9","2024-12-10","2024-12-10 19:41:41.864713+00","2024-12-10 19:41:41.858606+00"
"1820","QRO TECNOLOGICO","T3362","Av Tecnológico Sur 31, Centro, 76000 Santiago de Querétaro, Qro.","https://maps.app.goo.gl/iipKGsSephiviEem8","2024-12-11","2024-12-11 18:03:06.633142+00","2024-12-11 18:03:06.624556+00"
"1821","SJR HIDALGO","T3360","CALLE MIGUEL HIDALGO, COLONIA CENTRO SAN JUAN DEL RIO 76800","https://maps.app.goo.gl/5zrnFmF22AXuRH5b9","2024-12-11","2024-12-11 18:52:57.958941+00","2024-12-11 18:52:57.954125+00"
"1853","HUIMILPAN","T988","76950 Huimilpan, Qro.","https://maps.app.goo.gl/wc1mm3akmXYtK1iDA","2024-12-16","2024-12-16 19:14:24.357877+00","2024-12-16 19:14:24.328128+00"
"1886","AGS SAN ANTONIO","T2842","Avenida Rancho San Antonio & Trento, 20298 Aguascalientes, Ags.","https://maps.app.goo.gl/6Ty5N8H2f73zutBVA","2024-12-16","2024-12-16 20:24:41.894002+00","2024-12-16 20:24:41.877436+00"
"1919","SLP AHUALULCO","T2900","C. Comité de los 13 Pro J.Carrillo 8, 78450 Ahualulco del Sonido 13, S.L.P.","https://maps.app.goo.gl/ohebtaHYfgnzNiVr6","2024-12-16","2024-12-16 21:33:24.969997+00","2024-12-16 21:33:24.939161+00"
"1920","LEON MERCADO  AMERICAS","T1702","Los Angeles 479, Las Americas, 37390 León de los Aldama, Gto.","https://maps.app.goo.gl/riC9yydeBLWqLr9b7","2024-12-16","2024-12-16 21:52:13.669705+00","2024-12-16 21:52:13.66484+00"
"1921","AGS SAN PEDRO","T2203","Mayor Pablo García 228-b, San Pedro, 20284 Aguascalientes, Ags.","https://maps.app.goo.gl/6NybMmiZPg2mCSUX9","2024-12-16","2024-12-16 22:19:20.238047+00","2024-12-16 22:19:20.22776+00"
"1922","SLP MAGUEYES","T2023","Josefa Ortiz de Domínguez 2205, Los Magueyes, 78100 San Luis Potosí, S.L.P.","https://maps.app.goo.gl/5f6aEFN3VWngLqGa7","2024-12-16","2024-12-16 22:27:34.932069+00","2024-12-16 22:27:34.923812+00"
"1952","IRAP. SANTA MONICA","T1259","Calle Sta Monica 513, San Martin de Porres, 36558 Irapuato, Gto.","https://maps.app.goo.gl/NpwJQGNEutH2hCdS7","2024-12-17","2024-12-17 19:14:43.014956+00","2024-12-17 19:14:43.008158+00"
"1953","LA ESCONDIDA","T216","Sudán 507, La Escondida, 37470 León de los Aldama, Gto.","https://maps.app.goo.gl/4V2M8UL7w1htY1Pn6","2024-12-17","2024-12-17 20:25:20.522198+00","2024-12-17 20:25:20.519799+00"
"1985","GTO MERCADO GUADALUPE","T2259","Lucas Alamán 104, Periodistas Mexicanos, 37433 León de los Aldama, Gto.","https://maps.app.goo.gl/pcBNht89FqssVAcD9","2024-12-17","2024-12-17 21:29:50.885584+00","2024-12-17 21:29:50.879685+00"
"2018","SAN JOSE ITURBIDE 1","T796","C. de Morelos 4, Zona Centro, 37980 San José Iturbide, Gto.","https://maps.app.goo.gl/KkC33dXEK6CQrp5T9","2024-12-18","2024-12-18 20:07:11.154539+00","2024-12-18 20:07:11.092386+00"
"2051","SJR AGUILAS","T3361","C. Aguila Azteca 124_16, Las Aguilas 3ra Secc, 76805 San Juan del Río, Qro.","https://maps.app.goo.gl/A9bfnoAeqVHq7PKH6","2024-12-20","2024-12-20 19:34:20.289883+00","2024-12-20 19:34:20.283028+00"
"2084","SLP SALINAS","T2379","Av. Francisco I. Madero 177, San Juan, 78625 Salinas de Hidalgo, S.L.P.","https://maps.app.goo.gl/hsFFWNvocQH1UoGH6","2024-12-21","2024-12-22 00:05:15.786146+00","2024-12-22 00:05:15.773174+00"
"2085","SLP CAPULINES","T3152","Calle Av. Damian Carmona 125, 78470 San Luis Potosí, S.L.P.","https://maps.app.goo.gl/R631fAyrrySv4phKA","2024-12-21","2024-12-22 00:13:59.683464+00","2024-12-22 00:13:59.677396+00"
"2086","SLP TERCERA CHICA","T3135","C. Adolfo López Mateos 1652, Tercera Grande 2, 78143 San Luis Potosí, S.L.P.","https://maps.app.goo.gl/QAMApvC6QwzdXdHUA","2024-12-21","2024-12-22 00:54:51.857431+00","2024-12-22 00:54:51.851774+00"
"2087","AGS VALLE DE LOS CACTUS","T2875","Seccion Unica, P.º de la Biznaga 107, Valle de los Cactus, 20196 Aguascalientes, Ags.","https://maps.app.goo.gl/fzvQiQ9HjVJmLXo59","2024-12-21","2024-12-22 01:16:46.898748+00","2024-12-22 01:16:46.895648+00"
"2088","AGS POLIDUCTO","T2205","Av. Poliducto 222, Lomas del Chapulín, 20263 Aguascalientes, Ags.","https://maps.app.goo.gl/YR2V4VC3R3rZBrnaA","2024-12-21","2024-12-22 01:28:22.613313+00","2024-12-22 01:28:22.610596+00"
"2089","AGS LA RIBERA","T3101","Sisal 104, Fraccionamiento Monte Verde, 20358 La Ribera, Ags.","https://maps.app.goo.gl/oq4nYZjX2DqoHZvu6","2024-12-21","2024-12-22 01:52:29.072542+00","2024-12-22 01:52:29.065767+00"
"2090","AGS PABELLON","T3154","Cesáreo Ruiz Reyes 304C, Corrales de Engorda, Progreso Nte, 20678 Pabellón de Arteaga, Ags.","https://maps.app.goo.gl/7TjbZz1cAKyijSQo8","2024-12-21","2024-12-22 02:03:27.441852+00","2024-12-22 02:03:27.430238+00"
"2091","SLP POLVORIN","T2276","Articulo 123 700, Fidel Velazquez, 78436 Soledad de Graciano Sánchez, S.L.P.","https://maps.app.goo.gl/8VW12tVjCyEqwPpDA","2024-12-21","2024-12-22 02:23:23.645064+00","2024-12-22 02:23:23.642339+00"
"2117","AGS PASEOS DE LA CRUZ","T2092","Av. Paseo de la Cruz 1104A, Barrio de la Salud, 20248 Aguascalientes, Ags.","https://maps.app.goo.gl/THcC4yLizsNt3RXY9","2024-12-23","2024-12-23 18:59:37.431108+00","2024-12-23 18:59:37.413211+00"
"2118","AGS JOSE MARIA CHAVEZ","T2108","Av. José María Chávez 419, Obraje, 20000 Aguascalientes, Ags.","https://maps.app.goo.gl/nJBYjW85CA4uBYiz7","2024-12-23","2024-12-23 19:03:59.175956+00","2024-12-23 19:03:59.171249+00"
"2150","GTO LOMAS DE MEDINA","T1612","Fresno de Medina #421, Lomas de Medina, Medina, 10000 León de los Aldama, Gto.","https://maps.app.goo.gl/N57HTVcpYt4pLKQu5","2024-12-26","2024-12-26 18:07:30.672204+00","2024-12-26 18:07:30.665168+00"
"2183","LEON OBSERVATORIO","T2175","Calle Blvd. Observatorio, La Joya, 37353 León de los Aldama, Gto.","https://maps.app.goo.gl/EBkzJRckUTtTV2R47","2024-12-27","2024-12-27 06:05:51.119338+00","2024-12-27 06:05:51.112791+00"
"2184","AGS CACTUS","T2627","Recinto Duraznillo 103 28, Valle de los Cactus, 20196 Aguascalientes, Ags.","https://maps.app.goo.gl/zWirsKdU7dWzpj8W6","2024-12-27","2024-12-27 06:19:33.216232+00","2024-12-27 06:19:33.213115+00"
"2216","SLP LA SIERRA","T2333","La Sierra, 78438 Soledad de Graciano Sánchez, S.L.P.","https://maps.app.goo.gl/w6Rp4fUq6GqVwRd9A","2024-12-28","2024-12-28 16:08:40.937444+00","2024-12-28 16:08:40.930539+00"
"2217","KABAH","T3469","Morelos, 20298 Aguascalientes, Ags.","https://maps.app.goo.gl/FKv5RvpARoV24Y1K8","2024-12-28","2024-12-28 16:27:21.720229+00","2024-12-28 16:27:21.717379+00"
"2218","VALENTE QUINTA","T2537","Av Mahatma Gandhi 204A, Desarrollo Especial Villa Asunción, 20280 Aguascalientes, Ags.","https://maps.app.goo.gl/bhmSGiPCaE18Fk8C9","2024-12-28","2024-12-28 16:34:09.606239+00","2024-12-28 16:34:09.603229+00"
"2249","SLP PLAZA SAN PEDRO","T2587","Av. San Pedro 1180, Arcos de San Pedro, 78434 Soledad de Graciano Sánchez, S.L.P.","https://maps.app.goo.gl/45bebiwPrtHu69jV7","2024-12-31","2024-12-31 08:08:44.774325+00","2024-12-31 08:08:44.762041+00"
"2250","SLP MEXQUITIC","T2287","Mexquitic 171, El Rosedal, 78120 San Luis Potosí, S.L.P.","https://maps.app.goo.gl/JKSXH9iANeU1kw6G8","2024-12-31","2024-12-31 08:17:29.586761+00","2024-12-31 08:17:29.583183+00"
"2251","SLP  VILLA DE ARISTA","T2597","Centro, 78940 Villa de Arista, S.L.P.","https://maps.app.goo.gl/HcLzSfB8gVA4UcgJ6","2024-12-31","2024-12-31 08:40:29.861917+00","2024-12-31 08:40:29.859124+00"
"2282","FLORES MAGON","T1861","Heriberto Jara 1588, Flores Magon Nte, 36649 Irapuato, Gto.","https://maps.app.goo.gl/2qCuUP27CVXUVxoF8","2025-01-03","2025-01-03 22:49:04.628044+00","2025-01-03 22:49:04.611511+00"
"2315","SLP BENITO JUAREZ","T2112","Constitución de 1857, Benito Juárez, 78437 Soledad de Graciano Sánchez, S.L.P.","https://maps.app.goo.gl/YamU5KMAptvgcSa78","2025-01-03","2025-01-03 23:32:55.942483+00","2025-01-03 23:32:55.930368+00"
"2348","SLP BOCANEGRA","T2113","Francisco Villa 429, 21 de Marzo, 78437 Soledad de Graciano Sánchez, S.L.P.","https://maps.app.goo.gl/rQ766fhjCeHRDi2m8","2025-01-06","2025-01-06 18:07:18.613837+00","2025-01-06 18:07:18.601746+00"
"2381","SLP ABASTOS GALVEZ","T2643","Av. José de Gálvez 895, Ricardo B. Anaya 1ra Secc, 78396 San Luis Potosí, S.L.P.","https://maps.app.goo.gl/XSMG3gbrTvmoYCJ36","2025-01-06","2025-01-06 19:34:28.89416+00","2025-01-06 19:34:28.88016+00"
"2382","SLP RADA","t2644","José Hernandez Guerra 400, 78421 San Luis Potosí, S.L.P.","https://maps.app.goo.gl/9b6W8Rtcf13NyUqA8","2025-01-06","2025-01-06 19:48:12.877581+00","2025-01-06 19:48:12.872943+00"
"2414","SLP VILLA MAGNA","T2728","Av. Villa Magna Nte., Villa Magna, 78183 San Luis Potosí, S.L.P.","https://maps.app.goo.gl/89ENznR7gfSXnLts9","2025-01-06","2025-01-06 21:01:59.242966+00","2025-01-06 21:01:55.865902+00"
"2447","AGS RINCONADA","T3007","Cam. a La Rcda., 20923 Jesús María, Ags Jesús María, 20923 Aguascalientes, Ags.","https://maps.app.goo.gl/Q8kAjdGVwpEY135x5","2025-01-10","2025-01-10 21:28:47.537308+00","2025-01-10 21:28:47.525217+00"
"2480","SATURNO","T2116","Av Saturno 2003, Los Angeles, 37258 León de los Aldama, Gto.","https://maps.app.goo.gl/rjqFSo1M16Y8zVht8","2025-01-10","2025-01-10 21:53:15.908782+00","2025-01-10 21:53:15.901173+00"
"2513","AGS ABASTOS","T2896","Av Mahatma Gandhi 800, San Francisco del Arenal, 20280 Aguascalientes, Ags.","https://maps.app.goo.gl/4kJDKog2HpkJR1sH7","2025-01-13","2025-01-13 17:13:55.374208+00","2025-01-13 17:13:55.364949+00"
"2514","SLP VASCO DE QUIROGA","T2321","Av. Vasco de Quiroga 753, Industrial Aviacion 1ra Secc, 78140 San Luis Potosí, S.L.P.","https://maps.app.goo.gl/QzUpkjmaqnnKk3M19","2025-01-13","2025-01-13 17:24:56.460248+00","2025-01-13 17:24:56.455668+00"
"2515","LEON JEREZ","T2059","P.º de Jerez Nte. 809, Granjas Ceres, 37289 León de los Aldama, Gto.","https://maps.app.goo.gl/sL9fQ2GNThmgsrm49","2025-01-13","2025-01-13 17:32:55.657572+00","2025-01-13 17:32:55.652676+00"
"2546","SJR AGUILAS","T3361","av. águilas L-1 m-374 colonia las águilas III. San colonia las águilas III San juan del rio Querétaro 76805","https://maps.app.goo.gl/eR1eQbrSgRBF5iAe6","2025-01-13","2025-01-13 20:59:29.420079+00","2025-01-13 20:59:29.404202+00"
"2547","AGS VALLARTA","T2133","Av. Vallarta 202, Vistas de Oriente, 20196 Aguascalientes, Ags.","https://maps.app.goo.gl/SvkK4JcrgtAfS97aA","2025-01-13","2025-01-13 21:15:55.638433+00","2025-01-13 21:15:55.634186+00"
"2548","AGS RINCON","T3428","Gral. Álvaro Obregón 802, El Chaveño, Guadalupe, 20405 Rincón de Romos, Ags.","https://maps.app.goo.gl/hRVnQAFgH78nAJB28","2025-01-13","2025-01-13 22:22:27.361923+00","2025-01-13 22:22:27.359077+00"
"2579","SLP ZACATECAS","T3280","Carr a Zacatecas 340 Sta Rosa 1ra Secc 78116 San Luis Potosí S.L.P.","https://maps.app.goo.gl/m27XQdfxCGHYqLcg7","2025-01-14","2025-01-14 17:47:34.462136+00","2025-01-14 17:47:34.449559+00"
"2580","SLP RIO ESPAÑITA","T2323","Pamplona, Españita, 78378 San Luis Potosí, S.L.P.","https://maps.app.goo.gl/9oZrqF8Wpx6p9Qq2A","2025-01-14","2025-01-14 17:58:29.185593+00","2025-01-14 17:58:29.182196+00"
"2581","SLP MARIANO JIMENEZ","T3039","Calle Av Mariano Jiménez 540, Alamitos, 78280 San Luis Potosí, S.L.P.","https://maps.app.goo.gl/pxtLEKwzpgAY58bbA","2025-01-14","2025-01-14 18:09:33.280797+00","2025-01-14 18:09:33.276868+00"
"2612","AGS LAGOS DIVISION","T3323","Calle División Del Nte. 159, Cuesta Blanca, 47420 Lagos de Moreno, Jal.","https://maps.app.goo.gl/JAxmd48i3YUEtTibA","2025-01-15","2025-01-15 18:04:53.683919+00","2025-01-15 18:04:53.665262+00"
"2645","AGS PROVIDENCIA","T2920","20355 Paseos de la Providencia, Ags.","https://maps.app.goo.gl/gZDTs64cqH3goM687","2025-01-15","2025-01-15 20:49:30.581347+00","2025-01-15 20:49:30.563995+00"
"2646","LEON SAN BERNARDO","T1812","C. Valle del Temporal 126, Valle de San Bernardo, 37210 León de los Aldama, Gto.","https://maps.app.goo.gl/X7tRwiADMdRXLMnv5","2025-01-15","2025-01-15 21:03:14.976465+00","2025-01-15 21:03:14.966226+00"
"2678","LEON VALTIERRA","T1862","Blvrd Vicente Valtierra 2803, San Manuel, 37259 León de los Aldama, Gto.","https://maps.app.goo.gl/tzzxXstUqSf2Jdgf6","2025-01-16","2025-01-16 22:43:38.648206+00","2025-01-16 22:43:38.63519+00"
"2711","SLP DE LA CRUZ","T3037","Av. del Sauce 470D, Martires de la Revolucion 1, 78110 San Luis Potosí, S.L.P.","https://maps.app.goo.gl/8KKJAtnKdxj2CMPg6","2025-01-17","2025-01-17 17:18:46.800462+00","2025-01-17 17:18:46.789264+00"
"2712","AGS 5 DE MAYO","T2666","5 de Mayo 619, Zona Centro, 20000 Aguascalientes, Ags.","https://maps.app.goo.gl/HMGZabaai19yHUm27","2025-01-17","2025-01-17 17:34:52.077594+00","2025-01-17 17:34:52.074457+00"
"2744","QRO BELISARIO","T2935","Ley 6 de Enero 1, Casa Blanca, 76030 Santiago de Querétaro, Qro.","https://maps.app.goo.gl/7obdekFhfUjMp5yXA","2025-01-20","2025-01-20 17:59:59.223187+00","2025-01-20 17:59:59.208133+00"
"2745","SLP BASILIO ANAYA","T2322","Av. Ricardo Basilio Anaya, Libertad de Mexico, 78394 San Luis Potosí, S.L.P.","https://maps.app.goo.gl/FKJqUky8s51rnKdA6","2025-01-20","2025-01-20 18:39:22.998484+00","2025-01-20 18:39:22.990136+00"
"2746","SLP EL TORO","T2701","Av San Gabriel 183, La Virgen, 78430 Soledad de Graciano Sánchez, S.L.P.","https://maps.app.goo.gl/BEZVMw7VTa3o2CVKA","2025-01-20","2025-01-20 18:59:52.584016+00","2025-01-20 18:59:52.577755+00"
"2777","IRAPUATO CENTRAL","T3249","Av. 1ᵒ de Mayo 420-B, Tenerias de Irapuato, 36510 Irapuato, Gto.","https://maps.app.goo.gl/3R8xACCfNWHXNFpXA","2025-01-20","2025-01-20 19:28:29.219915+00","2025-01-20 19:28:29.211077+00"
"2810","SLP LIBERTAD","T2371","Av Libertad 703A, El Morro, 78434 Soledad de Graciano Sánchez, S.L.P.","https://maps.app.goo.gl/KmZVJexmHBQiThcx5","2025-01-20","2025-01-20 21:58:10.291585+00","2025-01-20 21:58:10.283662+00"
"2811","SLP VALENTIN AMADOR","T2317","Valentín Amador. 446 Soledad de Graciano Sánchez, 78435 San Luis Potosí, S.L.P.","https://maps.app.goo.gl/hFvBFV1jVMvEHGwJ7","2025-01-20","2025-01-20 22:03:59.40968+00","2025-01-20 22:03:59.404974+00"
"2812","SLP 16 DE SEPTIEMBRE","T2516","16 de Septiembre 554, Tlaxcala Barrio de Tlaxcala, 78038 San Luis Potosí, S.L.P.","https://maps.app.goo.gl/9WR9i7qeETLaKQe17","2025-01-20","2025-01-20 22:11:23.858801+00","2025-01-20 22:11:23.854068+00"
"2843","SLP CANALON","T2091","Av. Canalón, Gral I. Martinez, 78360 San Luis Potosí, S.L.P.","https://maps.app.goo.gl/kWq9U17mSQNHys6y7","2025-01-22","2025-01-22 18:51:39.096426+00","2025-01-22 18:51:39.078705+00"
"2844","ZACACATECAS PINOS","T2767","Emilio Carranza, 98920 Pinos, Zac.","https://maps.app.goo.gl/JJZKBwEiaxrHsmv28","2025-01-22","2025-01-22 19:31:30.640741+00","2025-01-22 19:31:30.636061+00"
"2876","SLP AGUAJE","T3067","Blvd. Antonio Rocha Cordero 1055-2, El Aguaje, 78398 San Luis Potosí, S.L.P.","https://maps.app.goo.gl/HA1RFgX63cNys9vo6","2025-01-22","2025-01-22 20:48:02.332881+00","2025-01-22 20:48:02.279738+00"
"2909","GTO LEON SIGLO XXI","T1814","Blvrd Galena, Villas de La Luz, 37295 León de los Aldama, Gto.","https://maps.app.goo.gl/jpAXbNnu34jEgBiq5","2025-01-23","2025-01-23 18:16:33.895476+00","2025-01-23 18:16:33.877662+00"
"2910","AGS LA LOMA","T2939","Feliciano Martínez Cruz 203, Chicahuales I, 20926 Jesús María, Ags.","https://maps.app.goo.gl/jvcP8hnXSNZTZxna9","2025-01-23","2025-01-23 18:22:47.094682+00","2025-01-23 18:22:47.089807+00"
"2911","AGS SOLIDARIDAD","T2843","Cristóbal Colón 390-387, El Torito, 20928 Jesús María, Ags.","https://maps.app.goo.gl/CWygxNKQfxQHjX7ZA","2025-01-23","2025-01-23 18:31:52.053436+00","2025-01-23 18:31:52.048872+00"
"2942","AGS CALVILLO","T2518","C. Independencia 660, Los Ángeles, 20805 Calvillo, Ags.","https://maps.app.goo.gl/214ERzM7CtkJ7mZFA","2025-01-24","2025-01-24 19:55:20.787352+00","2025-01-24 19:55:20.781549+00"
"2975","AGS TALAMANTES","T2942","C. Aquiles Elorduy 508, Barrio de San Marcos, 20070 Aguascalientes, Ags.","https://maps.app.goo.gl/rKZhscroZ1yZa5NG9","2025-01-27","2025-01-27 18:08:53.815869+00","2025-01-27 18:08:53.779652+00"
"3008","AGS ARBOLEDAS","T3211","Margil de Jesús, Las Arboledas, 20020 Aguascalientes, Ags.","https://maps.app.goo.gl/8gdkfLw5zwnRf5Ar9","2025-01-27","2025-01-27 18:59:00.011423+00","2025-01-27 18:58:59.995407+00"
"3041","AGS LEON ANTAÑO","T3322","Crucifixión, Valle de Jerez, 37538 León de los Aldama, Gto.","https://maps.app.goo.gl/YWhUoMw1APbVDRho7","2025-01-27","2025-01-27 21:07:58.998313+00","2025-01-27 21:07:58.979736+00"
"3042","AGS ARQUEROS","T2093","Av Arqueros 2149, Vista del Sol I, 20264 Aguascalientes, Ags.","https://maps.app.goo.gl/93Bg7wc4UnkM1QAq7","2025-01-27","2025-01-27 21:23:41.38172+00","2025-01-27 21:23:41.371348+00"
"3043","AGS PABELLON 3","T3154","Cesáreo Ruiz Reyes 304C, Corrales de Engorda, Progreso Nte, 20678 Pabellón de Arteaga, Ags.","https://maps.app.goo.gl/BpN2FEerqQhqhjKMA","2025-01-27","2025-01-27 21:59:10.518916+00","2025-01-27 21:59:10.490648+00"
"3074","LA RIBERA","T3103","Grenovia, 20358 La Ribera, Ags.","https://maps.app.goo.gl/CTyxHBN24XUqU4LR7","2025-01-27","2025-01-27 22:13:12.041236+00","2025-01-27 22:13:12.032772+00"
"3107","AGS BOSQUE SERENO","T3254","Av. Bosque Sereno 202, 20326 Ags.","https://maps.app.goo.gl/F67euxg2vFHKrUj66","2025-01-27","2025-01-27 22:58:02.703699+00","2025-01-27 22:58:02.687289+00"
"3140","AGS CLINICA 3","T3255","CALZADA NAVARRA SN LT5 LOS GAVINLANES JESUS MARIA AGUASCALIENTES 20908","https://maps.app.goo.gl/QyDumFkY5vwviJag7","2025-01-28","2025-01-28 19:40:13.584177+00","2025-01-28 19:40:13.568462+00"
"3173","AGS ASUNCION","T3391","Av José de Jesús González García  Villas de Ntra. Sra. de la Asunción, 20126 Aguascalientes, Ags.","https://maps.app.goo.gl/fBvGT1pzmhmKPGYx8","2025-01-28","2025-01-28 22:17:55.258405+00","2025-01-28 22:17:55.253098+00"
"3174","AGS MARGARITAS 2","T3399","Av Margaritas 107, Jesús Gómez Portugal (Margaritas), Centro, 20909 Jesús Gómez Portugal, Ags.","https://maps.app.goo.gl/oNKDuWXTg5WgfXez6","2025-01-28","2025-01-28 22:24:42.270898+00","2025-01-28 22:24:42.26713+00"
"3206","GTO CELAYA BLVD 2","T3248","Blvrd Adolfo López Mateos 1014, Col. Centro, 38060 Celaya, Gto.","https://maps.app.goo.gl/gNKY7nLvsho9xwE57","2025-01-30","2025-01-30 18:01:21.48958+00","2025-01-30 18:01:21.442739+00"
"3207","GTO CELAYA EL SAUZ","T1215","Av El Sauz 1800, Goevillas de los Sauces, 38016 Celaya, Gto.","https://maps.app.goo.gl/EU39CmRB6nNcq3K17","2025-01-30","2025-01-30 18:08:28.417176+00","2025-01-30 18:08:28.407764+00"
"3208","GTO CELAYA MISIONES","T1466","Av México 1231, La Mision, 38015 Celaya, Gto.","https://maps.app.goo.gl/5ErjQVfkd9373JRL7","2025-01-30","2025-01-30 18:16:15.418838+00","2025-01-30 18:16:15.401499+00"
"3209","GTO CELAYA BARRIO DEL ZAPOTE","T2378","Av México 1231, La Mision, 38015 Celaya, Gto.","https://maps.app.goo.gl/5ErjQVfkd9373JRL7","2025-01-30","2025-01-30 18:24:49.471352+00","2025-01-30 18:24:49.468089+00"
"3210","GTO CELAYA EJIDAL","T1188","Ejido de San Nicolás de Parra 246, Ejidal, 38098 Celaya, Gto.","https://maps.app.goo.gl/9ZEs6w4dRPt6R7vz9","2025-01-30","2025-01-30 18:33:50.873881+00","2025-01-30 18:33:50.871422+00"
"3239","AGS GREMIAL","T2425","Dr. Isidro Calera 521, Gremial, 20030 Aguascalientes, Ags.","https://maps.app.goo.gl/YkDjJcoGbPJAxgvZ6","2025-01-31","2025-01-31 17:22:41.968119+00","2025-01-31 17:22:41.948551+00"
"3272","AGS CLINICA 3","T3255","Calz Navarra 922, 20908 Tepetates, Ags.","https://maps.app.goo.gl/PPgJw7QmcLsyjNVc7","2025-01-31","2025-01-31 18:21:41.192186+00","2025-01-31 18:21:41.185672+00"
"3305","CELAYA BLDV 2","T3247","Blvrd Adolfo López Mateos 1014, Col. Centro, 38060 Celaya, Gto.","https://www.google.com/maps/place/Tiendas+3B,+Blvrd+Adolfo+L%C3%B3pez+Mateos+1014,+Col.+Centro,+38060+Celaya,+Gto./@20.5194472,-100.8274603,17z/data=!4m9!1m2!2m1!1sTiendas+3B,+Blvrd+Adolfo+L%C3%B3pez+Mateos,+Colonia+Centro,+Celaya,+Guanajuato!3m5!1s0x842cbb755dffc3cd:0x65b59c29226b0df7!8m2!3d20.5194472!4d-100.8274603!16s%2Fg%2F11yb07j6sq","2025-02-04","2025-02-04 19:01:43.609675+00","2025-02-04 19:01:43.556734+00"
"3338","SLP HERNAN CORTEZ","T3069","Av. Hernán Cortes 607, Las Piedras, 78150 San Luis Potosí, S.L.P.","https://maps.app.goo.gl/9xyYa8BGUmXEmK6t7","2025-02-05","2025-02-05 16:55:22.348816+00","2025-02-05 16:55:22.315292+00"
"3371","AGS JESUS MARIA","T2204","Agustín de Iturbide 214, Zona Centro, 20920 Jesús María, Ags.","https://maps.app.goo.gl/pZpWQZjfHVJ6ECg26","2025-02-05","2025-02-05 17:46:51.549793+00","2025-02-05 17:46:51.541975+00"
"3372","AGS PABELLON","T2441","C. Revolución 11, 5 de Mayo, 20676 Pabellón de Arteaga, Ags.","https://maps.app.goo.gl/CFQni9jkAnabMZeE6","2025-02-05","2025-02-05 18:53:56.1392+00","2025-02-05 18:53:56.135419+00"
"3404","JAL OJUELOS","T2850",NULL,NULL,"2025-02-06","2025-02-06 21:06:16.562824+00","2025-02-06 21:06:16.522945+00"
"3437","SLP JASSOS","T2160","Av. Jassos 270-294, La Cantera, 78420 San Nicolás de los Jassos, S.L.P.","https://maps.app.goo.gl/wLj6w4AJ5VE8ePFP9","2025-02-07","2025-02-07 19:41:11.150422+00","2025-02-07 19:41:11.144253+00"
"3470","JAL LAGOS DE MORENO EL TESORO","T2615","C. Alfredo Padilla s/n, Vista Hermosa, 47443 Lagos de Moreno, Jal.","https://maps.app.goo.gl/apvbzbYVoXUB22rx8","2025-02-11","2025-02-11 21:47:58.771643+00","2025-02-11 21:47:58.757002+00"
"3471","AGS ALTAMIRA","T2521","Puerto de Guaymas 153, 20126 Aguascalientes, Ags.","https://maps.app.goo.gl/BvpdvKBz1Zzi7qtV9","2025-02-11","2025-02-11 22:19:22.876679+00","2025-02-11 22:19:22.874048+00"
"3503","SANTA BARBARA","T2727","AV MALIBU 580 VILLA DE POZOZ SAN LUIS POTOSI SLP 78397","https://maps.app.goo.gl/Rfa9f7XT4hySupZq6","2025-02-12","2025-02-12 21:30:36.762491+00","2025-02-12 21:30:36.743499+00"
"3536","GTO CELAYA ALLENDE","T2897","Ignacio Allende 115, Col. Centro, 38000 Celaya, Gto.","https://maps.app.goo.gl/VPud7Zn7t1PsWExt5","2025-02-14","2025-02-14 21:24:46.986448+00","2025-02-14 21:24:46.973306+00"
"3537","GTO MERCADO CAÑITOS","T832","Los Aztecas, U.H. de Tierras Negras, 38048 Celaya, Gto.","https://maps.app.goo.gl/5NUt2dHhzhkyC4jQ8","2025-02-14","2025-02-14 21:42:37.361111+00","2025-02-14 21:42:37.354083+00"
"3569","GTO MERCADO DORADO","T661","Felipe Angeles 311, La Aurora, 38001 Celaya, Gto.","https://maps.app.goo.gl/mTnz3rRNsMdbMLkK6","2025-02-18","2025-02-18 16:32:02.100992+00","2025-02-18 16:32:02.087492+00"
"3570","CELAYA INSURGENTES","T2684","Lucía García 309, Las Insurgentes, 38080 Celaya, Gto.","https://maps.app.goo.gl/sBAnvDj9GEkr6xV66","2025-02-18","2025-02-18 16:39:58.361515+00","2025-02-18 16:39:58.358513+00"
"3602","SLP CONSTITUCION","T2134","Av. Constitución 710A, Centro Historico, 78000 San Luis Potosí, S.L.P.","https://maps.app.goo.gl/nDo7jJ8mCoT9hotG6","2025-02-19","2025-02-19 16:58:46.789122+00","2025-02-19 16:58:46.784098+00"
"3635","AGS NAZCA","T2238","Av. Cultura Nazca, Mirador de las Culturas II, 20174 Aguascalientes, Ags.","https://maps.app.goo.gl/6AC96HPMMLUyPUPt5","2025-02-19","2025-02-19 20:11:38.422855+00","2025-02-19 20:11:38.410392+00"
"3636","AGS COBANO","T2628","Cam. Al Cóbano LB, Macias Arellano, 20150 Aguascalientes, Ags.","https://maps.app.goo.gl/n7WDFRQXAghqfz7Z7","2025-02-19","2025-02-19 20:19:18.900426+00","2025-02-19 20:19:18.897262+00"
"3637","AGS ADORATRICES","T2520","Prol Adoratrices 658, Desarrollo Especial Rancho Pozo Bravo, 20126 Aguascalientes, Ags.","https://maps.app.goo.gl/1aqFnpx8zEpWgnV69","2025-02-19","2025-02-19 20:51:26.949232+00","2025-02-19 20:51:26.943075+00"
"3668","AGS CLINICA 1","T2730","Av de la Convención de 1914 Sur 304, Lindavista, 20270 Aguascalientes, Ags.","https://maps.app.goo.gl/cVzEdCB1srphx5g67","2025-02-19","2025-02-19 21:27:18.950686+00","2025-02-19 21:27:18.942383+00"
"3701","AGS ARQUEROS","T2993","Av Arqueros 2149, Vista del Sol I, 20264 Aguascalientes, Ags.","https://maps.app.goo.gl/gc9k8SUwnsUGNqKTA","2025-02-19","2025-02-19 23:05:30.070408+00","2025-02-19 23:05:30.063806+00"
"3702","AGS ARQUEROS","T2993","Av Arqueros 2149, Vista del Sol I, 20264 Aguascalientes, Ags.","https://maps.app.goo.gl/gc9k8SUwnsUGNqKTA","2025-02-19","2025-02-19 23:08:50.844945+00","2025-02-19 23:08:50.839406+00"
"3703","EL CAPULIN","T3235","Carr. San Jose Iturbide-Tierra Blanca SN, 37991 El Capulín, Gto.","https://maps.app.goo.gl/MoeTYaPbmWaPjdCt8","2025-02-19","2025-02-19 23:33:22.534559+00","2025-02-19 23:33:22.528306+00"
"3734","CELAYA BLVD","T2561","Blvrd Adolfo López Mateos 806, San Miguel, 38000 Celaya, Gto.","https://maps.app.goo.gl/YfKqqEM7VaTTovPV7","2025-02-20","2025-02-20 17:36:18.159959+00","2025-02-20 17:36:18.144649+00"
"3735","TEQUISQUIAPAN 3","T3359","CARR FEDERAL 120 KM 19+855 COLONIA CENTRO TEQUISQUIAPAN QUERETARO 76750","https://maps.app.goo.gl/5raMh9ZXiq9JNNJr9","2025-02-20","2025-02-20 17:49:23.71378+00","2025-02-20 17:49:23.710797+00"
"3767","AGS VILLA MONTAÑA 2","T3153","Av. Monte Arafat 509, Pozo Bravo, 20126 Ags.","https://maps.app.goo.gl/ef8KZBhUgTwZLN677","2025-02-20","2025-02-20 19:09:52.847611+00","2025-02-20 19:09:52.842385+00"
"3800","QRO EL JACAL","T3399","C. Norberto Aguirre 26, Emiliano Zapata, 76900 Corregidora, Qro.","https://maps.app.goo.gl/oRr15ZS1QZhZWHwNA","2025-02-21","2025-02-21 17:37:40.657514+00","2025-02-21 17:37:40.645464+00"
"3801","SLP PEDRO MORENO","T2324","Pedro Moreno 720, Barrio de Santiago, 78049 San Luis Potosí, S.L.P.","https://maps.app.goo.gl/NkAPqFXrnP7jmQad9","2025-02-21","2025-02-21 18:14:49.120593+00","2025-02-21 18:14:49.116129+00"
"3833","AGS MARGARITAS 2","T3393","Av Margaritas 113, Centro, 20909 Jesús Gómez Portugal, Ags.","https://maps.app.goo.gl/sc5CH8Sfoi7Ks2br9","2025-02-21","2025-02-21 18:59:01.066551+00","2025-02-21 18:59:01.053655+00"
"3866","SLP PONCIANO ARRIAGA","T3060","C. Ponciano Arriaga 108, Lomas del Mezquital, 78137 San Luis Potosí, S.L.P.","https://maps.app.goo.gl/Py1CBGWqKFmyFzds5","2025-02-24","2025-02-25 04:22:34.657341+00","2025-02-25 04:22:34.644822+00"
"3899","AGS LA RIOJA","T2800","Av Abelardo Lopez Rodríguez 3314, 20326 San Ignacio II y III, Ags.","https://maps.app.goo.gl/YLj3BmPH8uCyPqNq9","2025-02-25","2025-02-25 18:05:33.792854+00","2025-02-25 18:05:33.779663+00"
"3932","JAL OJUELOS","T2217","Calle Miguel Hidalgo 36, Centro, 47540 Ojuelos de Jalisco, Jal.","https://maps.app.goo.gl/Z3frX6e68hVZToAt9","2025-02-25","2025-02-25 20:05:38.041456+00","2025-02-25 20:05:38.022769+00"
"3965","QRO MENCHACA 2","T3248","Av. Epigmenio Gonzalez 898, Colinas de Menchaca 2da Secc, 76147 San José el Alto, Qro.","https://maps.app.goo.gl/segdAWWku8QTu1oAA","2025-02-26","2025-02-26 20:06:28.195756+00","2025-02-26 20:06:28.034899+00"
"3998","pabellon 2","T2424","16 de Septiembre 47-a Sur, 5 de Mayo, 20676 Pabellón de Arteaga, Ags.","https://maps.app.goo.gl/pBT8ykXGQMWhKgkh7","2025-02-27","2025-02-27 19:18:39.469824+00","2025-02-27 19:18:39.465429+00"
"4031","LEON LA PALMA","T3590","Guanajuato 389A, Cd Satelite, 37410 León de los Aldama, Gto.","https://maps.app.goo.gl/VzCECjR58LJxZfdP9","2025-02-27","2025-02-27 23:43:26.388529+00","2025-02-27 23:43:26.360078+00"
"4064","AGS PINTORES","T3100","Av. Siglo XXI 2814, Pintores Mexicanos, 20179 Aguascalientes, Ags.","https://maps.app.goo.gl/EQT6GzXKANZqbSMd9","2025-02-28","2025-02-28 19:57:28.927006+00","2025-02-28 19:57:28.908711+00"
"4097","DOLORES HIDALGO NORTE","T1292",NULL,NULL,"2025-03-04","2025-03-04 17:24:31.561913+00","2025-03-04 17:24:31.520439+00"
"4130","SLP CORONEL ROMERO","T2136","Reforma 1950, Alamitos, 78000 San Luis Potosí, S.L.P.","https://maps.app.goo.gl/8nRLxNttuK5VWz4p7","2025-03-05","2025-03-05 19:46:38.35445+00","2025-03-05 19:46:38.346686+00"
"4163","EZEQUIEL MONTES 4","T3245","Joaquín Vega 158, La Uca, 76650 Ezequiel Montes, Qro.","https://maps.app.goo.gl/9Pu8PfAszuSqkowS8","2025-03-07","2025-03-07 18:04:03.743465+00","2025-03-07 18:04:03.71128+00"
"4196","AGS TEPEZALA","T2995","Boulevard Otto Granados Roldán# 118-D, Zona Centro, 20600 Tepezalá, Ags.","https://maps.app.goo.gl/KCf1byT3hPpibdYPA","2025-03-10","2025-03-10 20:01:10.40183+00","2025-03-10 20:01:10.362512+00"
"4229","AGS LOMAS DE VISTA BELLA","T3102","Av Ajedrecistas 600, Lomas de Vistabella, 20298 Aguascalientes, Ags.","https://maps.app.goo.gl/WpEWmtecUDCEZigH6","2025-03-10","2025-03-10 22:02:23.351397+00","2025-03-10 22:02:23.315579+00"
"4262","ABASOLO JUAREZ","T3545","Calle Prol. Blvd. Juárez 115, Juárez, 36977 Abasolo, Gto.","https://maps.app.goo.gl/8Bx8xytiyWuUBnrr7","2025-03-13","2025-03-13 18:26:48.391341+00","2025-03-13 18:26:48.377509+00"
"4295","SLP ONTAÑON","T2135","Coronel Ontañón 180, Barrio de San Sebastian, 78349 San Luis Potosí, S.L.P.","https://maps.app.goo.gl/1UFixE7yTWYByMJc7","2025-03-14","2025-03-14 13:39:58.230549+00","2025-03-14 13:39:58.22082+00"
"4296","SLP ONTAÑON","T2135","Coronel Ontañón 180, Barrio de San Sebastian, 78349 San Luis Potosí, S.L.P.","https://maps.app.goo.gl/1UFixE7yTWYByMJc7","2025-03-14","2025-03-14 13:39:58.355968+00","2025-03-14 13:39:58.346646+00"
"4297","SLP ONTAÑON","T2135","Coronel Ontañón 180, Barrio de San Sebastian, 78349 San Luis Potosí, S.L.P.","https://maps.app.goo.gl/1UFixE7yTWYByMJc7","2025-03-14","2025-03-14 13:39:58.686875+00","2025-03-14 13:39:58.683441+00"
"4328","AGS SAN GERARDO","T3505","Upa, 20342 Aguascalientes, Ags.","https://maps.app.goo.gl/piGqwkuyCu58i66FA","2025-03-17","2025-03-18 00:11:43.370333+00","2025-03-18 00:11:43.348309+00"
"4361","SLP LAGUNA DE CHAPALA","T2700","Laguna de Chapala, San Luis Rey, 78350 San Luis Potosí, S.L.P.","https://maps.app.goo.gl/mZQvToSK1c2hCgSD8","2025-03-17","2025-03-18 02:57:14.578352+00","2025-03-18 02:57:14.552251+00"
"4394","AGS COLINAS DEL RIO","T3018","Antiguo Camino a San Ignacio 231, Línea de Fuego, 20018 Aguascalientes, Ags.","https://maps.app.goo.gl/8p5iozem1b4Tka2k8","2025-03-18","2025-03-18 18:43:26.834733+00","2025-03-18 18:43:26.822188+00"
"4427","AGS COSSIO","T2369","Francisco I. Madero, Centro, 20460 Cosío, Ags.","https://maps.app.goo.gl/TWsypezUEhG89jPK8","2025-03-18","2025-03-18 22:30:21.185853+00","2025-03-18 22:30:21.17691+00"
"4460","GUADALUPE PERALTA","T3390","Juventino de Torre Torres 105-201, José Guadalupe Peralta Gámez, 20196 Aguascalientes, Ags.","https://maps.app.goo.gl/smmvM12cLWBqTFyN9","2025-03-18","2025-03-18 22:49:06.811664+00","2025-03-18 22:49:06.779462+00"
"4493","DOLORES HIDALGO NORTE","T1292","Chem-Trend® PU-2301W","https://maps.app.goo.gl/VSGMKLSgfL1he4rn7","2025-03-20","2025-03-20 18:59:37.703816+00","2025-03-20 18:59:37.681473+00"
"4526","QRO SATELITE","T3288","Av de las Fuentes 1323, Santa Ana, 76110 Santiago de Querétaro, Qro.","https://maps.app.goo.gl/up2EaGMB8Na6TLni9","2025-03-24","2025-03-24 21:10:25.311437+00","2025-03-24 21:10:25.287893+00"
"4559","CADEREYTA 3","T3096","Federal Núm. 120 San Juan del Rio-Xilitla 28, Centro, Zona Centro, 76500 Cadereyta de Montes, Qro.","https://maps.app.goo.gl/GrXFyqziMXGF4GPM9","2025-03-24","2025-03-24 22:03:55.90804+00","2025-03-24 22:03:55.862623+00"
"4592","HGO NOPALA","T1205","Vicente Villagrán 25-1B, Centro, 42470 Nopala de Villagrán, Hgo.","https://maps.app.goo.gl/4K99XzkVdFo8BVY96","2025-03-24","2025-03-24 23:10:11.441844+00","2025-03-24 23:10:11.410457+00"
"4625","HGO TECOZAUTLA","T482","Fray Juan de Sanabria Eje Pte. 21, Morelos, 42440 Tecozautla, Hgo.","https://maps.app.goo.gl/5FisSf5LBZXtUuF99","2025-03-24","2025-03-24 23:21:01.267393+00","2025-03-24 23:21:01.248963+00"
"4658","HGO IXMIQUILPAN 2","T1233","Cecilio Ramírez 12, San Antonio, 42302 Ixmiquilpan, Hgo.","https://maps.app.goo.gl/qW99ayHo7gATDLEeA","2025-03-24","2025-03-24 23:36:50.527226+00","2025-03-24 23:36:50.507113+00"
"4691","HGO EL CARDONAL","T2201","Benito Juárez 173, Manzana Tres, 42370 Cardonal, Hgo.","https://maps.app.goo.gl/Gpr6AS3rq8s61Map9","2025-03-24","2025-03-24 23:42:38.365362+00","2025-03-24 23:42:38.358577+00"
"4724","HGO ZIMAPAN 2","T1580","Jesús García 13, Centro, 42330 Zimapán, Hgo.","https://maps.app.goo.gl/Y8549YpvuCeTizyZ9","2025-03-24","2025-03-24 23:52:43.463174+00","2025-03-24 23:52:43.442519+00"
"4757","AGS PASEOS","T2573","Av Independencia 219, 20907 Paseos de Aguascalientes, Ags.","https://maps.app.goo.gl/brdxiSqzYxJA4svMA","2025-03-25","2025-03-25 06:19:59.239181+00","2025-03-25 06:19:59.234249+00"
"4790","JILOTEPEC 3","T1838","Andrés Molina Enríquez 105, Jilotepec de Andres Molina Enriquez, 54240 Jilotepec de Molina Enríquez, Méx.","https://maps.app.goo.gl/yiySqfisKRtBWzPN7","2025-03-25","2025-03-25 22:54:27.880341+00","2025-03-25 22:54:27.868167+00"
"4823","VILLA DEL CARBON","T486","Juárez 12, Villa del Carbon, 54314 Villa del Carbón, Méx.","https://maps.app.goo.gl/Vte6RsmLy51Ln5cG9","2025-03-25","2025-03-25 23:01:07.129133+00","2025-03-25 23:01:07.122152+00"
"4856","POLOTITLAN 2","T1755","Abasolo 13, 54200 Polotitlán de la Ilustración, Méx.","https://maps.app.goo.gl/HEUZKLZVDshEvFeR7","2025-03-25","2025-03-25 23:09:29.177735+00","2025-03-25 23:09:29.143358+00"
"4889","POLOTITLAN 3","T2637","C. Zaragoza 109, 54200 Polotitlán de la Ilustración, Méx.","https://maps.app.goo.gl/bK9kipHByovCBHQe9","2025-03-25","2025-03-25 23:12:26.024759+00","2025-03-25 23:12:25.988645+00"
"4922","ACULCO","T321","Calle Mariano Abasolo Manzana 023, Centro, 50360 Aculco de Espinoza, Méx.","https://maps.app.goo.gl/bziy5uEt36qfZAat9","2025-03-25","2025-03-25 23:21:12.073408+00","2025-03-25 23:21:12.008663+00"
"4955","ACULCO CASA CULTURA","T688","Av. Manuel del Mazo 2, 50360 Aculco de Espinoza, Méx.","https://maps.app.goo.gl/DDY2HqmHARZeB8e19","2025-03-25","2025-03-25 23:25:28.657831+00","2025-03-25 23:25:28.645968+00"
"4988","ZIMAPAN 2","T1580","Jesús García 13, Centro, 42330 Zimapán, Hgo.","https://maps.app.goo.gl/kNVSQ169Mx9oDLG37","2025-03-26","2025-03-26 21:01:41.603685+00","2025-03-26 21:01:41.588539+00"
"5021","JILOTEPEC 6","T3554","Avenida Vicente Guerrero Ote. 170, Colonia Centro, 54240 Jilotepec de Molina Enríquez, Méx.","https://maps.app.goo.gl/16ooGBhzdDrBbHj59","2025-03-26","2025-03-26 21:07:58.902575+00","2025-03-26 21:07:58.857241+00"
"5054","SANTA ELENA","T2828","Av. de los Maestros, La España, 20238 Aguascalientes, Ags.","https://maps.app.goo.gl/G46wK4PZyYwqdgDq9","2025-03-28","2025-03-28 18:44:53.662922+00","2025-03-28 18:44:53.612599+00"
"5087","HGO MIXQUIAHUALA","T344","J María Morelos 10, Centro, 42700 Mixquiahuala, Hgo.","https://maps.app.goo.gl/PGkgPGFwNhSk76Zt9","2025-03-28","2025-03-28 21:01:16.567609+00","2025-03-28 21:01:16.54889+00"
"5120","TIMILPAN","T2189","Constitución de 1917 418, 50503 San Andrés Timilpan, Méx.","https://maps.app.goo.gl/UGaczgK9VnBo9ZRM8","2025-03-28","2025-03-28 21:14:06.757577+00","2025-03-28 21:14:06.735934+00"
"5153","LEON SAN AGUSTIN","T3466","Uruapan 608, San Agustin, 37240 León de los Aldama, Gto.","https://maps.app.goo.gl/T2mkJF9hdA5Cwp5LA","2025-03-31","2025-03-31 18:21:41.409437+00","2025-03-31 18:21:41.381383+00"
"5186","ALFAJAYUCAN","T666","Morelos 7, Manzana Centro, 42390 Alfajayucan, Hgo.","https://maps.app.goo.gl/8mDJpNmguscFwtrH7","2025-03-31","2025-03-31 19:13:28.791753+00","2025-03-31 19:13:28.768071+00"
"5219","SJR FRANCISCO VILLA","T3566","Gral. Francisco Villa 63, San Juan Bosco, 76807 San Juan del Río, Qro.","https://maps.app.goo.gl/VVbYRXZaeyChdoTWA","2025-03-31","2025-03-31 20:04:36.662037+00","2025-03-31 20:04:36.648981+00"
"5252","PEDRO ESCOBEDO 3","T3565","16 de Septiembre 436, El Toreo, 76700 Pedro Escobedo, Qro.","https://maps.app.goo.gl/7v8P1saYviY5fvBW9","2025-03-31","2025-03-31 20:19:45.13468+00","2025-03-31 20:19:45.12685+00"
"5285","AGS RODOLFO LANDER","T3388","Av Rodolfo Landeros Gallegos, Mirador de las Culturas II, 20174 Aguascalientes, Ags.","https://maps.app.goo.gl/H6rg2YUFbYgSGQUW9","2025-03-31","2025-03-31 20:58:28.553631+00","2025-03-31 20:58:28.541076+00"
"5318","HGO HUICHAPAN 2","T1574","B Juárez, Centro Histórico, 42400 Huichapan, Hgo.","https://maps.app.goo.gl/Yh63cQMbnXtcXsoQ7","2025-04-01","2025-04-01 08:40:54.07317+00","2025-04-01 08:40:53.996041+00"
"5351","HGO TECOZAUTLA CENTRO","T2785",NULL,NULL,"2025-04-01","2025-04-01 08:47:47.178595+00","2025-04-01 08:47:47.162005+00"
"5384","AGS CUMBRES","T2206","Av. Siglo XXI 1403, Nazario Ortiz Garza, 20175 Aguascalientes, Ags.","https://maps.app.goo.gl/5YXNBNz1Rf7tmYty5","2025-04-01","2025-04-01 19:38:13.699192+00","2025-04-01 19:38:13.691751+00"
"5417","AGS RINCON DE ROMOS","T2465","Dr. Alberto Sabin 199, Centro Histórico, 20400 Rincón de Romos, Ags.","https://maps.app.goo.gl/LX2MxVYH3vo776H1A","2025-04-01","2025-04-01 20:03:01.883612+00","2025-04-01 20:03:01.858654+00"
"5450","COMONFORT","T1521","Calle Vicente Guerrero 44, Zona Centro, 38200 Comonfort, Gto.","https://maps.app.goo.gl/F1i5Te88dNfSkCYU6","2025-04-01","2025-04-01 21:17:29.634492+00","2025-04-01 21:17:29.628107+00"
"5483","COMONFORT 2","T2176","Magisterio 2030, Zona Centro, 38200 Comonfort, Gto.","https://maps.app.goo.gl/VhrinPq3LTKFpfDt6","2025-04-01","2025-04-01 21:21:12.443797+00","2025-04-01 21:21:12.43771+00"
"5516","JAL OJUELOS 2","T2850","López Rayon 13, Centro, 47540 Ojuelos de Jalisco, Jal.","https://maps.app.goo.gl/Q5zmGsVL9myBZFT68","2025-04-02","2025-04-02 18:46:10.646833+00","2025-04-02 18:46:10.619643+00"
"5549","TEMASCALCINGO 3","T1886","C. Alfredo del Mazo Manzana 010, Temascalcingo, 50400 Temascalcingo de José María Velasco, Méx.","https://maps.app.goo.gl/wAAun8PLfCYpnZYm6","2025-04-02","2025-04-02 19:54:13.13057+00","2025-04-02 19:54:13.038122+00"
"5582","MOR PRADOS VERDES","T1738","Av. Guadalupe Victoria 1199, Prados Verdes, 58110 Morelia, Mich.","https://maps.app.goo.gl/T87xT29EJqoBfqkQ9","2025-04-02","2025-04-02 20:00:53.49651+00","2025-04-02 20:00:53.483798+00"
"5615","MOR TINIJARO","T1751","Gral. Lázaro Cárdenas Sur 45B, 58337 Morelia, Mich.","https://maps.app.goo.gl/dgSAYA1hQz9gTZyq5","2025-04-02","2025-04-02 20:03:19.813327+00","2025-04-02 20:03:19.756647+00"
"5648","MOR TRINCHERAS","T2891","Cenobio Paniagua 23, Zona Sin Asignación de Nombre de Colonia, 58096 Morelia, Mich.","https://maps.app.goo.gl/X73shBam5qDRXXXKA","2025-04-03","2025-04-03 20:10:37.213946+00","2025-04-03 20:10:37.179786+00"
"5681","MOR FELIX IRETA","T2403","Av. Morelos Sur 1489, Félix Ireta, 58070 Morelia, Mich.","https://maps.app.goo.gl/apZ4VrR3PjdwtnvU9","2025-04-03","2025-04-03 20:37:30.803609+00","2025-04-03 20:37:30.796643+00"
"5714","MCH URIANGATO PLAZA","T2452","Lázaro Cárdenas 11, Plan de Ayala, 38984 Uriangato, Gto.","https://maps.app.goo.gl/Xhssy8vbPcJnppnz7","2025-04-03","2025-04-03 21:11:38.202232+00","2025-04-03 21:11:38.139495+00"
"5747","GTO MOROLEON 4","T2697","C. Jaime Nuno 272, Fundadores de Moroleon, 38810 Moroleón, Gto.","https://maps.app.goo.gl/g58g2aH2dSH3u6ybA","2025-04-03","2025-04-03 21:23:02.64359+00","2025-04-03 21:23:02.637269+00"
"5780","ACAMBAY 4","T3493","Villa De, Francisco Sarabia 14, San Miguel Acambay, 50300 Villa de Acambay de Ruíz Castañeda, Méx.","https://maps.app.goo.gl/yKAuRUzpCuUuDqRe7","2025-04-07","2025-04-07 20:04:01.478413+00","2025-04-07 20:04:01.458373+00"
"5813","JILOTEPEC","T627","Andrés Molina Enríquez 105, Jilotepec de Andres Molina Enriquez, 54240 Jilotepec de Molina Enríquez, Méx.","https://maps.app.goo.gl/NuxsWWHaEM6pJUnC6","2025-04-07","2025-04-07 20:11:57.654923+00","2025-04-07 20:11:57.644584+00"
"5846","JILOTEPEC 2","T1788","Miguel Hidalgo 121-139, Jilotepec de Andres Molina Enriquez, 54240 Jilotepec de Molina Enríquez, Méx.","https://maps.app.goo.gl/yF94zcLozzuYnECq7","2025-04-07","2025-04-07 20:20:16.6678+00","2025-04-07 20:20:16.663181+00"
"5879","AGS CRUCITAS","T3178","Av de la Convención de 1914 Sur 1223, Jesús Terán, 20260 Aguascalientes, Ags.","https://maps.app.goo.gl/vW1VH96teWeL5NUv7","2025-04-07","2025-04-07 22:19:10.018877+00","2025-04-07 22:19:10.012839+00"
"5912","MOR POZA RICA","T2543","Francisco I. Madero 1608, Vasco de Quiroga, 58230 Morelia, Mich.","https://maps.app.goo.gl/7WXZMvt7WueZzfhH6","2025-04-07","2025-04-07 22:59:07.699574+00","2025-04-07 22:59:07.687648+00"
"5945","MOR MANANTIALES","T1830","Manantial del Obispo LB, Campestre los Manantiales, 58186 Morelia, Mich.","https://maps.app.goo.gl/qoTJMvoMs3EKppq68","2025-04-07","2025-04-07 23:03:11.9981+00","2025-04-07 23:03:11.974326+00"
"5978","MOR MERCADO AUDITORIO","T1656","Benedicto López 65, Centro histórico de Morelia, 58000 Morelia, Mich.","https://maps.app.goo.gl/qr8XoiAtkyaw9wyh9","2025-04-07","2025-04-07 23:08:33.993164+00","2025-04-07 23:08:33.986401+00"
"6011","MOR PEDREGAL","T2029","Av Michoacán 13, Jacarandas, 58150 Morelia, Mich.","https://maps.app.goo.gl/XTCXF6TKhf2BhDVp9","2025-04-07","2025-04-07 23:12:29.182328+00","2025-04-07 23:12:29.161632+00"
"6044","VALLE DE SANTIAGO 4","T2888","Leona Vicario 737, Lindavista, 38406 Valle de Santiago, Gto.","https://maps.app.goo.gl/YCpvkq6Q1dUX8c1X9","2025-04-08","2025-04-08 09:05:30.926962+00","2025-04-08 09:05:30.909416+00"
"6045","VALLE DE SANTIAGO 5","T3302","Aguamarina 4, Malpais, 38407 Valle de Santiago, Gto.","https://maps.app.goo.gl/7uqiNTZHLehtpwLK6","2025-04-08","2025-04-08 09:10:35.313363+00","2025-04-08 09:10:35.310324+00"
"6077","SLP PEDRO MONTOYA","T2876","Barrio de Santiago, 78049 San Luis Potosí, S.L.P.","https://maps.app.goo.gl/TWiGDpxe1Sw4XNzL9","2025-04-08","2025-04-08 17:48:03.920325+00","2025-04-08 17:48:03.912579+00"
"6110","MCH JJ TABLADA","T2620","José Juan Tablada 614, Zona Sin Asignación de Nombre de Colonia, 58090 Morelia, Mich.","https://maps.app.goo.gl/vP813XcuUv9ASgj96","2025-04-08","2025-04-08 18:39:27.54221+00","2025-04-08 18:39:27.536274+00"
"6143","AGS TERRANOVA","T3529","Av La Espiga, Vista las Cumbres, 20174 Aguascalientes, Ags.","https://maps.app.goo.gl/FrbyxvJun81Pyxpj7","2025-04-08","2025-04-08 20:03:44.168774+00","2025-04-08 20:03:44.099279+00"
"6176","MCH TARIMBARO METROPOLIS","T2239","Metrópolis ll, 58880 Fraccionamiento Metrópolis II, Mich.","https://maps.app.goo.gl/TX8JHYf3HdFRvKQv5","2025-04-08","2025-04-08 21:52:17.186341+00","2025-04-08 21:52:17.15575+00"
"6209","MCH LA ALDEA","T2672","Av Miguel Hidalgo Sur 300, José Vasconcelos, 58300 La Aldea, Mich.","https://maps.app.goo.gl/4oFxwZn9xmWCcsxW9","2025-04-08","2025-04-08 21:55:18.477526+00","2025-04-08 21:55:18.441918+00"
"6242","MOR EL PORVENIR","T1758","Av Michoacán 520, El Porvenir, 58160 Morelia, Mich.","https://maps.app.goo.gl/9BSVLXUfZdqoD54t9","2025-04-10","2025-04-10 09:06:36.730289+00","2025-04-10 09:06:36.69228+00"
"6275","MOR TENENCIA MORELOS","T3088","C. Calandria 302, Pablo Galeana O las Galeras, 58341 Morelia, Mich.","https://maps.app.goo.gl/kzT7F4Yg7iax4sQc6","2025-04-10","2025-04-10 09:12:27.427938+00","2025-04-10 09:12:27.394534+00"
"6308","MOR LAZARO CARDENAS","T2361","Av Lázaro Cárdenas 1772, Chapultepec Sur, 58260 Morelia, Mich.","https://maps.app.goo.gl/nCo3TbKiKvWSYfeVA","2025-04-10","2025-04-10 09:20:17.150093+00","2025-04-10 09:20:17.143785+00"
"6341","MCH COPANDARO","T2453","Benito Juárez 51, Cuartel 1, 58870 Copándaro de Galeana, Mich.","https://maps.app.goo.gl/UNzAHXknVYwAAat49","2025-04-10","2025-04-10 22:41:42.381162+00","2025-04-10 22:41:42.34507+00"
"6374","MOR CIERVO","T1695","Av Siervo de La Nacion 365, Lomas del Valle, 58170 Morelia, Mich.","https://maps.app.goo.gl/67Umaqh8Xn67GY138","2025-04-10","2025-04-10 22:48:46.461362+00","2025-04-10 22:48:46.451969+00"
"6407","MOR SIERVO","T1695","TIENDAS TRES B SA DE CV","TTB040915CY9","2025-04-10","2025-04-10 22:54:56.678546+00","2025-04-10 22:54:56.631649+00"
"6440","MOR SIERVO","T1695","Av Siervo de La Nacion 365, Lomas del Valle, 58170 Morelia, Mich.","https://maps.app.goo.gl/FXrKyhmwreMjbyhXA","2025-04-10","2025-04-10 22:56:08.49085+00","2025-04-10 22:56:08.472617+00"
"6473","MCH SANTA ANA MAYA","T1648","Fco. I. Madero SN, Centro, Revolución, 58900 Santa Ana Maya, Mich.","https://maps.app.goo.gl/zXY2Pj4DNV7spR4d6","2025-04-10","2025-04-10 23:00:37.730544+00","2025-04-10 23:00:37.712792+00"
"6506","MOROLEON","T1964","Elodia Ledezma 344, Los Alamos, 38827 Moroleón, Gto.","https://maps.app.goo.gl/aQLLrLL6vYZBrMhXA","2025-04-10","2025-04-10 23:06:33.480199+00","2025-04-10 23:06:33.358063+00"
"6507","PLAN SEXENAL","T2117","Plan Sexenal 43, Insurgentes, 38830 Moroleón, Gto.","https://maps.app.goo.gl/gqgMd4KSkdhDsSBq7","2025-04-10","2025-04-10 23:09:18.750969+00","2025-04-10 23:09:18.72165+00"
"6539","MOR LAZARO CARDENAS","T2661","Av Lázaro Cárdenas 1772, Chapultepec Sur, 58260 Morelia, Mich.","https://maps.app.goo.gl/JQRD3rmJ3XtAiz6JA","2025-04-14","2025-04-14 18:22:43.23479+00","2025-04-14 18:22:43.227704+00"
"6572","URIANGATO 3","T2343","C. 5 de Mayo 64, Plan de Ayala, 38984 Uriangato, Gto.","https://maps.app.goo.gl/x4Hd4xbSFKMVrFQ66","2025-04-14","2025-04-14 18:33:27.271274+00","2025-04-14 18:33:27.216274+00"
"6605","MOR TENENCIA MORELOS","T3080","C. Calandria 302, Pablo Galeana O las Galeras, 58341 Morelia, Mich.","https://maps.app.goo.gl/e5w3LbAFJ9svYGsD8","2025-04-14","2025-04-14 18:40:20.879523+00","2025-04-14 18:40:20.818129+00"
"6638","MOR LA CONCHA","T3212","Gral. Sostenes Rocha 113, San Pascual, 58337 Morelia, Mich.","https://maps.app.goo.gl/MkQ1f3Mn6MjuaFAM9","2025-04-14","2025-04-14 19:01:58.613436+00","2025-04-14 19:01:58.568723+00"
"6671","MOROLEON 5","T2636","Blvd. Uriangato, Colinas, 38823 Moroleón, Gto.","https://maps.app.goo.gl/4ZwGNyqKhwtSPHfk7","2025-04-15","2025-04-15 16:53:04.793002+00","2025-04-15 16:53:04.708953+00"
"6704","ZINAPECUARO 3","T2741","Lib. Sur 7, Centro, 58930 Centro, Mich.","https://maps.app.goo.gl/XMqLjnHDtMkw3wrU8","2025-04-15","2025-04-15 16:59:22.652273+00","2025-04-15 16:59:22.645073+00"
"6737","MCH BUCARELI","T1681","C. de Bucareli 1475, Eréndira, 58240 Morelia, Mich.","https://maps.app.goo.gl/FYbaSabkTePwfJJM6","2025-04-15","2025-04-15 17:05:56.690338+00","2025-04-15 17:05:56.645921+00"
"6770","MOROLEON 3","T2366","C. 16 de Septiembre 1301, Los Pinos, 38874 Moroleón, Gto.","https://maps.app.goo.gl/x7wqd483TM8Pekpc6","2025-04-15","2025-04-15 17:11:41.940307+00","2025-04-15 17:11:41.903782+00"
"6803","REFUGIO 2","T2703","Calle Centenario Nte. 152, El refugio, 79664 Cdad. Fernández, S.L.P.","https://maps.app.goo.gl/qzYgFaF6a59wQ1hBA","2025-04-16","2025-04-16 19:07:55.095604+00","2025-04-16 19:07:55.076518+00"
"6804","SLP REFUGIO 2","T2703","Calle Centenario Nte. 152, El refugio, 79664 Cdad. Fernández, S.L.P.","https://maps.app.goo.gl/qzYgFaF6a59wQ1hBA","2025-04-16","2025-04-16 19:11:03.3577+00","2025-04-16 19:11:03.346212+00"
"6836","MCH QUERENDARO","T1229","Narciso Mendoza 80, Centro, 58980 Queréndaro, Mich.","https://maps.app.goo.gl/XL5Hb2oaEr6VbzVu5","2025-04-16","2025-04-16 19:17:40.808411+00","2025-04-16 19:17:40.804662+00"
"6869","MOR SANTIAGUITO","T2976","Calle Sierra de Pichataro 510, Santiaguito, 58117 Morelia, Mich.","https://maps.app.goo.gl/psZHCoTKJRtT3nQS7","2025-04-20","2025-04-20 23:22:10.066795+00","2025-04-20 23:22:10.058654+00"
"6902","MOR LA LOMA","T1809","Calandria 90, 58095 Morelia, Mich.","https://maps.app.goo.gl/qdqBE3m5qFW49ELh6","2025-04-20","2025-04-20 23:31:44.641495+00","2025-04-20 23:31:44.633877+00"
"6935","SLP CAMINO REAL","T2161","Cam. Real a Saltillo 631, Tercera Chica 2, 78107 San Luis Potosí, S.L.P.","https://maps.app.goo.gl/2acuW22BcUEXMV7E8","2025-04-20","2025-04-20 23:42:17.095068+00","2025-04-20 23:42:17.084804+00"
"6968","URIANGATO 3","T3243","C. 5 de Mayo 64, Plan de Ayala, 38984 Uriangato, Gto.","https://maps.app.goo.gl/mUfv5iPRDArmgYHf8","2025-04-21","2025-04-21 06:24:30.980006+00","2025-04-21 06:24:30.973787+00"
"7001","SLP PUENTE DEL CARMEN","T2893","Emiliano Zapata #7, puente del Carmen, 79650 Rioverde, S.L.P puente del Carmen, 79650 Rioverde, S.L.P.","https://maps.app.goo.gl/wtqyFWgRkCnkQn638","2025-04-21","2025-04-21 19:25:05.421656+00","2025-04-21 19:25:05.415205+00"
"7034","SLP CD FERNANDEZ","T2618","Flores Magón 104, 79618 Rioverde, S.L.P.","https://maps.app.goo.gl/RcBny1TM6PaMFb3L9","2025-04-21","2025-04-21 19:28:27.127787+00","2025-04-21 19:28:27.078927+00"
"7067","SLP GAMA","T2768","Calle Dr. Ignacio Gama Salcedo 1007, Zona Centro, 79610 Rioverde, S.L.P.","https://maps.app.goo.gl/D93eDJ4HFJGzyT329","2025-04-21","2025-04-21 19:36:45.988499+00","2025-04-21 19:36:45.980693+00"
"7100","CORONEO","T990","Jerecuaro, A Coroneo 32, Centro, 38590 Acámbaro, Gto.","https://maps.app.goo.gl/ix3Z11W2jfre5Jmj9","2025-04-22","2025-04-22 17:49:32.732232+00","2025-04-22 17:49:32.68555+00"
"7133","SILAO BAILE 2","T2932","Raúl Bailleres Pte. 69-79, Centro, 36100 Silao de la Victoria, Gto.","https://maps.app.goo.gl/a2Mts228nnzQiKSt6","2025-04-22","2025-04-22 20:50:54.785414+00","2025-04-22 20:50:54.761777+00"
"7166","SLP PEDRO MORENO","T2324","Pedro Moreno No 720 Barrio de Santiago San Luis Potosi San Luis Potosi 78049","https://maps.app.goo.gl/xFon7aUJVJcvFeGm6","2025-04-23","2025-04-23 20:20:12.713155+00","2025-04-23 20:20:12.685087+00"
"7199","CELAYA EMILIANO","T1430","Tierra y Libertad 213, Emiliano Zapata, 38030 Celaya, Gto.","https://maps.app.goo.gl/ZRQqTy2ps46c1XacA","2025-04-25","2025-04-25 19:53:46.54519+00","2025-04-25 19:53:46.489029+00"
"7232","EZEQUIEL MONTES 5","T3567","Venustiano Carranza 133, Centro, La Bola, 76650 Ezequiel Montes, Qro.","https://maps.app.goo.gl/cqh62zQKH2Mkb15b7","2025-04-28","2025-04-28 17:56:01.760991+00","2025-04-28 17:56:01.70868+00"
"7265","AV TLACOTE","T3568","Av. Tlacote 213, La Capilla, 76177 Santiago de Querétaro, Qro.","https://maps.app.goo.gl/K8AfogabYZzZacbr8","2025-04-28","2025-04-28 18:51:44.851987+00","2025-04-28 18:51:44.839622+00"
"7298","CELAYA VILLA LOS ARCOS","T1467","Villa de las Misiones 124, La Luz Texas, 38096 Celaya, Gto.","https://maps.app.goo.gl/5zUF6SvH9uupYTny7","2025-04-28","2025-04-28 19:38:30.845926+00","2025-04-28 19:38:30.808828+00"
"7331","GEOVILLAS","T3544","Av. de la Luz 1611, Geovillas, 76116 Santiago de Querétaro, Qro.","https://maps.app.goo.gl/8veWDz3d1gHSsmCp7","2025-04-28","2025-04-28 19:51:12.897446+00","2025-04-28 19:51:12.864667+00"
"7364","TULTEPEC 4","T1984","Av. México & Río Bravo, Tulpetlac, 55418 Ecatepec de Morelos, Méx.","https://maps.app.goo.gl/rzN3GoS1irM446nh7","2025-04-29","2025-04-29 19:43:22.876118+00","2025-04-29 19:43:22.870813+00"
"7365","TULTEPEC 3","T1984","Av. México & Río Bravo, Tulpetlac, 55418 Ecatepec de Morelos, Méx.","https://maps.app.goo.gl/rzN3GoS1irM446nh7","2025-04-29","2025-04-29 19:46:54.038462+00","2025-04-29 19:46:54.033562+00"
"7397","TULTEPEC 2","T942","Zacatecas Manzana 004, Sta Maria Tulpetlac, 55400 Ecatepec de Morelos, Méx.","https://maps.app.goo.gl/7XaZsotChzm1zZBQ7","2025-04-29","2025-04-29 19:53:25.234446+00","2025-04-29 19:53:25.230328+00"
"7430","ECA SAN CARLOS","T136","Central SN, San Carlos, 55080 Ecatepec de Morelos, Méx.","https://maps.app.goo.gl/cNyjaZgPaPkQYFwC9","2025-04-29","2025-04-29 20:03:44.783246+00","2025-04-29 20:03:44.768518+00"
"7431","ECA EL SANTUARIO","T484","Sinaloa 12, Sta Maria Tulpetlac, 55121 Ecatepec de Morelos, Méx.","https://maps.app.goo.gl/oAyW6jVWLHP12ZVaA","2025-04-29","2025-04-29 20:05:54.8074+00","2025-04-29 20:05:54.802589+00"
"7463","HGO GEOVILLAS","T746","Rubí 5, Atempa, 43806 Tizayuca, Hgo.","https://maps.app.goo.gl/fndrsfsaxu3U5nVZ8","2025-04-29","2025-04-29 20:17:55.927918+00","2025-04-29 20:17:55.872338+00"
"7496","TULPETLAC 2","T942","Zacatecas Manzana 004, Sta Maria Tulpetlac, 55400 Ecatepec de Morelos, Méx.","https://maps.app.goo.gl/p8jVCHk9BsguZqCh9","2025-04-29","2025-04-29 20:37:03.631701+00","2025-04-29 20:37:03.620948+00"
"7497","TULPETLAC 3","T1984","Av. México & Río Bravo, Tulpetlac, 55418 Ecatepec de Morelos, Méx.","https://maps.app.goo.gl/hcnh7fsQyi3UobtQ7","2025-04-29","2025-04-29 20:39:37.234762+00","2025-04-29 20:39:37.220482+00"
"7529","HUANDACAREO","T1659","20 de Noviembre s/n, Centro, 58860 Huandacareo, Mich.","https://maps.app.goo.gl/gyhTmrZrL1gzHt8k6","2025-04-29","2025-04-29 20:47:19.642691+00","2025-04-29 20:47:19.638419+00"
"7562","SOYANIQUILPAN","T1236","Emiliano Zapata Poniente 8-10 Carr. San Francisco Soyaniquilpan- Mex S/N, 54280 San Francisco Soyaniquilpan, Méx.","https://maps.app.goo.gl/k83bT2yKFbhoYd8T9","2025-04-29","2025-04-29 20:58:58.791549+00","2025-04-29 20:58:58.780052+00"
"7563","CEDIS 3B TEPOTZOTLAN",NULL,"Fraccionamiento Hacienda del Sol, El Trebol, 54607 San Sebastián, Méx.","https://maps.app.goo.gl/78c9pm1mD9uKsQn66","2025-04-29","2025-04-29 21:00:55.387912+00","2025-04-29 21:00:55.377721+00"
"7595","CEDIS 3B TEPOZ PARK 3","3","Fraccionamiento Hacienda del Sol, El Trebol, 54607 San Sebastián, Méx.","https://maps.app.goo.gl/78c9pm1mD9uKsQn66","2025-04-29","2025-04-29 21:09:15.237391+00","2025-04-29 21:09:15.180571+00"
"7628","SAN JERONIMO","T1535","La Concha 15, San Jeronimo Xonacahuacan, 55745 Santa María Ajoloapan, Méx.","https://maps.app.goo.gl/nHSNrz4AKoCHTgNE7","2025-04-30","2025-04-30 20:31:45.152943+00","2025-04-30 20:31:45.099508+00"
"7661","SAN JERONIMO 2","T1535","La Concha 15, San Jeronimo Xonacahuacan, 55745 Santa María Ajoloapan, Méx.","https://maps.app.goo.gl/nHSNrz4AKoCHTgNE7","2025-04-30","2025-04-30 20:34:03.367906+00","2025-04-30 20:34:03.363628+00"
"7662","ECA CHICO LAS FLORES","T2757","Av de las flores cerrada de las flores Casi esquina Nicolás Bravo, Bélgica, 55066 Ecatepec de Morelos, Méx.","https://maps.app.goo.gl/oDtpjzcf68g7y8HS7","2025-04-30","2025-04-30 20:38:24.840222+00","2025-04-30 20:38:24.792521+00"
"7663","ECA TULPETLAC","T400","Av Chiapas SN, Sta Maria Tulpetlac, 55417 Ecatepec de Morelos, Méx.","https://maps.app.goo.gl/8cMfT2QPpJFPigjs9","2025-04-30","2025-04-30 20:44:23.736246+00","2025-04-30 20:44:23.733559+00"
"7694","STA MA. AJOLOAPAN","T626","5 de Mayo # 9, 55679 Santa María Ajoloapan, Méx.","https://maps.app.goo.gl/M9nuFjsV2YYnJzw19","2025-04-30","2025-04-30 20:52:55.898502+00","2025-04-30 20:52:55.891898+00"
"7727","REAL GRANADA","T1635","Algibes 0, 49, 55760 Real Granada, Méx.","https://maps.app.goo.gl/ue8E7KXUSwrj9ofw6","2025-04-30","2025-04-30 21:09:49.758065+00","2025-04-30 21:09:49.689871+00"
"7760","TRAFICO 2","T378","Emiliano Zapata Manzana 012, El Trafico, 54435 Cdad. Nicolás Romero, Méx.","https://maps.app.goo.gl/LkNTZ82r5bWuZdqy6","2025-05-01","2025-05-02 00:50:12.654983+00","2025-05-02 00:50:12.641555+00"
"7761","TRAFICO","T231","Emiliano Zapata Manzana 003, El Trafico, 54435 Cdad. Nicolás Romero, Méx.","https://maps.app.goo.gl/Q7imgo9TahznoPM77","2025-05-01","2025-05-02 00:51:53.25487+00","2025-05-02 00:51:53.245324+00"
"7793","RIO PAPALOAPAN","T525","Av. Miguel Hidalgo mz 801 lt 36 y 37, Jardines de Morelos, 55070 Ecatepec de Morelos, Méx.","https://maps.app.goo.gl/w79eaAwALV3z5ykx6","2025-05-05","2025-05-05 18:52:09.860389+00","2025-05-05 18:52:09.855657+00"
"7826","LUIS DONALDO","T3309","053, Santo Tomas Chiconautla, 55066 Ecatepec de Morelos, Méx.","https://maps.app.goo.gl/5QUV1yTWFBLEqEFP9","2025-05-05","2025-05-05 19:00:52.394682+00","2025-05-05 19:00:52.377358+00"
"7859","JOAQUIN AMARO","T3526","C. Joaquín Amaro, Ojo de Agua, 55767 Ojo de Agua, Méx.","https://maps.app.goo.gl/spUJinAnHkqEbWce7","2025-05-05","2025-05-05 20:35:11.801075+00","2025-05-05 20:35:11.784375+00"
"7892","ECA SAN CRISTOBAL","T1952","General Emiliano Zapata 67, San Cristóbal Centro, 55000 Ecatepec de Morelos, Méx.","https://maps.app.goo.gl/ymCd2t7hmudBhKrTA","2025-05-05","2025-05-05 21:21:37.318682+00","2025-05-05 21:21:37.308334+00"
"7925","MOR INDEPENDENCIA","T2621","Defensor de Chapultepec 2061, Fraccionamiento La Aurora, 58149 Morelia, Mich.","https://maps.app.goo.gl/A9FPmPuC3yBojuKX8","2025-05-05","2025-05-05 21:53:18.036908+00","2025-05-05 21:53:18.029213+00"
"7926","MOR LEANDRO VALLE","T3171","Defensor de Chapultepec 2061, Fraccionamiento La Aurora, 58149 Morelia, Mich.","https://maps.app.goo.gl/aQvXmfAwmqxKPWSm6","2025-05-05","2025-05-05 21:54:24.88426+00","2025-05-05 21:54:24.881218+00"
"7958","MONERA","T3441","Av del trabajo Sin número, La Monera, 55025 Ecatepec de Morelos, Méx.","https://maps.app.goo.gl/aGo2n1kCgjoctX6q8","2025-05-05","2025-05-05 22:00:36.320911+00","2025-05-05 22:00:36.28363+00"
"7991","HEROES BOSQUES","T2973","Valle San Miguel, 55767 Méx.","https://maps.app.goo.gl/QzAFG3p8LiejxLfn7","2025-05-05","2025-05-05 22:13:16.592156+00","2025-05-05 22:13:16.570391+00"
"8024","SLP HOSPITAL SOLEDAD","t3256","Rosa Mística No106, Rinconada de la Rosa, 78435 Soledad de Graciano Sánchez, S.L.P.","https://maps.app.goo.gl/hTGasijpG9NCZZed9","2025-05-05","2025-05-05 22:25:20.185019+00","2025-05-05 22:25:20.161847+00"
"8057","MOR SAN RAFAEL","T2082","Av Nueva Tepeyac, San Rafael, 58255 Morelia, Mich.","https://maps.app.goo.gl/5LXjrNKeimn6pNsY7","2025-05-05","2025-05-05 22:35:04.991135+00","2025-05-05 22:35:04.977038+00"
"8090","SLP HOSPITAL SOLEDAD","T3256","Rosa Mística No106, Rinconada de la Rosa, 78435 Soledad de Graciano Sánchez, S.L.P.","Rosa Mística No106, Rinconada de la Rosa, 78435 Soledad de Graciano Sánchez, S.L.P.","2025-05-05","2025-05-05 22:49:22.084593+00","2025-05-05 22:49:22.079649+00"
"8123","Tezontepec","T505","Insurgentes 5",NULL,"2025-05-05","2025-05-06 04:53:53.555445+00","2025-05-06 04:53:53.548732+00"
"8156","LOS OLIVOS","T3228","Los Pirules Manzana 028, Villa del Real, 55760 Ojo de Agua, Méx.","https://maps.app.goo.gl/XbQRyk4Fw86EnaX8A","2025-05-06","2025-05-06 18:07:36.060552+00","2025-05-06 18:07:35.995281+00"
"8189","HEROES TIZAYUCA","T949","Blvd. Miguel Hidalgo Y Costilla 8, Los héroes tizayuca, 43803 Tizayuca, Hgo.","https://maps.app.goo.gl/5GKxMinCWjnH3qp17","2025-05-06","2025-05-06 18:16:36.260259+00","2025-05-06 18:16:36.255217+00"
"8222","PS DEL BOSQUE","T3442","Manzana 040, 55767 Ojo de Agua, Méx.","https://maps.app.goo.gl/bmetmZSbev5ntVSz8","2025-05-06","2025-05-06 19:15:39.569945+00","2025-05-06 19:15:39.564155+00"
"8255","HEROES DE SAN PABLO 2","T3173","C. Jerusalem, 55765 Méx.","https://maps.app.goo.gl/Pm8ZR4R8UvqrSYJZA","2025-05-06","2025-05-06 19:21:34.382591+00","2025-05-06 19:21:34.375673+00"
"8288","FERNANDO DE ALBA","T2233","Del Júcar, Gral. Fco. Murguía 23, Ejercito del Trabajo I, 55299 Ecatepec de Morelos, Méx.","https://maps.app.goo.gl/m66WJ92GMoBJPzxk6","2025-05-06","2025-05-06 19:33:54.039127+00","2025-05-06 19:33:54.034397+00"
"8321","FERNANDO DE ALBA","T2233","Del Júcar, Gral. Fco. Murguía 23, Ejercito del Trabajo I, 55299 Ecatepec de Morelos, Méx.","https://maps.app.goo.gl/t9syaLyF78gGxF8G7","2025-05-06","2025-05-06 19:56:06.156871+00","2025-05-06 19:56:06.151824+00"
"8354","AQUILES SERDAN","T3311","Ignacio Zaragoza 474, Aquiles Serdan, 55075 Ecatepec de Morelos, Méx.","https://maps.app.goo.gl/frqUeSQMKhhAcYKJA","2025-05-06","2025-05-06 20:07:09.884063+00","2025-05-06 20:07:09.874721+00"
"8387","FUENTES","T2179","Parque Público, Vía Pública, 43816 Fuentes de Tizayuca, Hgo.","https://maps.app.goo.gl/oZSiJfek6JeiByV66","2025-05-06","2025-05-06 20:40:05.16827+00","2025-05-06 20:40:05.163589+00"
"8388","FUENTES TIZAYUCA","T2179","Parque Público, Vía Pública, 43816 Fuentes de Tizayuca, Hgo.","https://maps.app.goo.gl/oZSiJfek6JeiByV66","2025-05-06","2025-05-06 20:42:50.006972+00","2025-05-06 20:42:50.001831+00"
"8420","SLP MONTECILLOS","T2261","Azteca Sur 301, Azteca Nte., 78310 San Luis Potosí, S.L.P.","https://maps.app.goo.gl/D97R6Xy11dhqDrZt8","2025-05-06","2025-05-06 22:02:49.811858+00","2025-05-06 22:02:49.803779+00"
"8453","SLP CHARCAS","T3521","5 de Mayo, Centro, 78596 Charcas, S.L.P.","https://maps.app.goo.gl/eb7tE9JLvTYdZ7Qp9","2025-05-06","2025-05-06 22:38:54.607014+00","2025-05-06 22:38:54.534809+00"
"8486","VICENTE GUERRERO","T441","1a. Cerrada V. Guerrero Manzana 5 Lote 1, Miguel Hidalgo, 55490 Ecatepec de Morelos, Méx.","https://maps.app.goo.gl/e75VNFh75WbZ6fiLA","2025-05-07","2025-05-07 20:49:27.875427+00","2025-05-07 20:49:27.832696+00"
"8519","HUIQUILPAN","T3622","Avenida Hidalgo, esquina con Calle Rayón sin número, Centro San Pedro, 42190 Zapotlán de Juárez, Hgo.","https://maps.app.goo.gl/wB9khaaWUsq8ySZ18","2025-05-07","2025-05-07 20:55:10.054801+00","2025-05-07 20:55:10.049623+00"
"8552","HUMO","T495","Humo Manzana 243 Lote 15-16 y 17, Jardines de Morelos, 55070 Ecatepec de Morelos, Méx.","https://maps.app.goo.gl/Ao6gqdyEyqP3pTS76","2025-05-07","2025-05-07 21:25:53.899252+00","2025-05-07 21:25:53.8907+00"
"8585","NARCIZO MENDOZA","T452","Avenida Juan Aldama, Lt. 12 Mz.92, Heroes de la Independencia, 55498 Ecatepec de Morelos, Méx.","https://maps.app.goo.gl/287Dzffcf1vrS28P6","2025-05-07","2025-05-07 21:32:31.070055+00","2025-05-07 21:32:31.061919+00"
"8618","ENCINO","T779","Encino 11 Lt 11 Mz 34, Tierra Blanca, 55000 Ecatepec de Morelos, Méx.","https://maps.app.goo.gl/Ez8X3VR6HQbVZNGD6","2025-05-07","2025-05-07 21:42:58.366611+00","2025-05-07 21:42:58.361698+00"
"8651","CIRCUNVALACION SUR","T1101","Av. Cvln. Sur 9, Jardines de Casa Nueva, 55430 Ecatepec de Morelos, Méx.","https://maps.app.goo.gl/qQkWxQAyYWNmuHV8A","2025-05-07","2025-05-07 21:47:14.243549+00","2025-05-07 21:47:14.204257+00"
"8684","ARGENTINA","T2234","Argentina 135, San Agustin 3ra Secc A, 55130 Ecatepec de Morelos, Méx.","https://maps.app.goo.gl/hyMkbBQvyyDcmNtt5","2025-05-07","2025-05-07 21:57:18.74786+00","2025-05-07 21:57:18.697832+00"
"8717","LA PRADERA ECATEPEC","T2202","Insurgente, Manzana 3 lote 9, La Pradera, 55050 Ecatepec de Morelos, Méx.","https://maps.app.goo.gl/pahcgA6vCgvJXJTt7","2025-05-07","2025-05-07 22:02:56.64353+00","2025-05-07 22:02:56.636499+00"
"8750","HGO VILLAS DE PACHUCA","T1288","San Antonio, 42111 Pachuca de Soto, Hgo.","https://maps.app.goo.gl/1PndJVovKnyEMBRz8","2025-05-07","2025-05-07 22:13:05.062384+00","2025-05-07 22:13:05.030843+00"
"8783","CAMPIÑA DE ARAGON","T710","Avenida Juan Aldama, Lt. 12 Mz.92, Heroes de la Independencia, 55498 Ecatepec de Morelos, Méx.","https://maps.app.goo.gl/KF9g5mXW47aU4Xqd7","2025-05-07","2025-05-07 22:27:18.678459+00","2025-05-07 22:27:18.673257+00"
"8816","EL CHAMIZAL","T1925","Av de los Chopos 789, San Cristóbal, 55024 Ecatepec de Morelos, Méx.","https://maps.app.goo.gl/KU6z1Bi2kVK6tEVG8","2025-05-07","2025-05-07 22:33:15.743218+00","2025-05-07 22:33:15.714455+00"
"8849","HACIENDA DE GUADALUPE","T1669","Carr. Federal Pachuca - Mexico 164-Entrada a, Haciendas de Tizayuca, 43810 Hgo.","https://maps.app.goo.gl/cBDcs7J5o2H9jG7o9","2025-05-07","2025-05-07 22:36:43.014736+00","2025-05-07 22:36:43.002636+00"
"8882","SAN GERONIMO 2","T1535","La Concha 15, San Jeronimo Xonacahuacan, 55745 Santa María Ajoloapan, Méx.","https://maps.app.goo.gl/g4KvwNFEpi8uRq9Q8","2025-05-07","2025-05-07 22:40:37.937859+00","2025-05-07 22:40:37.920017+00"
"8915","JARDINES DE MORELOS 2","T513","Jardines de Morelos & Morelos, Jardines de Morelos, 55070 Ecatepec de Morelos, Méx.","https://maps.app.goo.gl/5HtVt93cMCmMo3rY9","2025-05-07","2025-05-07 22:48:14.731653+00","2025-05-07 22:48:14.686387+00"
"8948","TEPOJACO","T1404","Tepojaco, 43823 Tepojaco, Hgo.","https://maps.app.goo.gl/4omAQDwLDoHGc1Dr8","2025-05-08","2025-05-08 17:18:35.296708+00","2025-05-08 17:18:35.291394+00"
"8981","PROGRESO ECATEPEC","T902","Av. Francisco Villa Mz 1 Lt 14, Texalpa, 55541 Ecatepec de Morelos, Méx.","https://maps.app.goo.gl/ivRjxfUShwPA5zmL6","2025-05-08","2025-05-08 17:30:34.81332+00","2025-05-08 17:30:34.797592+00"
"9014","LECHERIA","T2568","Lechería - Texcoco. Ctra. Lechería-Texcoco, Cto Metropolitano Esq, 55065 Ecatepec de Morelos, Méx.","https://maps.app.goo.gl/3sQQ7sT75Qhmt9zR7","2025-05-08","2025-05-08 17:34:17.59677+00","2025-05-08 17:34:17.584708+00"
"9047","SAN ANDRES","T057","Clímaco Ramírez 2, San Andres, 55780 Jaltenco, Méx.","https://maps.app.goo.gl/nMzDVJ1FTch8jEYL7","2025-05-08","2025-05-08 17:56:43.349875+00","2025-05-08 17:56:43.338177+00"
"9048","SAN ADRES","T057","https://maps.app.goo.gl/nMzDVJ1FTch8jEYL7","https://maps.app.goo.gl/nMzDVJ1FTch8jEYL7","2025-05-08","2025-05-08 17:57:16.13188+00","2025-05-08 17:57:16.128721+00"
"9080","JARDINES MORELOS 3","T1713","Jardines de Morelos y Morelos, Jardines de Morelos, 55070 Ecatepec de Morelos, Méx.","https://maps.app.goo.gl/Jw4LpdrdUSYTQ69k9","2025-05-08","2025-05-08 18:03:36.156784+00","2025-05-08 18:03:36.140603+00"
"9113","LA VIA","T427","Av Ojo de Agua 7, Portal Chiconautla, 55066 Ecatepec de Morelos, Méx.","https://maps.app.goo.gl/wzbWd6jUw4dYVC4u5","2025-05-08","2025-05-08 18:23:28.521009+00","2025-05-08 18:23:28.515636+00"
"9146","TECOZAUTLA 2","T1317","Calz. Guadalupe Eje Nte. 25, Morelos, 42443 Morelos, Hgo.","https://maps.app.goo.gl/MmHkaGShvYCXJa3Y8","2025-05-08","2025-05-08 21:21:03.553788+00","2025-05-08 21:21:03.548856+00"
"9147","TECOZAUTLA 2","T1317","https://maps.app.goo.gl/MmHkaGShvYCXJa3Y8","https://maps.app.goo.gl/MmHkaGShvYCXJa3Y8","2025-05-08","2025-05-08 21:22:04.16842+00","2025-05-08 21:22:04.165717+00"
"9179","SANTA MARIA 2","T1948","Av. 16 de Septiembre 136, Sta Maria Ajoloapan, 55750 Santa María Ajoloapan, Méx.","https://maps.app.goo.gl/FmvESUnafXg8w2gr6","2025-05-09","2025-05-09 16:25:03.324754+00","2025-05-09 16:25:03.31911+00"
"9212","ACTOPAN","T461","Mexico - Laredo Km. 119, Centro, Obrera, 42501 Actopan, Hgo.","https://maps.app.goo.gl/KVhtGnnk6gBF8u2R6","2025-05-09","2025-05-09 16:41:54.911661+00","2025-05-09 16:41:54.906548+00"
"9245","SANTIAGO TLAPACOYA","T2583","Calle Miguel Hidalgo 677, Santiago Tlapacoya, 42110 Santiago Tlapacoya, Hgo.","https://maps.app.goo.gl/ASWEzBDx7sNZ578q8","2025-05-09","2025-05-09 16:46:42.122982+00","2025-05-09 16:46:42.105812+00"
"9278","CHICONAUTLA","T009","Circuito Cuauhtèmoc, Ciudad Cuauhtemoc, Cd Cuauhtemoc, 55067 Ecatepec de Morelos, Méx.","https://maps.app.goo.gl/Z38Acbe9V6ZGk1hV8","2025-05-09","2025-05-09 17:02:25.32745+00","2025-05-09 17:02:25.322329+00"
"9311","R1","T1151","Av. R1, Vía Adolfo López Mateos 29, Faja de Oro, 55490 Ecatepec de Morelos, Méx.","https://maps.app.goo.gl/JnHtL5CgwEtYYGv46","2025-05-09","2025-05-09 17:18:46.31977+00","2025-05-09 17:18:46.263459+00"
"9344","SEGOR","T040","L 1- 3, Av. Cegor, Nuevo Paseo de San Agustin, 55130 Ecatepec de Morelos, Méx.","L 1- 3, Av. Cegor, Nuevo Paseo de San Agustin, 55130 Ecatepec de Morelos, Méx.","2025-05-09","2025-05-09 17:34:51.295636+00","2025-05-09 17:34:51.291217+00"
"9377","MOR LEANDRO VALLE","T3171","Defensor de Chapultepec 2061, Fraccionamiento La Aurora, 58149 Morelia, Mich.","https://maps.app.goo.gl/koBdnFzA676rDokA9","2025-05-09","2025-05-09 17:40:26.606989+00","2025-05-09 17:40:26.601662+00"
"9378","MOR NIÑOS HEROES","T2982","C. Juan de la Barrera Inzarruaga 540, Ninos Heroes de Chapultepec, 58149 Morelia, Mich.","https://maps.app.goo.gl/VJ5obvJWQFvoQugp6","2025-05-09","2025-05-09 17:44:16.944847+00","2025-05-09 17:44:16.942076+00"
"9410","MCH QUIROGA","T1888","Reforma 225A, Centro, Tercero, 58420 Quiroga, Mich.","https://maps.app.goo.gl/Lz5kY8KpB3jEyuQn6","2025-05-09","2025-05-09 18:15:55.740213+00","2025-05-09 18:15:55.73599+00"
"9443","SAGITARIO","T478","Ejercito del Trabajo I, 55299 Ecatepec de Morelos, Méx.","https://maps.app.goo.gl/vfK4p8TweGAreZPc8","2025-05-09","2025-05-09 18:19:59.643206+00","2025-05-09 18:19:59.638314+00"
"9476","LLANO DE LOS BAEZ","T1887","Lázaro Cárdenas 22, Nueva Diaz Ordaz, 55050 Ecatepec de Morelos, Méx.","https://maps.app.goo.gl/TkAjSofgfTVXcQSf9","2025-05-09","2025-05-09 18:23:22.483769+00","2025-05-09 18:23:22.470841+00"
"9509","CAPILLA OJO DE AGUA","T595","Capilla 17, Ojo de Agua, 55770 Ojo de Agua, Méx.","https://maps.app.goo.gl/Rh9scoL7zH5S5hRX6","2025-05-09","2025-05-09 18:31:30.153202+00","2025-05-09 18:31:30.144301+00"
"9542","SANTA MARIA","T753","Bolívar Manzana 004, Santa María Atarasquillo, 52044 Santa María Atarasquillo, Santa María Atarasquillo, 52044 México, Méx.","https://maps.app.goo.gl/929JbeCmxrL2A6o3A","2025-05-09","2025-05-09 18:36:32.253489+00","2025-05-09 18:36:32.247859+00"
"9575","AV MEXIQUENSE","T3525","C. Mexiquense, Los Heroes Tecamac, 55764 Ojo de Agua, Méx.","https://maps.app.goo.gl/7ZHN5gqohQ5fpHaT7","2025-05-09","2025-05-09 18:44:06.721705+00","2025-05-09 18:44:06.716169+00"
"9608","SANTA MARIA CAHUACAN","T1232","Francisco Villa Manzana 018, 54430 Santa María Magdalena Cahuacán, Méx.","https://maps.app.goo.gl/5LsFiQK88hD2EWmQA","2025-05-09","2025-05-09 18:51:05.470471+00","2025-05-09 18:51:05.46139+00"
"9641","HACIENDA LA CRUZ","T3363","JPMQ+QX, Hacienda la cruz, 76267 Hacienda la Cruz, Qro.","https://maps.app.goo.gl/AfDr75rSSDWHFnpT7","2025-05-12","2025-05-12 19:48:09.535043+00","2025-05-12 19:48:09.50663+00"
"9674","JAL ENCARNACION LIBRAMIENTO","T3324","Felipe Angeles, 47270 Encarnación de Díaz, Jal.","https://maps.app.goo.gl/UzSHscq3nwwduDxp7","2025-05-12","2025-05-12 19:57:13.547198+00","2025-05-12 19:57:13.541429+00"
"9707","HGO MIXQUIAHUALA 3","T1633","Av Reforma 745, Centro, 6ta Demarcación, 42700 Mixquiahuala, Hgo.","https://maps.app.goo.gl/Um9zS7J9iVqCQBoF7","2025-05-12","2025-05-12 21:16:05.109386+00","2025-05-12 21:16:05.104513+00"
"9740","VALLE DE SANTIAGO","T1203","Av. Mena 183, Centro, 38400 Valle de Santiago, Gto.","https://maps.app.goo.gl/da5QCKyNWxZ88vG68","2025-05-12","2025-05-12 21:29:23.037889+00","2025-05-12 21:29:22.996406+00"
"9773","MEXICO INDEPENDIENTE","T426","Antonio Díaz Soto y Gama Manzana 002, Lomas de Tecamac, 55765 Fraccionamiento Soc. Progresivo Santo Tomás Chiconautla, Méx.","https://maps.app.goo.gl/PyS3tfeWAzrQYzBi9","2025-05-12","2025-05-12 22:05:22.935094+00","2025-05-12 22:05:22.930588+00"
"9774","3438 Tezontepec 2","3438","Calle sin nombre S/N Panuaya col Tezontepec de Aldama, Hidalgo cp 42763",NULL,"2025-05-12","2025-05-12 22:06:15.707973+00","2025-05-12 22:06:15.705249+00"
"9775","REAL CID","T1552","Ibérica 36, Fraccionamiento Real del Cid, Ampliacion Esmeralda, 55770 Ojo de Agua, Méx.","https://maps.app.goo.gl/EvXjmRoBgbKNuszZ8","2025-05-12","2025-05-12 22:07:29.778629+00","2025-05-12 22:07:29.775927+00"
"9776","OZUMBILLA","T540","Av. 16 de Septiembre 29, Ozumbilla, 55760 Ojo de Agua, Méx.","https://maps.app.goo.gl/z6hCucWF2HWr3W28A","2025-05-12","2025-05-12 22:13:02.112315+00","2025-05-12 22:13:02.109739+00"
"9806","SAN FRANCISCO","T1371","Av. San Francisco Manzana - 19 Lote - 16, San Francisco Cuautliquixca, 55760 México, Méx.","https://maps.app.goo.gl/FDsMrTyBx3GF4QATA","2025-05-12","2025-05-12 22:18:59.235151+00","2025-05-12 22:18:59.191719+00"
"9839","SANTO TOMAS CHICONAUTLA","T3183","Av. Francisco Villa 28, Santo Tomas Chiconautla, 55066 Ecatepec de Morelos, Méx.","https://maps.app.goo.gl/LWa4gcA3KjqpZSod7","2025-05-12","2025-05-12 22:51:05.744388+00","2025-05-12 22:51:05.696322+00"
"9872","SANTO TOMAS CHICONAUTLA","T3183","Av. Francisco Villa 28, Santo Tomas Chiconautla, 55066 Ecatepec de Morelos, Méx.","https://maps.app.goo.gl/LWa4gcA3KjqpZSod7","2025-05-12","2025-05-12 22:53:14.949079+00","2025-05-12 22:53:14.941333+00"
"9905","SAN MARTIN 2","T60","Calle Edo. de Morelos, Hugo Cervantes del Rio &, Ejidos de Tecamac, 55748 San Martín Azcatepec, Méx.","https://maps.app.goo.gl/DfLshpxwwMAzgRCN6","2025-05-12","2025-05-12 23:10:04.361089+00","2025-05-12 23:10:04.355422+00"
"9938","SAN MARTIN","T130","Entre Calle Ignacio Allende y, Boulevard Insurgentes, Benito Juárez, San Martin de Porres, 55050 Ecatepec de Morelos, Méx.","https://maps.app.goo.gl/qBRwYhRAFFYzhhvq5","2025-05-12","2025-05-12 23:21:48.460671+00","2025-05-12 23:21:48.454162+00"
"9971","ACAMBARO MERCADO","T1540","AV MIGUEL HIDALGO 698 COL CENTRO ACAMBARO GTO 38600","https://maps.app.goo.gl/VD8kUYVbtLbPBUWN8","2025-05-13","2025-05-13 18:17:44.083089+00","2025-05-13 18:17:44.052772+00"
"10004","ACAMBARO 10 DE MAYO","T1829","TIENDAS TRES B SA DE CV","TTB040915CY9","2025-05-13","2025-05-13 18:21:03.323783+00","2025-05-13 18:21:03.30845+00"
"10037","LA CURVA","T385","AVENIDA MORELOS FRACC JOSE MARIA MORELOS Y PAVON ECATEPEC MEXICO CP. 55118","https://maps.app.goo.gl/2iAz3gAZ61t9DTmN9","2025-05-13","2025-05-13 18:32:08.991296+00","2025-05-13 18:32:08.984284+00"
"10070","PASEOS DE LA PLATA","T1494","San Antonio, 42082 Pachuca de Soto, Hgo.","https://maps.app.goo.gl/pK16q3sDib2dUxoE6","2025-05-13","2025-05-13 19:00:16.029066+00","2025-05-13 19:00:16.024319+00"
"10103","JILOTZINGO","T1234","16 DE SEPTIEMBRE SAN MARCOS JILITZINGO MEXICO 55690","https://maps.app.goo.gl/5982CQLFiNRUF74T8","2025-05-13","2025-05-13 19:03:42.691407+00","2025-05-13 19:03:42.682262+00"
"10136","CHICONAUTLA","T12","CUAHUTEMOC ESQ NEZAHUALCOYOTL ECATEPEC MEXICO 55067","https://maps.app.goo.gl/xDRFQvcqdjaGGuBF9","2025-05-13","2025-05-13 19:10:06.943661+00","2025-05-13 19:10:06.927548+00"
"10169","TEXALPA","T284","FRANCISCO VILLA TEXALPA ECATEPEC MEXICO 55541","https://maps.app.goo.gl/m32Zu847S35i3Vjc7","2025-05-14","2025-05-14 18:04:30.357334+00","2025-05-14 18:04:30.350593+00"
"10202","FUENTES DE SAN CRISTOBAL","T886","AV MEXICO 8 JARDINES DE ECATEPEC 55040 ECATEPEC MEXICO","https://maps.app.goo.gl/pCMPijgosKovjdcJ7","2025-05-14","2025-05-14 18:10:17.636719+00","2025-05-14 18:10:17.600891+00"
"10235","ACAYUCA","T956","JOSE MARIA PINOSUAREZ 13 CENTRO ACAYUCA HIDALGO 42191","https://maps.app.goo.gl/eBryWurkjBvhJwAt7","2025-05-14","2025-05-14 18:15:44.150301+00","2025-05-14 18:15:44.145969+00"
"10268","HEROES ECATEPEC","T922","BLVD INDEPENDENCIA 52 HEROES ECATEPEC , ECATEPEC MEXICO","https://maps.app.goo.gl/yK5cmWebuEY142X59","2025-05-14","2025-05-14 18:52:27.636828+00","2025-05-14 18:52:27.632147+00"
"10301","PROGRESO ECAYEPEC  2","T1832","FRANCISCO VILLA 3 GUADALUPE VICTORIA 55010 ECATEPEC MEXICO","https://maps.app.goo.gl/t29Es9nDDtLeGSu4A","2025-05-14","2025-05-14 19:02:57.094977+00","2025-05-14 19:02:57.084062+00"
"10302","PROGRESO ECATEPEC","T1832","FRANCISCO VILLA 3 GUADALUPE VICTORIA ECATEPEC 5505","https://maps.app.goo.gl/t29Es9nDDtLeGSu4A","2025-05-14","2025-05-14 19:08:39.051844+00","2025-05-14 19:08:39.040467+00"
"10334","VALLE DEL DON","T3182","AV VALLE DEL DON 447 GRANJAS INDEPENDENCIA ECATEPEC MEXICO 55290","https://maps.app.goo.gl/kcoUf7LkzXfmFnSm7","2025-05-15","2025-05-15 18:24:43.314494+00","2025-05-15 18:24:43.309953+00"
"10367","CHICONAUTLA 3","T049","DE LOS ESCRITORES CD CAUHUTEMOC ECATEPEC MEXICO 55063","https://maps.app.goo.gl/ECc57ZXMiS6EcEEy6","2025-05-15","2025-05-15 18:42:38.974823+00","2025-05-15 18:42:38.959059+00"
"10400","GUADIANA 2","T389","VALLE DE GUADIANA MZ 035 GRANJAS INDEPEDENCIA ECATEPEC MEXICO 55290","https://maps.app.goo.gl/VNub6cKrrcjBgZru8","2025-05-15","2025-05-15 18:54:49.353794+00","2025-05-15 18:54:49.349128+00"
"10433","JUCAR","T1164","AV MIGUEL HIDALGO NUEVA ARAGON ECATEPEC MEXICO 55264","https://maps.app.goo.gl/Mne3EnTdmJQPK3peA","2025-05-15","2025-05-15 19:54:07.811272+00","2025-05-15 19:54:07.802657+00"
"10466","MOR SAN RAFAEL","T2082","AV NUEVA TEPEYAC SAN RAFAEL ECATEPEC MEXICO 58255","https://maps.app.goo.gl/Uyvjg6tMuqtaZVm69","2025-05-15","2025-05-15 20:05:58.907377+00","2025-05-15 20:05:58.890538+00"
"10499","MOR TORREON NUEVO","T2128","AV TORREON NUEVO 1913 MORELIA MICHOACAN 58116","https://maps.app.goo.gl/8MfkvchD6murg7cK8","2025-05-15","2025-05-15 20:51:52.56382+00","2025-05-15 20:51:52.55498+00"
"10532","MCH CAPULA","T3169","AV VASCO DE QUIROGA 449 DE DOLORES CAPULA MICHOACAN 58331","https://maps.app.goo.gl/2MrCFDAYNjgv4AAf6","2025-05-15","2025-05-15 21:06:32.18484+00","2025-05-15 21:06:32.164463+00"
"10565","MCH PATZCUARO","T1936","GENERAL BENIGNO SERRATO 153 EL CRISTO PATZCUARO MICHOACAN 61608","https://maps.app.goo.gl/mZ6PnMaxNTdA3NJf9","2025-05-15","2025-05-15 21:11:38.836696+00","2025-05-15 21:11:38.817391+00"
"10598","CELAYA MUTUALISMO","T1661","Mutualismo 702-C, Residencial Celaya, 38060 Celaya, Gto.","https://maps.app.goo.gl/52WNSv7rKBqJuovu5","2025-05-16","2025-05-16 18:08:10.343252+00","2025-05-16 18:08:10.290267+00"
"10631","HGO IZTACIHUATL","T278","C. Iztacihuatl sn, El Palmar, Amp Sta Julia, 42080 Pachuca de Soto, Hgo.","https://maps.app.goo.gl/vU2aNPYaD4GDMQeS9","2025-05-16","2025-05-16 20:25:03.824677+00","2025-05-16 20:25:03.819494+00"
"10664","RECURSOS HIDRAULICOS","T1460","CALLE 16 GRANJAS ECATEPEC ECATEPEC MEXICO 55029","https://maps.app.goo.gl/chSyp58pRH5Vh9TL6","2025-05-16","2025-05-16 20:35:23.550534+00","2025-05-16 20:35:23.538321+00"
"10697","URIANGATO","T1138","SEBASTIAN LERDO DE TEJADA 17 CENTRO URIANGATO GUANAJUATO","https://maps.app.goo.gl/eranjvfSjJaZnsJu6","2025-05-16","2025-05-16 20:40:20.267959+00","2025-05-16 20:40:20.263757+00"
"10730","MOR PRIMO TAPIA","T2466","ALBERTO CORIA 268 PRIMO TAPIA MORELIA MICHOACAN 58217","https://maps.app.goo.gl/dyz1KdT7BQD9Zb2W7","2025-05-16","2025-05-16 20:49:49.653446+00","2025-05-16 20:49:49.646549+00"
"10763","MOR PRIMO TAPIA","T2466","ALBERTO CORIA 268 PRIM TAPIA MORELIA MICHOACAN 58217","https://maps.app.goo.gl/iduBfhwEG3TiiVeE8","2025-05-16","2025-05-16 20:56:48.928545+00","2025-05-16 20:56:48.923945+00"
"10796","ZINAPECUARO","T969","AV MIGUEL HIDALGO 22 CENTRO ZINAPECUARO MICHOACAN 58930","https://maps.app.goo.gl/n2zXoL2pC6LEo2wM8","2025-05-19","2025-05-19 18:12:47.592505+00","2025-05-19 18:12:47.588421+00"
"10829","PATZCUARO 2","T2671","FEDERICO TENA 23 CENTRO PATZCUARO MICHOACAN 61605","https://maps.app.goo.gl/99XFKTYim5jpuQbv7","2025-05-19","2025-05-19 19:22:52.202061+00","2025-05-19 19:22:52.195595+00"
"10830","ERONGARICUARO","T3234","AV MAESTRO ALFONSO URUETA 28 SAN FRANCISCO ERONGARICUARO MICHOACAN  61630","https://maps.app.goo.gl/3ZF3HRE8fv4KPnV99","2025-05-19","2025-05-19 19:26:45.723791+00","2025-05-19 19:26:45.721311+00"
"10862","TLAHUELILPAN  2","T1999","HIDALGO 30 CENTRO TLAHUELILPAN HIDALGO 42780","https://maps.app.goo.gl/K8nebk6dDyxNjrrF6","2025-05-19","2025-05-19 19:35:59.670105+00","2025-05-19 19:35:59.665432+00"
"10895","SANTA TERESA 4","T782","PASEO DEL GAVILAN FRACCIONAMIENTO SANTA TERESA MEXICO 54694","https://maps.app.goo.gl/7pMuZbwVEa3KAPhx6","2025-05-19","2025-05-19 19:45:33.69392+00","2025-05-19 19:45:33.688955+00"
"10928","TIZAYUCA","T166","Julian Villagran 15, Nacozari, 43804 Tizayuca, Hgo.","https://maps.app.goo.gl/tKCxr12jv7H76FAd7","2025-05-19","2025-05-19 20:07:23.858933+00","2025-05-19 20:07:23.838036+00"
"10961","TIZAYUCA","T653","NIÑOS HEROES CUXTITLA 43803 TIZAYUCA HIDALGO","https://maps.app.goo.gl/oaKuEaCExG1efoS47","2025-05-19","2025-05-19 20:11:50.80065+00","2025-05-19 20:11:50.78477+00"
"10994","TIZAYUCA 2","T653","NIÑOS HEROES SN TIZAYUCA HIDALGO 43803","https://maps.app.goo.gl/At4mkjr1hhgjy7FEA","2025-05-19","2025-05-19 20:19:59.42089+00","2025-05-19 20:19:59.415106+00"
"11027","HEROES SAN PABLO","T1815","MEDITERRANEO MZ 14 LTE 19 55765 SAN PABLO MEXICO","https://maps.app.goo.gl/YS6LXCNGQqwS25Tq7","2025-05-19","2025-05-19 20:25:01.454125+00","2025-05-19 20:25:01.44957+00"
"11028","HEROES 2","T11","LUIS MOYA MZ 156 HEROES TECAMAC  55763 OJO DE AGUA MEXICO","https://maps.app.goo.gl/8RN8hhQhYaPWFhmz5","2025-05-19","2025-05-19 20:28:10.163725+00","2025-05-19 20:28:10.13972+00"
"11060","JARDINES TIZAYUCA","T3475","Boulevar Ejército Mexicano 177, Cuenca Lechera, 43803 Tizayuca, Hgo.","https://maps.app.goo.gl/qkVDvf2Hv48ntDZk6","2025-05-19","2025-05-19 20:37:10.501037+00","2025-05-19 20:37:10.497153+00"
"11093","NUEVO LAREDO","T462","RIO BRAVO 43 NUEVO LAREDO ECATEPEC MEXICO 55031","https://maps.app.goo.gl/4BW8dYtLD8xY4c9t9","2025-05-19","2025-05-19 20:47:40.013728+00","2025-05-19 20:47:39.916777+00"
"11126","REAL VERONA","T1744","PASEO DE CASTILLA 243 LOS HEROES OZUMBILLA OJO DE AGUA MEXICO 55767","https://maps.app.goo.gl/rAFDNw5AQfpRd47W8","2025-05-19","2025-05-19 20:56:51.501027+00","2025-05-19 20:56:51.495537+00"
"11159","JARDINES CASA NUEVA","T373","AV CENTRAL STA CLARA JARDINES DE CASA NUEVA ECATEPEC MEXICO 55130","https://maps.app.goo.gl/ZRcFBFV3PK3eidiU8","2025-05-19","2025-05-19 21:04:01.891523+00","2025-05-19 21:04:01.87218+00"
"11192","PALACIO TIZAYUCA","T3423","Cda. Allende 690, Centro, 43808 Tizayuca, Hgo.","https://maps.app.goo.gl/JvMvycPcKkY15y6p9","2025-05-20","2025-05-20 17:59:55.484493+00","2025-05-20 17:59:55.472062+00"
"11225","HEROES TIZAYUCA","T3151","MANZANA 218 LOS HEROES TIZAYUCA, TIZAYUCA MEXICO","https://maps.app.goo.gl/Q3TK1YsUWePpX3iw9","2025-05-20","2025-05-20 19:38:47.674762+00","2025-05-20 19:38:47.661993+00"
"11258","ZITLALTEPEC","T129","AV 16 DE SEPTIEMBRE SAN LORENZO ZUMPANGO MEXICO 55628","https://maps.app.goo.gl/uKAYeGbe4hd4bwUJ7","2025-05-20","2025-05-20 23:11:53.756748+00","2025-05-20 23:11:53.75014+00"
"11291","REAL TOLEDO 2","T2458","C. Antiguo Camino de F.F.C.C. 248, Real de Toledo, 42119 Pachuca de Soto, Hgo.","https://maps.app.goo.gl/iQ6jADwMAhjm5ZCM6","2025-05-21","2025-05-21 17:46:47.24856+00","2025-05-21 17:46:47.243271+00"
"11324","BOSQUES DEL PEÑAR","T2241","BOSQUES DEL PEÑAR PACHUCA DE SOTO HIDALGO 42094","https://maps.app.goo.gl/jZw8V8omoaVUHqFZ6","2025-05-21","2025-05-21 17:52:24.600086+00","2025-05-21 17:52:24.591645+00"
"11357","HEROES 3","T1206","OZUMBILLA MZ 13 SECC 7 OJO DE AGUA MEXICO 55764","https://maps.app.goo.gl/sXhhxH9qcHfT676w7","2025-05-21","2025-05-21 18:04:32.007988+00","2025-05-21 18:04:32.001321+00"
"11390","TLALMINULPAN","T3367","Del Nte. 60, 42970 Tlalminulpa, Hgo.","https://maps.app.goo.gl/WbR9dweDWXBECYqC7","2025-05-21","2025-05-21 18:11:55.117626+00","2025-05-21 18:11:55.111706+00"
"11391","HGO VITO","T3237","https://maps.app.goo.gl/4afuz3H1HZk7ubNT8","https://maps.app.goo.gl/tMjtMQEdMmpDkPtY8","2025-05-21","2025-05-21 18:15:10.403964+00","2025-05-21 18:15:10.400119+00"
"11423","ACOSAC 2","T698","16 de Sept. 7, Reyes Acozac, 55755 Los Reyes Acozac, Méx.","https://maps.app.goo.gl/1pbSwuvfnPPaQg5fA","2025-05-22","2025-05-22 18:22:27.746693+00","2025-05-22 18:22:27.738515+00"
"11456","CUITZEO","T3551","Manzana 007, Villas de la Laguna, 55614 Villas de la Laguna, Méx.","https://maps.app.goo.gl/uvcU1tXkkZM7Wh1n7","2025-05-22","2025-05-22 18:29:14.616289+00","2025-05-22 18:29:14.577247+00"
"11489","HGO AJACUBA","T386","Av. 16 de Enero 19291, Centro, 42150 Ajacuba, Hgo.","https://maps.app.goo.gl/KAQ8m1S1k6D159cB8","2025-05-22","2025-05-22 18:49:21.217476+00","2025-05-22 18:49:21.094576+00"
"11522","ZUMPANGO","T1630","Paseo de los Continentes, 55635 Zumpango de Ocampo, Méx.","https://maps.app.goo.gl/o9x9PBZvauDTcymv7","2025-05-22","2025-05-22 19:01:37.328229+00","2025-05-22 19:01:37.314129+00"
"11523","ZUMPANGO SAN JUAN","T1630","Paseo de los Continentes, 55635 Zumpango de Ocampo, Méx.","https://maps.app.goo.gl/o9x9PBZvauDTcymv7","2025-05-22","2025-05-22 19:02:39.166942+00","2025-05-22 19:02:39.08886+00"
"11555","HGO LIBRAMIENTO","T2625","Libramiento 42, Nacozari, 43803 Tizayuca, Hgo.","https://maps.app.goo.gl/BL323yw815FRbkq59","2025-05-23","2025-05-23 12:30:08.752645+00","2025-05-23 12:30:08.747164+00"
"11588","VALLE DE GUADIANA","T399","Valle de Guadiana Manzana 035 Mz.3, Lte. 13, Granjas Independencia B, 55290 Ecatepec de Morelos, Méx.","https://maps.app.goo.gl/5mWvkxULj4SMTa5b6","2025-05-23","2025-05-23 12:46:06.540241+00","2025-05-23 12:46:06.532488+00"
"11621","HGO LA PALMA","T2686","Boulevar La Palma 2247, La Palma, 42083 Pachuca de Soto, Hgo.","https://maps.app.goo.gl/PX92rm5HYe5KCEQ16","2025-05-23","2025-05-23 12:57:44.569527+00","2025-05-23 12:57:44.5607+00"
"11654","PASEOS DEL MARQUEZ","T1118","Av. Paseos del Lago Mz 2-Lt 1, Paseos del Lago II, II, 55607 Paseos del Lago II, Méx.","https://maps.app.goo.gl/GAsWrPcWhde33ZWw6","2025-05-26","2025-05-26 21:27:05.430718+00","2025-05-26 21:27:05.425287+00"
"11687","PASEOS DEL LAGO","T1118","AV PASEOS DEL LAGO MTZ 2 LOTE 1 FRACC PASEOS DEL LAGO II MPO ZUMPANGO EDO DE MEXICO CP 55607","https://maps.app.goo.gl/nYaeTVDv8yTvXojq6","2025-05-26","2025-05-26 22:00:49.684336+00","2025-05-26 22:00:49.678632+00"
"11720","REAL NAVARRA","T1733","Av. Real Navarra, 43845 México, Hgo.","https://maps.app.goo.gl/EzShZvoyX4maneRGA","2025-05-26","2025-05-26 22:03:12.046687+00","2025-05-26 22:03:12.038085+00"
"11753","TIZAYUCA CENTRO","T2538","https://maps.app.goo.gl/jkiRPb2YF6hooTpS7","https://maps.app.goo.gl/RkNctyh6tzTCcMak7","2025-05-26","2025-05-26 22:22:05.236077+00","2025-05-26 22:22:05.22548+00"
"11786","LAS AMERICAS","T1525","Bvld. Las americas Mz, 55076 México, Méx.","https://maps.app.goo.gl/2TPSUcBN2RBuGhB29","2025-05-26","2025-05-26 22:37:07.655004+00","2025-05-26 22:37:07.648109+00"
"11819","LAS AMERICAS","T1625","Bvld. Las americas Mz, 55076 México, Méx.","https://maps.app.goo.gl/ZcWQWEvnu1Xrnugo6","2025-05-26","2025-05-26 22:42:45.074043+00","2025-05-26 22:42:45.065045+00"
"11852","TECALCO","T1792","Benito Juárez 42, 55747 San Pablo Tecalco, Méx.","https://maps.app.goo.gl/6fGrcqGbTZNfR2ai8","2025-05-26","2025-05-26 22:51:30.18473+00","2025-05-26 22:51:30.134123+00"
"11885","SANTA ANA","T059","20 de Noviembre 214, Central, 55790 Santa Ana Nextlalpan, Méx.","https://maps.app.goo.gl/3s8PmM2wCPGg3vub9","2025-05-27","2025-05-27 19:43:55.229397+00","2025-05-27 19:43:55.214401+00"
"11918","SLP CHARCAS","T3521","5 de Mayo, Centro, 78596 Charcas, S.L.P.","https://maps.app.goo.gl/VDa1XdKvnMKfoeRr5","2025-05-28","2025-05-28 19:22:11.555529+00","2025-05-28 19:22:11.548163+00"
"11919","ZACACALCO","T778","Hidalgo, Al Jagüey de Las Milpas, 55680 San Francisco Zacacalco, Méx.","https://maps.app.goo.gl/wtq7hLy5oi7czKnLA","2025-05-28","2025-05-28 19:28:04.241643+00","2025-05-28 19:28:04.223309+00"
"11951","HUYOPOXTLA","T1384","Carr. Mexico-Zumpango Manzana 017, 55670 Hueypoxtla, Méx.","https://maps.app.goo.gl/SAWEkePLBkcA2PU3A","2025-05-28","2025-05-28 19:45:59.213206+00","2025-05-28 19:45:59.15586+00"
"11952","SAN MIGUEL TECAMAC","T2972","Valle San Miguel 55770, 55770 Ojo de Agua, Méx.","https://maps.app.goo.gl/fs9LeRNbZEwNbUPC9","2025-05-28","2025-05-28 19:49:54.694425+00","2025-05-28 19:49:54.680991+00"
"11984","SAN CAYETANO","T919","C. Cofre de Perote 328, San Cayetano el Bordo, 42088 Pachuca de Soto, Hgo.","https://maps.app.goo.gl/ZMkVXqNT63vZy7DJ9","2025-05-28","2025-05-28 19:55:43.098609+00","2025-05-28 19:55:43.091877+00"
"12017","ZUMPAGO SAN MUIGUEL","T727","Manzana 011, San Miguel, 55600 Zumpango de Ocampo, Méx.","https://maps.app.goo.gl/KCcWLGdvpiUxKuLr9","2025-05-28","2025-05-28 20:05:49.119379+00","2025-05-28 20:05:49.113579+00"
"12050","TEMASCALAPA","T448","C. Reforma 6, San Antonio, 55890 Temascalapa, Méx.","https://maps.app.goo.gl/k6CjkvDP5EzBszaq5","2025-05-28","2025-05-28 20:15:36.27513+00","2025-05-28 20:15:36.267311+00"
"12083","HGO SANTIAGO TLAPACOYA","T2383","Calle Miguel Hidalgo 677, Santiago Tlapacoya, 42110 Santiago Tlapacoya, Hgo.","https://maps.app.goo.gl/GtAcgVEoJrMXEgVL6","2025-05-29","2025-05-29 18:46:12.878656+00","2025-05-29 18:46:12.768212+00"
"12084","VALLE DEL SOL","T3027","Calle Sin Nombre Segunda Seccion Numero 1500 Lote, Fraccionamiento Valle, El Sol 2DA Seccion, 42082 Pachuca de Soto, Hgo.","https://maps.app.goo.gl/9XVENHZQwXsAqsEc7","2025-05-29","2025-05-29 18:53:58.51295+00","2025-05-29 18:53:58.504125+00"
"12116","CIRCUITIO CUAHUTEMOC","T3111","012, Cd Cuauhtemoc, 55066 Ecatepec de Morelos, Méx.","https://maps.app.goo.gl/mn3CKK1EQ59R5q4Y7","2025-05-29","2025-05-29 19:05:19.802551+00","2025-05-29 19:05:19.791616+00"
"12117","REPUBLICA DE COSTA RICA","T3038",NULL,NULL,"2025-05-29","2025-05-29 19:07:31.013222+00","2025-05-29 19:07:31.009288+00"
"12149","TIZAYUCA OLMOS","T1107","Av Concepcion, 43810 Don Antonio, Hgo.","Av Concepcion, 43810 Don Antonio, Hgo.","2025-05-30","2025-05-30 18:27:09.284402+00","2025-05-30 18:27:09.216361+00"
"12150","SAN ANTONIO","T110","Lluvia 29, Cd Amanecer, 55267 Ecatepec de Morelos, Méx.","https://maps.app.goo.gl/6WjNJsvuJnnxEd7fA","2025-05-30","2025-05-30 18:31:16.607924+00","2025-05-30 18:31:16.581612+00"
"12182","HACIENDA TIZAYUCA","T843","Haciendas de Tizayuca, 43815 Haciendas de Tizayuca, Hgo.","https://maps.app.goo.gl/eddRE7eirzwAA5sG7","2025-05-30","2025-05-30 18:51:38.080777+00","2025-05-30 18:51:38.07005+00"
"12215","ENCINOS","T1605","Paseo de los Álamos Manzana 003, 55635 Zumpango de Ocampo, Méx.","https://maps.app.goo.gl/LJQBrUmsLkHKf24aA","2025-05-30","2025-05-30 18:59:14.60802+00","2025-05-30 18:59:14.569414+00"
"12248","ESTANCIAS 2","T3599","Fraccionamiento la Estancia, 38185 Santiago de Querétaro, Qro.","https://maps.app.goo.gl/pMHfhAXUkT3uFVo5A","2025-06-02","2025-06-02 18:19:44.776384+00","2025-06-02 18:19:44.744717+00"
"12281","QRO SAN RAFAEL","T3542","AV SAN RAFAEL S/N, COL PASEOS DE SAN MIGUEL, QRO, 76118","https://maps.app.goo.gl/2vEd17VkveLkyEBc8?g_st=aw","2025-06-02","2025-06-02 19:54:21.242089+00","2025-06-02 19:54:21.237103+00"
"12314","DURAZNO","T2224","Manzana 005, Granjas Independencia C, 55290 Ecatepec de Morelos, Méx.","https://maps.app.goo.gl/frUdvsN4x8DWWTzSA","2025-06-02","2025-06-02 20:46:49.16711+00","2025-06-02 20:46:49.162008+00"
"12347","NATURA TIZAYUCA","T2971","Paseos de los Sauces 20 Colonia, 43817 Cdad. Natura, Hgo.","https://maps.app.goo.gl/G5KFJiAXKvaTVD9P8","2025-06-02","2025-06-02 21:12:46.521592+00","2025-06-02 21:12:46.516732+00"
"12348","CONEJOS","T3236","Carretera principal Atotonilco-Conejos, Primera sección S/N, 42990 Conejos, Hgo.","https://maps.app.goo.gl/TkD3FECvcEPQifFf9","2025-06-02","2025-06-02 21:18:28.030682+00","2025-06-02 21:18:28.014283+00"
"12380","PALMAR","T2732","C. Valle de Arán 1918, El Palmar, Valle del Palmar, 42084 Pachuca de Soto, Hgo.","https://maps.app.goo.gl/JUDGPMrGqhLkyMpv6","2025-06-02","2025-06-02 21:23:33.981251+00","2025-06-02 21:23:33.976318+00"
"12381","APAXCO","T444","Av. Juárez 44, Olimpica, 55660 Apaxco de Ocampo, Méx.","https://maps.app.goo.gl/4FwPoGYGgUj5HLGS8","2025-06-02","2025-06-02 21:28:06.329255+00","2025-06-02 21:28:06.31163+00"
"12382","APAXCO 2","T1933","De La Estrella Manzana 021, 55660 Apaxco de Ocampo, Méx.","https://maps.app.goo.gl/5xMQ7ooVftqMUo2KA","2025-06-02","2025-06-02 21:31:01.543139+00","2025-06-02 21:31:01.540054+00"
"12413","NOPANCALCO","T918","16 de Septiembre, San Pedro Nopancalco, 42084 Pachuca de Soto, Hgo.","https://maps.app.goo.gl/32rSWm9NoQdEXFtj6","2025-06-03","2025-06-03 18:13:50.974393+00","2025-06-03 18:13:50.948844+00"
"12414","HGO REFORMA AGRARIA","T3401","Av. Reforma Agraria 305, Matilde, 42119 Pachuca de Soto, Hgo.","https://maps.app.goo.gl/ezVNgDTUaZy2FbuV6","2025-06-03","2025-06-03 18:16:56.913719+00","2025-06-03 18:16:56.910785+00"
"12446","ACTOPAN CENTRO","T712","Lerdo de Tejada 65, Centro Sur, 42500 Actopan, Hgo.","https://maps.app.goo.gl/zLdeo9aievn4zGgK9","2025-06-03","2025-06-03 18:23:59.441162+00","2025-06-03 18:23:59.437054+00"
"12447","POTRERO","T1623","Av. Luis Donaldo Colosio Murrieta Manzana 025, Potrero del Rey, Luis Donaldo Colosio, 55029 Ecatepec de Morelos, Méx.","https://maps.app.goo.gl/cGdtdRHdbGQQxRp69","2025-06-03","2025-06-03 18:27:15.459756+00","2025-06-03 18:27:15.453318+00"
"12448","TONANITLA","T502","16 de Septiembre S/N, Villas de Santa María, Centro, 55785 Santa María Tonanitla, Méx.","https://maps.app.goo.gl/jRPAkXNyf64k5BiAA","2025-06-03","2025-06-03 18:30:50.155979+00","2025-06-03 18:30:50.14644+00"
"12479","SAN BARTOLO","449","Blvd. del Valle 1-MZ 014, 55796 Paseos del Valle, Méx.","https://maps.app.goo.gl/PFdhu4bRcrZz1MgC6","2025-06-04","2025-06-04 18:15:10.374959+00","2025-06-04 18:15:10.354667+00"
"12512","SANTA INES","T946","Blvd. del Valle 1-MZ 014, 55796 Paseos del Valle, Méx.","https://maps.app.goo.gl/oSZbX13e6HDzGUEj8","2025-06-04","2025-06-04 18:25:12.277164+00","2025-06-04 18:25:12.271745+00"
"12545","JERONIMO TECAMAC","T3476","Camino a San Jerónimo, Ejido de San Jeronimo Xonacahuacan, 55743 Ajoloapan, Méx.","https://maps.app.goo.gl/3t3w6G6erHDrgAjj9","2025-06-04","2025-06-04 18:47:34.094732+00","2025-06-04 18:47:34.089176+00"
"12578","Hgo san Antonio","T1484","Avenida 16 de enero , Centro, C.P. 42642 San Antonio Zaragoza, Hgo.","https://maps.app.goo.gl/MH7bdjDUkG6BT5NEA","2025-06-05","2025-06-05 18:53:03.433929+00","2025-06-05 18:53:03.427554+00"
"12611","HGO SOLARES","T2695","Av. Solares no. 42110, C.P. 42162 Paseo de los Solares, San Agustín Tlaxiaca, Hgo.","https://maps.app.goo.gl/XydZFRmMakupaekJ7","2025-06-05","2025-06-05 18:58:53.645884+00","2025-06-05 18:58:53.533987+00"
"12644","HGO ACTOPAN 4","T1833","Alonso de Borja 138, Aviación, C.P. 42500, Actopan, Hgo.","https://maps.app.goo.gl/RPWYd5YD8jkGQkwe9","2025-06-05","2025-06-05 19:02:44.312947+00","2025-06-05 19:02:44.30762+00"
"12677","TIZAYUCA 4","T1204","Fco Villa, El Pedregal, 43800 Tizayuca, Hgo.","https://maps.app.goo.gl/uMnDPQsfnbqkNntm7","2025-06-09","2025-06-09 14:08:01.429653+00","2025-06-09 14:08:01.386383+00"
"12710","CHICONAUTLA 4","T148","20 de Noviembre 10, Cd Cuauhtemoc, 55067 Ecatepec de Morelos, Méx.","https://maps.app.goo.gl/Kx7UzrgkxnZb6KVE9","2025-06-09","2025-06-09 23:13:57.262094+00","2025-06-09 23:13:57.240202+00"
"12743","PIRACANTOS","T1511","Av Piracantos, Piracantos, 42088 Pachuca de Soto, Hgo.","https://maps.app.goo.gl/8PqNoLwHh3AFZpYUA","2025-06-09","2025-06-09 23:24:55.372963+00","2025-06-09 23:24:55.334664+00"
"12776","HGO AV FERROCARRIL","T1135","Av Ferrocarril Central 1203, Sta Julia, 42080 Pachuca de Soto, Hgo.","https://maps.app.goo.gl/MNmTWQPDkSxMzRVn7","2025-06-11","2025-06-11 17:49:42.143824+00","2025-06-11 17:49:42.104406+00"
"12809","PACHUCA VERACRUZ","T1163","Calz Veracruz 800, San Bartolo, 42039 Pachuca de Soto, Hgo.","https://maps.app.goo.gl/KHjh2EPEvDgYucA7A","2025-06-11","2025-06-11 18:22:19.323058+00","2025-06-11 18:22:19.28409+00"
"12842","SJR SAN PEDRO AHUACATLAN","T3543","Benito Juárez 59, 76810 San Juan del Río, Qro.","https://maps.app.goo.gl/E3SqKBRvbTy9uaiCA","2025-06-16","2025-06-16 19:04:08.590444+00","2025-06-16 19:04:08.583972+00"
"12875","CHICONAUTLA 2","T012","Cuauhtémoc, esquina calle Nezahualcóyotl Ciudad Cuauhtémoc, 55067 Ecatepec de Morelos, Méx.","https://maps.app.goo.gl/ABToBGRVGTLCKBYP8","2025-06-16","2025-06-16 19:42:31.474099+00","2025-06-16 19:42:31.469849+00"
"12876","AV MEXICO","T034","Av. San Agustín Pte. 110, San Agustin 1ra Secc, 55130 Ecatepec de Morelo, Méx.","https://maps.app.goo.gl/NQ3wApkJpcHaYijX6","2025-06-16","2025-06-16 19:48:52.152135+00","2025-06-16 19:48:52.117158+00"
"12908","HGO PLUTARCO ELIAS CALLES","T511","Av. 5 202, Plutarco Elías Calles, 42035 Pachuca de Soto, Hgo.","https://maps.app.goo.gl/kxSLPCi9cFtpKfDp9","2025-06-16","2025-06-16 19:58:45.84294+00","2025-06-16 19:58:45.775384+00"
"12941","HGO TIZA OLMOS 2","T2886","Av. Rancho Don Antonio Nte. 103 Manzana, Rancho Don Antonio, 43810 Don Antonio, Hgo.","https://maps.app.goo.gl/ox7bXQgAgTFe24CQ9","2025-06-17","2025-06-17 17:38:02.167249+00","2025-06-17 17:38:02.12355+00"
"12974","AZTOMPA","T1710","Pescadores S/N, entre Calle Libertad y, Calle Centenario, San Pedro Atzompa, 55770 Ojo de Agua, Méx.","https://maps.app.goo.gl/jCXZbnf83Jn4QDg89","2025-06-18","2025-06-18 16:30:43.514469+00","2025-06-18 16:30:43.430525+00"
"13007","HGO TEPATEPEC 2","T884","31 de Mayo 4, Centro, II Demarcación, 42660 Tepatepec, Hgo.","https://maps.app.goo.gl/PjW4fXHp1eViGJmMA","2025-06-19","2025-06-19 18:23:13.862704+00","2025-06-19 18:23:13.855237+00"
"13040","LAS PLAZAS","T2121","https://maps.app.goo.gl/r8TNcd4748K5UDz98","https://maps.app.goo.gl/1jDRSwbtt7WiEq1CA","2025-06-19","2025-06-19 19:11:51.315882+00","2025-06-19 19:11:51.306297+00"
"13073","TEPATEPEC 3","T1902","Av. Juárez 14, Centro, II Demarcación, 42660 Tepatepec, Hgo","https://maps.app.goo.gl/KyHPEf56NUnYx5uG9","2025-06-19","2025-06-19 19:29:33.283722+00","2025-06-19 19:29:33.244988+00"
"13074","TEPATEPEC 3","T1902","Av. Juárez 14, Centro, II Demarcación, 42660 Tepatepec, Hgo.","https://maps.app.goo.gl/KyHPEf56NUnYx5uG9","2025-06-19","2025-06-19 19:30:44.537049+00","2025-06-19 19:30:44.534269+00"
"13106","ZONA PLATEADA","T1699","Av. Álamo 109, El Tezontle, 42084 Pachuca de Soto, Hgo.","https://maps.app.goo.gl/t31PR2pJ6KF51RFE8","2025-06-19","2025-06-19 23:16:22.162085+00","2025-06-19 23:16:22.15574+00"
"13139","SAN FRANCISCO DEL RINCON","T2186","María de La Luz Bravo 610A, Jardines de San Francisco, 36352 San Francisco del Rincón, Gto.","https://maps.app.goo.gl/xTfaBqWAAvXhPfjH9","2025-06-20","2025-06-20 18:27:05.612501+00","2025-06-20 18:27:05.603688+00"
"13172","ATOTONILCO DE TULA","T1501","C. República del Salvador 2325, Centro, 42980 Atotonilco de Tula, Hgo.","https://maps.app.goo.gl/qo3P8kZ7h9nVwAER8","2025-06-20","2025-06-20 19:25:40.338053+00","2025-06-20 19:25:40.326126+00"
"13205","TLAPANALOYA","T445","Av. 16 de Septiembre 6, Tlapanaloya, 55653 Tlapanaloya, Méx.","https://maps.app.goo.gl/ZhVD7vhC2YirBSVJ7","2025-06-23","2025-06-23 18:51:00.4629+00","2025-06-23 18:51:00.453564+00"
"13238","NICOLAS BRAVO","T002","Av. Nicolás Bravo 544, Jardines de Morelos, 55070 Ecatepec de Morelos, Méx.","https://maps.app.goo.gl/8mFWHtPyWchgTnFMA","2025-06-24","2025-06-24 18:34:20.578466+00","2025-06-24 18:34:20.573051+00"
"13271","TECAMAC","T1235","Av, 5 de Febrero S/N, Tecamac, 55740 Tecámac de Felipe Villanueva, Méx.","https://maps.app.goo.gl/6NEzfVPVWxeJU3jJA","2025-06-25","2025-06-25 18:17:05.179659+00","2025-06-25 18:17:05.174727+00"
"13304","Santa Julia","T628",NULL,NULL,"2025-06-26","2025-06-26 22:31:54.063996+00","2025-06-26 22:31:54.055487+00"
"13337","LIBRAMIENTO DE MORELOS","T3620","C. República del Salvador 203, Bóvedas, 42982 Atotonilco de Tula, Hgo.","https://maps.app.goo.gl/zxyf56rvEAw3nwQy5","2025-06-27","2025-06-27 18:12:54.841005+00","2025-06-27 18:12:54.834783+00"
"13370","SJR SAN PEDRO AHUACATLAN 2","T3601","Benito Juárez 10, 76810 San Juan del Río, Qro.","https://maps.app.goo.gl/Bem7uQWsmbyQ7nBM7","2025-06-30","2025-06-30 17:53:10.808735+00","2025-06-30 17:53:10.803261+00"
"13371","EZEQUIEL MONTES 7","T3824","Heroico Colegio Militar SN, La Bola, 76650 Ezequiel Montes, Qro.","https://maps.app.goo.gl/PKk2pujTK5ua1xjh8","2025-06-30","2025-06-30 19:00:59.484901+00","2025-06-30 19:00:59.480051+00"
"13372","SLP VILLA DE REYES","T2940","Iturbide 14, Santuario, 79500 Villa de Reyes, S.L.P.","https://maps.app.goo.gl/fyupLMbADGdyXgRf8","2025-06-30","2025-06-30 19:23:17.033292+00","2025-06-30 19:23:17.029905+00"
"13373","SJR QUINTA SAN RAFAEL","T3784","Av Tecnológico 46 A, Quintas de Guadalupe, 76806 San Juan del Río, Qro.","https://maps.app.goo.gl/EGCLe2cSRcWLJjLp7","2025-06-30","2025-06-30 20:17:15.102857+00","2025-06-30 20:17:15.099551+00"
"13374","SJR NARANJOS","T3672","Blvrd Pablo Cabrera 71, Centro, 76800 San Juan del Río, Qro.","https://maps.app.goo.gl/Z22WvjuKZu1d4x7H7","2025-06-30","2025-06-30 20:53:30.915755+00","2025-06-30 20:53:30.912294+00"
"13403","LEON COECILLO","T3436","Héroes de la Independencia 436, El Coecillo, 37260 León de los Aldama, Gto.","https://maps.app.goo.gl/x332dTYnsSwojczu8","2025-07-01","2025-07-01 18:02:29.860705+00","2025-07-01 18:02:29.852361+00"
"13404","IRA VALLE VERDE 2","T3615","Agave esq, C. Clavel 4018, Valle Verde, 36555 Irapuato, Gto.","https://maps.app.goo.gl/N8h3WLt9uAWzRX7W9","2025-07-01","2025-07-01 19:41:21.463523+00","2025-07-01 19:41:21.4605+00"
"13436","AGS SAN GERARDO","T3505",NULL,NULL,"2025-08-18","2025-08-18 21:18:51.313156+00","2025-08-18 21:18:51.303751+00"
"13469","AGSJESUS MARIA 2","2440","Agustín de Iturbide 214, Zona Centro, 20920 Jesús María, Ags.","https://maps.app.goo.gl/kK8fDmGwwDDAvGJ3A","2025-08-19","2025-08-19 21:06:22.300285+00","2025-08-19 21:06:22.293235+00"
"13502","SANTA FE","T3686","P.º del Pavo Real 24, 76930 Residencial Santa Fe, Qro.","https://maps.app.goo.gl/EUi5Emmyv5SJ1v35A","2025-11-12","2025-11-12 06:33:48.500305+00","2025-11-12 06:33:48.493972+00"
"13535","DOCTOR MORA","T2560","C. Irapuato # 24, 37960 Dr. Mora, Gto.","https://maps.app.goo.gl/5FRcnLSokfWusVPf9","2025-11-18","2025-11-18 06:19:25.043835+00","2025-11-18 06:19:25.035369+00"
"13536","SAN JOSE ITURBIDE BUENAVISTA","T3756","37983 San José Iturbide, Gto.","https://maps.app.goo.gl/TdUUJoD9rv1QM2S58","2025-11-18","2025-11-18 06:20:29.311588+00","2025-11-18 06:20:29.308469+00"
"13537","SAN LUIS DE LA PAZ 3","T2934","C. Sierra Gorda 148, Lindavista, 37907 San Luis de la Paz, Gto.","https://maps.app.goo.gl/vTSTPZRaNu6g4Czj8","2025-11-18","2025-11-18 06:30:29.520851+00","2025-11-18 06:30:29.517597+00"
"13538","SAN JOSE ITURBIDE 3","T3541","Plutarco Elías Calles 100, Lomas Taurinas, 37984 San José Iturbide, Gto.","https://maps.app.goo.gl/ko91EoLJ3AhTwS147","2025-11-18","2025-11-18 06:31:31.490805+00","2025-11-18 06:31:31.487056+00"
"13539","PEÑAFLOR","T3877","Blvrd Peña Flor 1005-local B, Ciudad del Sol, 76116 Santiago de Querétaro, Qro.","https://maps.app.goo.gl/YwgvvxfimvHkX4Uo8","2025-11-18","2025-11-18 06:47:53.127121+00","2025-11-18 06:47:53.124071+00"
"13540","JURIQUILLA","T3828","Blvd. Universitario 508, Jurica Acueducto, 76230 Juriquilla, Qro.","https://maps.app.goo.gl/rnQL8R76KMW4jV6M9","2025-11-18","2025-11-18 06:55:47.990642+00","2025-11-18 06:55:47.987755+00"
"13568","LOMAS DE BANTHI","T4035","Guadalupe Victoria 5, Banthi, 76835 San Juan del Río, Qro.","https://maps.app.goo.gl/eXbsiBf4847XuZANA","2025-11-26","2025-11-26 17:41:09.132893+00","2025-11-26 17:41:09.125315+00"
"13569","SJR HIDALGO 2","T3823","C. Miguel Hidalgo 160, Centro, 76800 San Juan del Río, Qro.","https://maps.app.goo.gl/8RPHfJkjcvfGWtVS9","2025-11-26","2025-11-26 18:27:07.229025+00","2025-11-26 18:27:07.226123+00"
"13570","SJR ESPAÑITA","T4021",NULL,NULL,"2025-11-26","2025-11-26 18:28:13.99783+00","2025-11-26 18:28:13.99484+00"
"13601","FUENTES DE BALVANERA","T965","Lt 17 Mz 2 cda Artiagas Av. Antonio Plaza. Fracc. Fuentes de Balvanera, Supermanzana Mpo, Gdre, Gto.","https://maps.app.goo.gl/gKq8YwcgYfPux5nUA","2025-12-17","2025-12-17 21:53:06.318952+00","2025-12-17 21:53:06.311651+00"
"13602","BALVANERA 3","T3707",NULL,NULL,"2025-12-17","2025-12-17 22:04:34.915565+00","2025-12-17 22:04:34.912454+00"
"13603","SAN LUIS DE LA PAZ 2","T2464","C. Camargo 437, Los Pinos, 37907 San Luis de la Paz, Gto.","https://maps.app.goo.gl/xrc2vMDYxcaTp8Yo6","2025-12-17","2025-12-17 22:09:36.267035+00","2025-12-17 22:09:36.263293+00"
"13604","SAN PEDRO AHUACATLAN 2","T3601","20 de Noviembre 3, 76810 San Juan del Río, Qro.","https://maps.app.goo.gl/j6ucPXuFov6mp4hf9","2025-12-17","2025-12-17 22:15:28.522877+00","2025-12-17 22:15:28.520009+00"
"13605","SAN CAYETANO","T3783","Av Río Moctezuma 268, Nuevo San Juan, 76808 San Juan del Río, Qro.","https://maps.app.goo.gl/9yGkpvB9W1nTm3xQ7","2025-12-17","2025-12-17 22:37:08.522009+00","2025-12-17 22:37:08.519048+00"
"13606","TARANDACUAO","T2114",NULL,NULL,"2025-12-17","2025-12-17 23:14:26.357364+00","2025-12-17 23:14:26.354189+00"
"13607","LA PRADERA","T3785","Refugio Sta. Fé 527, Villas del Refugio, 76269 Santiago de Querétaro, Qro.","https://maps.app.goo.gl/R75LTBTEBB1dRSRm9","2025-12-17","2025-12-17 23:24:28.508267+00","2025-12-17 23:24:28.505248+00"
"13608","EPITACIO HUERTA","T3819","61005 Ejido Ojo de Agua La Ladera, Michoacán","https://maps.app.goo.gl/pp9Jw9iKZdAXYrD99","2025-12-17","2025-12-17 23:32:56.274515+00","2025-12-17 23:32:56.27107+00"
"13609","PUERTA DEL SOL","T3825","Prolongacon Bernardo Quintana Fracción, I y II S/N, Puerta del Sol II, 76114 Santiago de Querétaro, Qro.","https://maps.app.goo.gl/fPDr9oXh4odY2XGq7","2025-12-17","2025-12-17 23:47:48.908433+00","2025-12-17 23:47:48.905553+00"
"13610","JERECUARO 2","T1860","De Juárez 57, Zona Centro, 38540 Jerécuaro, Gto.","https://maps.app.goo.gl/GsdUppiGCp2u6U3s7","2025-12-17","2025-12-17 23:50:50.616967+00","2025-12-17 23:50:50.613915+00"
"13611","JERECUARO","T1291",NULL,NULL,"2025-12-17","2025-12-18 05:24:24.908907+00","2025-12-18 05:24:24.905411+00"
"13612","SJI MOCTEZUMA","T3730",NULL,NULL,"2025-12-17","2025-12-18 05:32:47.678548+00","2025-12-18 05:32:47.67366+00"
"13634","JURIQUILLA","T3828","Blvd. Universitario 508, Jurica Acueducto, 76230 Juriquilla, Qro.","https://maps.app.goo.gl/CULBsseSXQjWaSD28","2025-12-18","2025-12-18 21:10:15.233186+00","2025-12-18 21:10:15.226407+00"
"13635","CIUDAD DEL SOL","T3609",NULL,NULL,"2025-12-18","2025-12-18 21:32:24.133267+00","2025-12-18 21:32:24.130743+00"
"13636","APASEO EL ALTO 3","T3220","Juan Escutia 209, La Mesita, 38506 Apaseo el Alto, Gto.","https://maps.app.goo.gl/dRQs3xqHL6WxuFM89","2025-12-18","2025-12-18 21:48:07.178653+00","2025-12-18 21:48:07.176081+00"
"13637","BALVANERA 3","T3707",NULL,NULL,"2025-12-18","2025-12-18 21:50:56.136191+00","2025-12-18 21:50:56.133361+00"
"13667","MADERO","T2779",NULL,NULL,"2025-12-30","2025-12-31 03:29:12.037026+00","2025-12-31 03:29:12.029832+00"
"13668","APASEO ALTO 3","T3320","C. Francisco I. Madero 143 B, Centro, 76000 Santiago de Querétaro, Qro.","https://maps.app.goo.gl/gwnpKXUHSmdPQ7MP8","2025-12-30","2025-12-31 04:26:19.485629+00","2025-12-31 04:26:19.482932+00"
"13669","APASEO ALTO 4","T3478",NULL,NULL,"2025-12-30","2025-12-31 04:35:49.021241+00","2025-12-31 04:35:49.018587+00"
"13670","APASEO ALTO 2","T1749",NULL,NULL,"2025-12-30","2025-12-31 04:36:12.488016+00","2025-12-31 04:36:12.485427+00"
"13671","APASEO ALTO","T895",NULL,NULL,"2025-12-30","2025-12-31 05:43:32.554786+00","2025-12-31 05:43:32.552018+00"
"13700","PIE DE LA CUESTA 2","T3942",NULL,NULL,"2026-01-01","2026-01-02 02:02:53.969494+00","2026-01-02 02:02:53.960737+00"
"13701","SJI OCAMPO","T3983",NULL,NULL,"2026-01-01","2026-01-02 02:42:51.330379+00","2026-01-02 02:42:51.327361+00"
"13733","LOMA LINDA","T3982",NULL,NULL,"2026-01-06","2026-01-07 05:45:23.842762+00","2026-01-07 05:45:23.835034+00"
"13766","PIRAMIDES","T3861",NULL,NULL,"2026-01-08","2026-01-08 19:59:48.251059+00","2026-01-08 19:59:48.244171+00"
"13799","LAS AMERICAS","T4233",NULL,NULL,"2026-01-16","2026-01-16 21:12:38.193725+00","2026-01-16 21:12:38.186959+00"
"13832","PUEBLITO 4","T3980",NULL,NULL,"2026-01-19","2026-01-19 22:43:30.157556+00","2026-01-19 22:43:30.151173+00"
"13865","ATOTONILCO DE TULA","T539",NULL,NULL,"2026-02-10","2026-02-10 21:07:40.855981+00","2026-02-10 21:07:40.841382+00"
"13898","SANTA ANA JILOTZINGO","T2420","Las Cruces 1, 54570 Santa Ana Jilotzingo, Méx.","https://maps.app.goo.gl/Sjk5uU9dZ7MAidDN7","2026-02-10","2026-02-10 21:50:45.377474+00","2026-02-10 21:50:45.37035+00"
"13931","CUAUTITLAN 4","T930","C. Carrillo Puerto 403, El Huerto, 54807 Cuautitlán, Méx.","https://maps.app.goo.gl/ciFPLNmthhsR3gSn9","2026-02-10","2026-02-10 22:25:15.592115+00","2026-02-10 22:25:15.585119+00"
"13932","TULTEPEC INSURGENTES","T3856","C. Insurgentes 210, El Mirador, 54965 Tultepec, Méx.","https://maps.app.goo.gl/ZCVU7VGoeFzfa3UL7","2026-02-10","2026-02-10 22:33:31.027627+00","2026-02-10 22:33:31.024548+00"
"13933","ALBORADA CUAUTITLAN","T3613","Manzana 030, Alborada, El Terremoto, 54803 Cuautitlán, Méx.","https://maps.app.goo.gl/E2FTchLmAXutwwXh8","2026-02-10","2026-02-10 22:37:57.53889+00","2026-02-10 22:37:57.535837+00"
"13964","HGO SAN NICOLAS","T3735","Av. Hidalgo 46, San Nicolás, 42302 Ixmiquilpan, Hgo.","https://maps.app.goo.gl/9NLtyGC4QFMngJn26","2026-02-10","2026-02-10 22:54:16.855129+00","2026-02-10 22:54:16.850109+00"
"13997","IXMIQUILPAN 4","T3259","Lib. a Cardonal, San Antonio, 42302 Ixmiquilpan, Hgo.","https://maps.app.goo.gl/oTT3xNHDEeYoFq1g7","2026-02-11","2026-02-11 19:11:02.027469+00","2026-02-11 19:11:02.021799+00"
"13998","HGO ATITALAQUIA","T550","16 de Enero 127, Los Angeles, Centro, 42970 Atitalaquia, Hgo.","https://maps.app.goo.gl/fYjUJdN7cp2GfFjx8","2026-02-11","2026-02-11 19:26:52.841517+00","2026-02-11 19:26:52.838758+00"
"13999","TEPOTZOTLAN 2","T214","C. Josefa Ortiz de Domínguez 2, Ricardo Flores Magón, Ricardo Flores Magon, 54607 Tepotzotlán, Méx.","https://maps.app.goo.gl/6isYhZfS6Jn4gxnL9","2026-02-11","2026-02-11 19:34:06.415677+00","2026-02-11 19:34:06.41288+00"
"14000","TEOLOYUCAN 7","T2111","5 de Mayo Manzana 018, Tepanquiahuac, 54770 Teoloyucan, Méx.","https://maps.app.goo.gl/qywzT6esMqrjnzsU7","2026-02-11","2026-02-11 19:48:00.48773+00","2026-02-11 19:48:00.485057+00"
"14001","HGO NOPALA  2","T3532",NULL,NULL,"2026-02-11","2026-02-11 20:00:32.219106+00","2026-02-11 20:00:32.211315+00"
"14030","ALFAJAYUCAN 2","T1576","Higinio Pérez 7, Manzana Centro, 42390 Alfajayucan, Hgo.","https://maps.app.goo.gl/ooLfb9mvXTUTqeSz8","2026-02-11","2026-02-11 22:14:50.286843+00","2026-02-11 22:14:50.268459+00"
"14031","HGO LIBRAMIENTO","T3620","C. República del Salvador 203, Bóvedas, 42982 Atotonilco de Tula, Hgo.","https://maps.app.goo.gl/bqrjMaRVinBwXZQm7","2026-02-11","2026-02-11 22:28:43.410489+00","2026-02-11 22:28:43.407206+00"
"14032","IXMIQUILPAN 7","T4203","Av. Insurgentes Ote. 131, La Reforma, 42302 Ixmiquilpan, Hgo.","https://maps.app.goo.gl/Fwk4ooH9GxHnWcoj9","2026-02-11","2026-02-11 22:43:50.959057+00","2026-02-11 22:43:50.955911+00"
"14033","TULANCINGO","T4238","42838 Ignacio Zaragoza, Hgo.",NULL,"2026-02-11","2026-02-11 22:52:01.093924+00","2026-02-11 22:52:01.089791+00"
"14034","IXMIQUILPAN 6","T4139","42302 Calle Lázaro Cárdenas. Oficial 56, Barrio de, San Miguel, 42302 Ixmiquilpan, Hgo.","https://maps.app.goo.gl/vxzEZkzVimA56XvS8","2026-02-11","2026-02-11 23:02:31.390296+00","2026-02-11 23:02:31.387023+00"
"14063","Aca Granjas Mozimba","T2723","Granjas 124A, Granjas Mozimba, Mozimba, 39460 Acapulco de Juárez, Gro.","https://maps.app.goo.gl/aEXYYt15UeBgmYQp7","2026-02-14","2026-02-14 16:21:59.73083+00","2026-02-14 16:21:59.694262+00"
"14064","Aca seccion 6","T1919","Condominio Central de Abastos, El Quemado s/n, Industrial, 39660 Acapulco de Juárez, Gro.","https://maps.app.goo.gl/YyFQr6ZhZnyRMwa78","2026-02-14","2026-02-14 19:10:53.866506+00","2026-02-14 19:10:53.862784+00"
"14065","Aca corralon","T3179","Juan N. Alvarez 124, Arroyo Seco, Cd Renacimiento, 39715 Acapulco de Juárez, Gro.","https://maps.app.goo.gl/BBwZgKyqjPcZeS8x8","2026-02-14","2026-02-14 19:11:54.182156+00","2026-02-14 19:11:54.179452+00"
"14096","EL LLANO 2","T3440","C. Liberacion Nacional 600, Del Llano, El Llano 1ra Secc, 42803 El Llano, Hgo.","https://maps.app.goo.gl/3jNQ9nM9hU8M4FP3A","2026-02-15","2026-02-16 04:51:45.410271+00","2026-02-16 04:51:45.403893+00"
"14097","HGO MIXQUIAHUALA 4","T3611","Hidalgo 52, Centro, 1ra Demarcación Poniente, 42700 Mixquiahuala, Hgo.","https://maps.app.goo.gl/h93Jjd4s1ZC1ksEV7","2026-02-15","2026-02-16 05:37:43.249426+00","2026-02-16 05:37:43.246539+00"
"14129","ACA CONSTITIYENTES","T1556","Aquiles Serdán 46, centro, Acapulco de Juárez, Guerrero. 39300","https://maps.app.goo.gl/Z7Pisvy3Mz5ahmon6","2026-02-16","2026-02-16 10:37:35.012814+00","2026-02-16 10:37:35.001852+00"
"14130","ACA LA CIMA","T1885","C. sin Nombre S/N-zona 108, La Sabana, 39799 Acapulco de Juárez, Gro.","https://maps.app.goo.gl/Ud3FdvLFPkSaga9NA","2026-02-16","2026-02-16 10:42:34.013243+00","2026-02-16 10:42:33.991338+00"
"14162","NICOLAS ROMERO","T334","Calle 20 de Noviembre 34, Himno Nacional, 54400 Cdad. Nicolás Romero, Méx.","https://maps.app.goo.gl/8tTcpEwSpd4wPpTs5","2026-02-16","2026-02-16 18:09:30.306695+00","2026-02-16 18:09:30.301572+00"
"14195","HGO REAL DE CASTILLA","T2350","Paseo Castilla Manzana -37, Zona2, Comunidad, 42994 El Pedregal, Hgo.","https://maps.app.goo.gl/b7KcAz2PRFfeoQPR8","2026-02-17","2026-02-17 21:41:32.672915+00","2026-02-17 21:41:32.66808+00"
"14196","LA TOSCANA","T1748","Provincia de Bolzano, 42995 Paseos de la Pradera, Hgo.","https://maps.app.goo.gl/Ax9jvoECKiRCntJGA","2026-02-17","2026-02-17 21:48:56.85487+00","2026-02-17 21:48:56.852344+00"
"14197","HGO BICENTENARIO","T1119","Provincia de Bolzano, 42995 Paseos de la Pradera, Hgo.","https://maps.app.goo.gl/PQ83Xbr2erv3i7wYA","2026-02-17","2026-02-17 22:16:27.412948+00","2026-02-17 22:16:27.410208+00"
"14198","HGO EL LLANO","T3015","José Ma Morelos y Pavón 356, El Llano 1 Ra. Secc, 42803 El Llano, Hgo.","https://maps.app.goo.gl/qrjU4TCuTWrxvBY99","2026-02-17","2026-02-17 22:20:51.355923+00","2026-02-17 22:20:51.352954+00"
"14199","NICOLAS ROMERO 3","T194","C. Mariano Escobedo 64, Zaragoza, 54457 Cdad. Nicolás Romero, Méx.","https://maps.app.goo.gl/7wq78b1ippihS4Bi9","2026-02-17","2026-02-17 22:34:43.092122+00","2026-02-17 22:34:43.088978+00"
"14200","NICOLAS ROMERO 2","T176",NULL,NULL,"2026-02-17","2026-02-17 22:44:42.913066+00","2026-02-17 22:44:42.904778+00"
"14201","STA CRUZ DEL MONTE","T816","Real del Oro 3, Santa Cruz del Monte, 54667 Santa Cruz del Monte, Méx.","https://maps.app.goo.gl/NpkuZSqfSgG34BKL9","2026-02-17","2026-02-17 22:52:58.963732+00","2026-02-17 22:52:58.960976+00"
"14202","TEZONTEPEC 4","T3928",NULL,NULL,"2026-02-17","2026-02-17 22:58:39.66314+00","2026-02-17 22:58:39.660075+00"
"14203","NICOLAS ROMERO17","T2693","Av. 16 de Septiembre 48, Hidalgo, 54434 Cdad. Nicolás Romero, Méx.","https://maps.app.goo.gl/gpFdAs3rwDK2xkHX6","2026-02-17","2026-02-17 23:14:36.87918+00","2026-02-17 23:14:36.8764+00"
"14228","ACA LIBERTADORES","T2253",NULL,NULL,"2026-02-18","2026-02-18 19:35:46.572322+00","2026-02-18 19:35:46.564928+00"
"14229","ACA YOKOHAMA","T2183",NULL,NULL,"2026-02-18","2026-02-18 19:40:32.177465+00","2026-02-18 19:40:32.174879+00"
"14230","ACA VICENTE GUERRERO","T2032",NULL,NULL,"2026-02-18","2026-02-18 19:48:50.094106+00","2026-02-18 19:48:50.091554+00"
"14231","ACA ANCLAS","T1730",NULL,NULL,"2026-02-18","2026-02-18 19:57:50.463221+00","2026-02-18 19:57:50.460909+00"
"14232","ACA LAS JOYAS","T1909",NULL,NULL,"2026-02-18","2026-02-18 20:09:53.806154+00","2026-02-18 20:09:53.80364+00"
"14233","TEPOJACO 3","T1555",NULL,NULL,"2026-02-18","2026-02-18 20:50:21.475893+00","2026-02-18 20:50:21.473332+00"
"14234","AURORA CUAUTITLAN","T780",NULL,NULL,"2026-02-18","2026-02-18 20:59:53.935064+00","2026-02-18 20:59:53.932384+00"
"14235","22 DE FEBRERO","T1454",NULL,NULL,"2026-02-18","2026-02-18 21:14:27.887567+00","2026-02-18 21:14:27.884588+00"
"14236","HIMNO","T2570",NULL,NULL,"2026-02-18","2026-02-18 21:25:29.241462+00","2026-02-18 21:25:29.238776+00"
"14237","Aca Ejido","T2033","Av. Ejido 241, Carabalí, Hogar Moderno, 39590 Acapulco de Juárez, Gro.","https://maps.app.goo.gl/Xya2VWL5jDrpmJTV7","2026-02-18","2026-02-19 00:55:23.952192+00","2026-02-19 00:55:23.94959+00"
"14238","APAXCO 3","T1933",NULL,NULL,"2026-02-18","2026-02-19 05:32:23.491389+00","2026-02-19 05:32:23.488713+00"
"14239","TLAXCOAPAN 2","T2159",NULL,NULL,"2026-02-18","2026-02-19 05:34:10.773973+00","2026-02-19 05:34:10.770973+00"
"14261","ACA JARDIN AZTECA","T2720",NULL,NULL,"2026-02-21","2026-02-21 16:56:57.754835+00","2026-02-21 16:56:57.749393+00"
"14262","CH TERMINAL","T1600",NULL,NULL,"2026-02-21","2026-02-21 21:05:54.364719+00","2026-02-21 21:05:54.361918+00"
"14263","CH GOBERNADORES","T2630",NULL,NULL,"2026-02-21","2026-02-21 21:10:25.556171+00","2026-02-21 21:10:25.55159+00"
"14294","ACA COSTERA 2","T3265",NULL,NULL,"2026-02-22","2026-02-22 13:21:21.740379+00","2026-02-22 13:21:21.735631+00"
"14327","ATITALAQUIA 3","T2838",NULL,NULL,"2026-02-23","2026-02-23 06:44:42.875637+00","2026-02-23 06:44:42.869879+00"
"14328","HGO TLAXCOAPAN","T673",NULL,NULL,"2026-02-23","2026-02-23 07:58:16.176561+00","2026-02-23 07:58:16.173862+00"
"14329","ACA MOLINOS","T2512",NULL,NULL,"2026-02-23","2026-02-23 08:05:05.074398+00","2026-02-23 08:05:05.071702+00"
"14330","ACA LAZARO","T2468",NULL,NULL,"2026-02-23","2026-02-23 08:09:17.226474+00","2026-02-23 08:09:17.222227+00"
"14331","TULA 6","T3297",NULL,NULL,"2026-02-23","2026-02-23 08:12:31.082932+00","2026-02-23 08:12:31.080042+00"
"14360","TEOLOYUCAN 6","T1836","Reforma 54, La Hera, 54770 Barrio Tlatenco, Méx.","https://maps.app.goo.gl/87gcemGsB9DJ95XL9","2026-02-24","2026-02-24 18:01:49.999137+00","2026-02-24 18:01:49.99481+00"
"14361","ACA SIMON BOLIVAR","T1963","Simon Bolívar 29, Granjas del Marqués, 39890 Acapulco de Juárez, Gro.","https://maps.app.goo.gl/3rAi51CDjHm8frnC9","2026-02-24","2026-02-24 18:08:41.693642+00","2026-02-24 18:08:41.690923+00"
"14393","ACA FUENTES DE MAUREL","T3005","Ignacio Manuel Altamirano 29, Cd Renacimiento, 39715 Acapulco de Juárez, Gro.","https://maps.app.goo.gl/ERPqFiefaWunbmjF7","2026-02-24","2026-02-24 18:54:03.518704+00","2026-02-24 18:54:03.503156+00"
"14394","ACA RENACIMIENTO","T1670","Blvd. Vicente Guerrero 8, Cd Renacimiento, 39715 Acapulco de Juárez, Gro.","https://maps.app.goo.gl/swPqRP8HpFGRVhVb7","2026-02-24","2026-02-24 18:54:38.515557+00","2026-02-24 18:54:38.512661+00"
"14395","ACA AV UNIVERSIDAD","T2722","Avenida Universidad Manzana y 23 Lote 22, Fracc Magallanes, Rodrigo de Triana, 39679 Acapulco de Juárez, Gro.","https://maps.app.goo.gl/AmbKsUEnb4U8Gy5b9","2026-02-24","2026-02-24 19:17:34.15207+00","2026-02-24 19:17:34.148946+00"
"14396","ACA LAZARO","T2468","C. sin Nombre S/N-zona 108, La Sabana, 39799 Acapulco de Juárez, Gro.","https://maps.app.goo.gl/z5HNSeBekr7katYo7","2026-02-24","2026-02-24 19:26:58.563319+00","2026-02-24 19:26:58.560186+00"
"14397","ACA NIÑOS HEROES","T2439","Av Niños Héroes 57, Progreso, 39350 Acapulco de Juárez, Gro.","https://maps.app.goo.gl/VbAXZRG2GZGr1DLx9","2026-02-24","2026-02-24 20:10:50.565735+00","2026-02-24 20:10:50.561481+00"
"14398","ACA COLOSO","T2054","CLL. Gran VIA Coloso, 21 LC B, LA Esperanza, Acapulco DE Juarez, coloso ruta axtel, El Coloso, 39810 Acapulco de Juárez, Gro.","https://maps.app.goo.gl/YzQyh6oh252je98p7","2026-02-24","2026-02-24 22:04:15.56887+00","2026-02-24 22:04:15.565628+00"
"14399","ACA PARTENON","T3404","Carr. Cayaco - Puerto Marqués, Piedra Roja, El Cayaco, 39810 Acapulco de Juárez, Gro.","https://maps.app.goo.gl/zocRqmiyTD5DMnFp8","2026-02-24","2026-02-24 22:09:32.466038+00","2026-02-24 22:09:32.463068+00"
"14426","ACA CORRALON","T3179","Almendro 20, Arroyo Seco, Cd Renacimiento, 39715 Acapulco de Juárez, Gro.","https://maps.app.goo.gl/25xXzM2zseFmUe6e6","2026-02-25","2026-02-25 16:13:15.267514+00","2026-02-25 16:13:15.261473+00"
"14427","ACA CAMPECHE","T2608","Av Constituyentes 46, La Fábrica, Rancho Alegre, 39599 Acapulco de Juárez, Gro.","https://maps.app.goo.gl/5hGFFcwJhN6oSi148","2026-02-25","2026-02-25 16:16:18.60724+00","2026-02-25 16:16:18.597139+00"
"14428","ACA CALETA","T2184","Caleta, Av Costera Miguel Alemán 14, Las Playas, 39390 Acapulco de Juárez, Gro.","https://maps.app.goo.gl/HtznxRXgHDtDSua1A","2026-02-25","2026-02-25 16:22:16.697962+00","2026-02-25 16:22:16.695134+00"
"14429","ACA ALBORADA","T1870","Carr. Cayaco - Puerto Marqués 120, Llano Largo, 39890 Acapulco de Juárez, Gro.","https://maps.app.goo.gl/uaXTVkvBBUTTo4Fy7","2026-02-25","2026-02-25 16:26:09.545045+00","2026-02-25 16:26:09.542263+00"
"14459","HGO TEZONTEPEC DE ALDAMA","T3495",NULL,NULL,"2026-02-25","2026-02-25 19:11:11.134298+00","2026-02-25 19:11:11.127408+00"
"14460","ACA BELLAMIEL","T2717","Calz Pie de la Cuesta Lote 11-12 y 13, Mozimba, 39460 Acapulco de Juárez, Gro.","https://maps.app.goo.gl/taU6MahsBnmmgwJA8","2026-02-25","2026-02-25 21:09:13.604001+00","2026-02-25 21:09:13.600928+00"
"14461","ACA HORNOS","T2511",NULL,NULL,"2026-02-25","2026-02-25 21:25:14.710296+00","2026-02-25 21:25:14.707244+00"
"14492","ACA VICENTE GUERRERO","T2031",NULL,NULL,"2026-02-26","2026-02-26 22:01:46.676004+00","2026-02-26 22:01:46.66909+00"
"14525","HGO SENDERO","T3927",NULL,NULL,"2026-02-27","2026-02-27 06:42:16.457489+00","2026-02-27 06:42:16.451835+00"
"14526","HACIENDA XALPA","T588",NULL,NULL,"2026-02-27","2026-02-27 06:46:58.403922+00","2026-02-27 06:46:58.401096+00"
"14527","HACIENDA XALPA","T558",NULL,NULL,"2026-02-27","2026-02-27 06:48:08.700268+00","2026-02-27 06:48:08.697531+00"
"14528","DOXEY","T1581",NULL,NULL,"2026-02-27","2026-02-27 07:03:15.463505+00","2026-02-27 07:03:15.457716+00"
"14529","ACA TRES PALOS","T2071",NULL,NULL,"2026-02-27","2026-02-27 07:11:07.380612+00","2026-02-27 07:11:07.375513+00"
"14530","ACA CUAHUTEMOC","T1419",NULL,NULL,"2026-02-27","2026-02-27 07:42:44.907186+00","2026-02-27 07:42:44.889928+00"
"14531","ACA LAS CRUCES","T1663",NULL,NULL,"2026-02-27","2026-02-27 07:47:37.177621+00","2026-02-27 07:47:37.174788+00"
"14532","ACA ECLIPSE","T3429",NULL,NULL,"2026-02-27","2026-02-27 07:48:02.404792+00","2026-02-27 07:48:02.40165+00"
"14533","ACA MERCADO CENTRAL","T1353",NULL,NULL,"2026-02-27","2026-02-27 07:53:18.593293+00","2026-02-27 07:53:18.590357+00"
"14534","ACA EL CAYACO","T1921",NULL,NULL,"2026-02-27","2026-02-27 08:02:21.514023+00","2026-02-27 08:02:21.508344+00"
"14558","ACA TULIPANES","T3348",NULL,NULL,"2026-02-27","2026-02-27 18:02:23.951555+00","2026-02-27 18:02:23.946783+00"
"14559","ACA INSURGENTES","T2721",NULL,NULL,"2026-02-27","2026-02-27 20:53:27.33886+00","2026-02-27 20:53:27.335752+00"
"14560","ACA ZAPATA","T1789",NULL,NULL,"2026-02-27","2026-02-27 21:11:35.871797+00","2026-02-27 21:11:35.868424+00"
"14561","SANTA TERESA HUEHUETOCA","T2612",NULL,NULL,"2026-02-27","2026-02-27 21:32:33.978898+00","2026-02-27 21:32:33.973893+00"
"14562","PORTAL AL SOL","T1285",NULL,NULL,"2026-02-27","2026-02-27 21:33:24.632938+00","2026-02-27 21:33:24.630386+00"
"14563","HUEHUETOCA 4","T1980",NULL,NULL,"2026-02-27","2026-02-27 21:43:42.190578+00","2026-02-27 21:43:42.187822+00"
"14591","ACA ICACOS","T2053",NULL,NULL,"2026-03-02","2026-03-02 06:02:13.3916+00","2026-03-02 06:02:13.38556+00"
"14592","ACA ARROYO SECO","T2297",NULL,NULL,"2026-03-02","2026-03-02 06:06:37.96886+00","2026-03-02 06:06:37.966148+00"
"14593","ACA PARAZAL","T1709",NULL,NULL,"2026-03-02","2026-03-02 06:20:28.96763+00","2026-03-02 06:20:28.965067+00"
"14594","ACA SANTA CRUZ","T3032",NULL,NULL,"2026-03-02","2026-03-02 06:24:23.063886+00","2026-03-02 06:24:23.061152+00"
"14595","ATITALAQUIA 2","T928",NULL,NULL,"2026-03-02","2026-03-02 06:28:06.743355+00","2026-03-02 06:28:06.740643+00"
"14596","EL LLANO 2","T3440",NULL,NULL,"2026-03-02","2026-03-02 06:31:14.375979+00","2026-03-02 06:31:14.373226+00"
"14624","HGO TLAXCOAPAN 3","T4121",NULL,NULL,"2026-03-02","2026-03-02 20:58:22.229364+00","2026-03-02 20:58:22.224556+00"
"14625","ACA VIA TROPICAL","T3961",NULL,NULL,"2026-03-02","2026-03-02 21:31:59.839508+00","2026-03-02 21:31:59.836047+00"
"14626","ACA LA SABANA","T1665",NULL,NULL,"2026-03-02","2026-03-02 21:37:20.48852+00","2026-03-02 21:37:20.486023+00"
"14657","ACA HOGAR MODERNO","T2251",NULL,NULL,"2026-03-05","2026-03-05 17:53:42.956838+00","2026-03-05 17:53:42.951332+00"
"14658","ACA LA LAJA","T1844",NULL,NULL,"2026-03-05","2026-03-05 17:59:53.904179+00","2026-03-05 17:59:53.900948+00"
"14659","ACA VAQUERO","T4158",NULL,NULL,"2026-03-05","2026-03-05 18:32:41.338711+00","2026-03-05 18:32:41.329818+00"
"14660","ACA RENACIMIENTO 2","T1871",NULL,NULL,"2026-03-05","2026-03-05 19:04:10.356252+00","2026-03-05 19:04:10.347198+00"
"14661","ACA COSTA AZUL 2","T2706",NULL,NULL,"2026-03-05","2026-03-05 19:08:45.471153+00","2026-03-05 19:08:45.468516+00"
"14662","ACA COSTA AZUL 2","T2706",NULL,NULL,"2026-03-05","2026-03-05 19:09:58.14387+00","2026-03-05 19:09:58.140939+00"
"14663","ACA COSTA AZUL 2","T2706",NULL,NULL,"2026-03-05","2026-03-05 19:25:26.814692+00","2026-03-05 19:25:26.809742+00"
"14664","ACA LA SABANA","T1665",NULL,NULL,"2026-03-05","2026-03-05 19:36:30.328956+00","2026-03-05 19:36:30.325925+00"
"14665","ACA SINAI","T2469",NULL,NULL,"2026-03-05","2026-03-05 19:42:05.983113+00","2026-03-05 19:42:05.980371+00"
"14666","ACA XALTIANGUIS","T2806",NULL,NULL,"2026-03-05","2026-03-05 19:56:07.110035+00","2026-03-05 19:56:07.10619+00"
"14667","ACA PARAZAL","T1709",NULL,NULL,"2026-03-05","2026-03-05 20:05:32.222019+00","2026-03-05 20:05:32.218583+00"
"14668","ACA ICACOS","T2053",NULL,NULL,"2026-03-05","2026-03-05 20:16:18.856896+00","2026-03-05 20:16:18.852744+00"
"14669","ACA AV MEXIO","T2109",NULL,NULL,"2026-03-05","2026-03-05 20:38:08.222379+00","2026-03-05 20:38:08.219677+00"
"14670","ACA OAXACA","T2965",NULL,NULL,"2026-03-05","2026-03-05 21:29:55.160538+00","2026-03-05 21:29:55.157732+00"
"14671","ACA COLOSIO MORELOS","T3070",NULL,NULL,"2026-03-05","2026-03-05 21:46:17.584047+00","2026-03-05 21:46:17.579627+00"
"14672","ACA PARTENON","T3404",NULL,NULL,"2026-03-05","2026-03-05 21:46:32.789461+00","2026-03-05 21:46:32.786957+00"
"14673","ACA IMSS","T2438",NULL,NULL,"2026-03-05","2026-03-05 21:51:10.151379+00","2026-03-05 21:51:10.148493+00"
"14674","ACA LAS PLAYAS","T2610",NULL,NULL,"2026-03-05","2026-03-05 22:22:02.65116+00","2026-03-05 22:22:02.643642+00"
"14675","ACA CUAUHTEMOC 2","T1989",NULL,NULL,"2026-03-05","2026-03-05 22:42:48.574327+00","2026-03-05 22:42:48.571198+00"
"14676","ACA CAPAMA","T2633",NULL,NULL,"2026-03-05","2026-03-05 22:47:39.772618+00","2026-03-05 22:47:39.76967+00"
"14690","ACA MARGARITAS","T3062",NULL,NULL,"2026-03-06","2026-03-06 18:10:33.433176+00","2026-03-06 18:10:33.427269+00"
"14691","ACA MARGARITAS","T3062",NULL,NULL,"2026-03-06","2026-03-06 20:40:09.346842+00","2026-03-06 20:40:09.344125+00"
"14692","ACA MORELOS","T2296",NULL,NULL,"2026-03-06","2026-03-06 20:46:50.371819+00","2026-03-06 20:46:50.368891+00"
"14723","ACA MAJAHUA","T2639",NULL,NULL,"2026-03-06","2026-03-06 21:10:51.242156+00","2026-03-06 21:10:51.235128+00"
"14756","CHILCUAUTLA","T1239",NULL,NULL,"2026-03-09","2026-03-09 20:04:46.443305+00","2026-03-09 20:04:46.437713+00"
"14757","ATENGO","T4168",NULL,NULL,"2026-03-09","2026-03-09 20:57:38.819025+00","2026-03-09 20:57:38.816291+00"
"14758","TEPOTZOTLAN","T144",NULL,NULL,"2026-03-09","2026-03-09 21:04:42.164151+00","2026-03-09 21:04:42.161319+00"
"14789","ATITALAQUIA 3","T2838",NULL,NULL,"2026-03-12","2026-03-12 22:49:23.47508+00","2026-03-12 22:49:23.470351+00"
"14822","TEZONTEPEC 4","T3928",NULL,NULL,"2026-03-16","2026-03-16 20:14:50.305384+00","2026-03-16 20:14:50.30031+00"
"14823","TEPATEPEC","T390",NULL,NULL,"2026-03-16","2026-03-16 20:22:40.222585+00","2026-03-16 20:22:40.219487+00"
"14824","IXMIQUILPAN 5","T3736",NULL,NULL,"2026-03-16","2026-03-16 22:07:13.637327+00","2026-03-16 22:07:13.634764+00"
"14825","ACA LLANO LARGO","T1470",NULL,NULL,"2026-03-16","2026-03-16 22:39:30.783899+00","2026-03-16 22:39:30.781148+00"
"14826","TLAHUELILPAN 4","T4261",NULL,NULL,"2026-03-16","2026-03-16 22:58:05.251873+00","2026-03-16 22:58:05.249197+00"
"14827","MIXQUIAHUALA 4","T3611",NULL,NULL,"2026-03-16","2026-03-16 23:05:31.799426+00","2026-03-16 23:05:31.796595+00"
"14828","ACA LLANO LARGO","T1470",NULL,NULL,"2026-03-16","2026-03-16 23:51:36.564602+00","2026-03-16 23:51:36.561767+00"
"14829","ACA COLOSIO MORELOS","T3070",NULL,NULL,"2026-03-16","2026-03-17 00:00:32.606433+00","2026-03-17 00:00:32.602681+00"
"14830","ACA ZOCALO","T1595",NULL,NULL,"2026-03-16","2026-03-17 00:07:41.596454+00","2026-03-17 00:07:41.59379+00"
"14831","TLAXCOAPAN","T673",NULL,NULL,"2026-03-16","2026-03-17 00:23:27.40988+00","2026-03-17 00:23:27.407148+00"
"14832","TEPOTZOTLAN","T228",NULL,NULL,"2026-03-16","2026-03-17 00:32:11.808467+00","2026-03-17 00:32:11.789545+00"
"14833","TEPEJI DEL RIO","T503",NULL,NULL,"2026-03-16","2026-03-17 04:07:49.691173+00","2026-03-17 04:07:49.683488+00"
"14834","TECOZAUTLA CENTRO","T2785",NULL,NULL,"2026-03-16","2026-03-17 05:40:18.227524+00","2026-03-17 05:40:18.224982+00"
"14835","TEOLOYUCAN 4","T908",NULL,NULL,"2026-03-17","2026-03-17 06:18:33.579474+00","2026-03-17 06:18:33.575809+00"
"14836","NICOLAS ROMERO 10","T1504",NULL,NULL,"2026-03-17","2026-03-17 06:42:55.028526+00","2026-03-17 06:42:55.010005+00"
"14837","TEPOTZOTLAN 4","T910",NULL,NULL,"2026-03-17","2026-03-17 07:41:33.600475+00","2026-03-17 07:41:33.597258+00"
"14855","IZCALLI","T401","Miguel Hidalgo 3, Sta Maria Tianguistengo, 54710 Cuautitlán Izcalli, Méx.",NULL,"2026-03-17","2026-03-17 19:15:48.744802+00","2026-03-17 19:15:48.740501+00"
"14856","TEPOTZOTLAN 4","T901","Av Lic Adolfo López Mateos 118, San Martin, 54600 Tepotzotlán, Méx.","https://maps.app.goo.gl/1z94W2QbFweAEzyAA","2026-03-17","2026-03-17 20:36:46.394918+00","2026-03-17 20:36:46.385968+00"
"14888","TEPEJI 5","T4008",NULL,NULL,"2026-03-23","2026-03-23 20:35:42.333248+00","2026-03-23 20:35:42.328677+00"
"14889","CITARA","T3149",NULL,NULL,"2026-03-23","2026-03-23 22:17:03.148155+00","2026-03-23 22:17:03.145286+00"
"14890","TLAXCOAPAN 3","T4121",NULL,NULL,"2026-03-23","2026-03-23 22:34:02.202188+00","2026-03-23 22:34:02.19898+00"
"14891","ACA DIAMANTE","T2252",NULL,NULL,"2026-03-23","2026-03-23 22:50:12.750723+00","2026-03-23 22:50:12.748081+00"
