"id","name","identifier","type","address","maps","date_joined","date_created","date_updated","razon_social"
"1","JUAREZ 2","T471","FORANEA","BENITO JUAREZ ,83 , ,SAN PEDRO AHUACATLAN ,76810 ,SAN JUAN DEL RIO ,QUERÉTARO","https://goo.gl/maps/Y3QH8UoQiP7X1W9a7","2023-09-13","2024-10-03 23:26:24.083428+00","2023-09-13 08:31:19.668855+00","ASTURIANO"
"2","MERCURIO ESCOBEDO","T468","FORANEA","MERCURIO ,22 , ,ESTRELLA ,76700 ,PEDRO ESCOBEDO ,QUERÉTARO","https://goo.gl/maps/pzoCuLqcxVLJprrj7","2023-09-13","2024-10-03 23:26:06.969174+00","2023-09-13 08:31:19.750931+00","ASTURIANO"
"3","LA CORREGIDORA","T467","FORANEA","JOSEFA ORTIZ DE DOMINGUEZ ,6 , ,PEDRO ESCOBEDO ,76700 ,PEDRO ESCOBEDO ,QUERÉTARO","https://goo.gl/maps/M6xxXJLrvCgTUUia8","2023-09-13","2024-10-03 23:26:07.232286+00","2023-09-13 08:31:19.821533+00","ASTURIANO"
"4","CRUZ GRANDE","T465","FORANEA","Lazaro Cardenas, Cruz Grande, Gro.","https://goo.gl/maps/y7bxbGPddCjkm7DXA","2023-09-13","2024-10-03 23:26:05.987045+00","2023-09-13 08:31:19.895746+00","ASTURIANO"
"5","LA DIANA","T464","FORANEA","AV. COSTERA MIGUEL ALEMAN , , ,FRACC. MAGALLANES , ,ACAPULCO DE JUAREZ ,GUERRERO","https://goo.gl/maps/eXUgDu7mTRPiQah18","2023-09-13","2024-10-03 23:26:05.445049+00","2023-09-13 08:31:19.971744+00","ASTURIANO"
"6","TEC METEPEC","T463","FORANEA","AV. TECNOLOGICO ,MZ 003 , , ,52140 ,METEPEC ,ESTADO DE MÉXICO","https://goo.gl/maps/1gxqm8GopWDCMW7n9","2023-09-13","2024-10-03 23:26:05.856862+00","2023-09-13 08:31:20.046085+00","ASTURIANO"
"7","EL SAUZ","T461","FORANEA","BOULEVARD BENITO JUÁREZ ,27 , ,EL SAUZ ALTO , ,PEDRO ESCOBEDO ,QUERÉTARO","https://goo.gl/maps/FVntz2Zad6wqUXPs5","2023-09-13","2024-10-03 23:26:07.100654+00","2023-09-13 08:31:20.114497+00","ASTURIANO"
"8","SAN JOAQUIN","T454","FORANEA","CENTRO DE SAN JOAQUIN ,21 , ,CENTRO ,76550 ,SAN JOAQUIN ,QUERÉTARO","https://goo.gl/maps/1NWvYKQ1kLLZ9KkW8","2023-09-13","2024-10-03 23:26:07.035809+00","2023-09-13 08:31:20.181507+00","ASTURIANO"
"9","CORREDOR","T452","FORANEA","HEROICO COLEGIO MILITAR ,311 , ,LA BOLA ,76655 ,EZEQUIEL MONTES ,QUERÉTARO","https://goo.gl/maps/mY9AMmQRVVrqRgMs7","2023-09-13","2024-10-03 23:26:06.183717+00","2023-09-13 08:31:20.248635+00","ASTURIANO"
"10","TELLEZ CRUCES","T448","FORANEA","BLVD HILARIO MEDINA ,6002 , ,PREDIO UNIDAD DEPORTIVA II ,37239 ,LEÓN ,GUANAJUATO","https://goo.gl/maps/2oA92kk6HkVxmwLHA","2023-09-13","2024-10-03 23:26:24.149024+00","2023-09-13 08:31:20.317462+00","ASTURIANO"
"11","TECOZAUTLA","T443","FORANEA","FRAY JUAN SANABRIA ,38 , ,CENTRO , ,TECOZAUTLA ,HIDALGO","https://goo.gl/maps/gPYj9bJ6VYfAmazp8","2023-09-13","2024-10-03 23:26:06.119132+00","2023-09-13 08:31:20.384834+00","ASTURIANO"
"12","ZUMPANGO (GRO)","T442","FORANEA","HEROICO COLEGIO MILITAR ,28 , ,ZUMPANGO DEL RIO CENTRO ,40180 ,EDUARDO NERI ,GUERRERO","https://goo.gl/maps/7c2VkdeGvRM9m4zg7","2023-09-13","2024-10-03 23:26:06.838295+00","2023-09-13 08:31:20.453167+00","ASTURIANO"
"13","LA VILLA","T437","FORANEA","CUAUHTEMOC ,62 , ,ARAGON LA VILLA ,07000 ,GUSTAVO A. MADERO ,CDMX","https://goo.gl/maps/mNiMVrJVxn31Th8M9","2023-09-13","2024-10-03 23:26:05.379665+00","2023-09-13 08:31:20.527215+00","ASTURIANO"
"14","XOCHIMANGA","T435","FORANEA","AV. DE LA MANZANA ,25 ,LT 18 MZ 179 ,SAN MIGUEL XOCHIMANGA ,52927 ,ATIZAPAN DE ZARAGOZA ,ESTADO DE MÉXICO","https://goo.gl/maps/eFALgnrVzRJcRQ2c8","2023-09-13","2024-10-03 23:26:05.315429+00","2023-09-13 08:31:20.596776+00","ASTURIANO"
"15","VILLAS XALTIPLA","T433","FORANEA","HACIENDA LAS JACARANDAS ,MZ 25 LT 1 , ,VILLAS XALTIPA , ,CUAUTITLÁN  ,ESTADO DE MÉXICO","https://goo.gl/maps/Cjor55211xhQAeh87","2023-09-13","2024-10-03 23:26:26.363203+00","2023-09-13 08:31:20.672102+00","ASTURIANO"
"16","HUEYOTILPAN","T432","FORANEA","MEX-VERACRUZ VIA TEXCOCO
 ,KM 106 , , ,90240 , ,TLAXCALA","https://goo.gl/maps/LCdCzR6cace5R8eS7","2023-09-13","2024-10-03 23:26:05.249785+00","2023-09-13 08:31:20.74698+00","ASTURIANO"
"17","GRUPO CINCO","T431","FORANEA","CALLE TLAXCALA TEXOLOC ,25 , ,SAN DIEGO ,90110 ,SAN DIEGO METEPEC
 ,TLAXCALA","https://goo.gl/maps/6yLat4rnGyNnKJhg9","2023-09-13","2024-10-03 23:26:05.511755+00","2023-09-13 08:31:20.816453+00","ASTURIANO"
"18","ODEPEC","T430","FORANEA","CARRETERA APIZACO-HUAMANTLA ,KM 15.5 , , ,90402 ,SANTA MARÍA TEXCALAC ,TLAXCALA","https://goo.gl/maps/PnSFxMUcMWcGS8Qn9","2023-09-13","2024-10-03 23:26:05.79186+00","2023-09-13 08:31:20.891175+00","ASTURIANO"
"19","PLAZA EZEQUIEL","T428","FORANEA","JOAQUIN VEGA ,169 ,LOCAL A,B,C Y D ,LA LAGUNA ,76650 ,EZEQUIEL MONTES ,QUERÉTARO","https://goo.gl/maps/DpuTYZGGAre6xTTm7","2023-09-13","2024-10-03 23:26:29.766133+00","2023-09-13 08:31:20.966013+00","ASTURIANO"
"20","PACHUCA","T423","FORANEA","BLVD. PASEOS DE CHAVARRÍA , , , , ,MINERAL DE LA REFORMA ,HIDALGO","https://goo.gl/maps/moqDANRFUakprqfB6","2023-09-13","2024-10-03 23:26:05.708781+00","2023-09-13 08:31:21.039498+00","ASTURIANO"
"21","GASTUR","T421","FORANEA","BLVD. JOSE MARIA MORELOS ,2513 ,LOCAL 1 ,PRADO HERMOSO , ,LEÓN ,GUANAJUATO","https://goo.gl/maps/NTR7MRuZwL8dhKfv6","2023-09-13","2024-10-03 23:26:05.578692+00","2023-09-13 08:31:21.106494+00","ASTURIANO"
"22","LOS SABINOS","T419","FORANEA","SEGUNDO RETORNO DE LAS PALMAS ,11 , , , ,TEQUISQUIAPAN ,QUERÉTARO","https://goo.gl/maps/LgYhkAuWAbhdeY5k6","2023-09-13","2024-10-03 23:26:05.176569+00","2023-09-13 08:31:21.174491+00","ASTURIANO"
"23","LA FUENTE TX","T416","FORANEA","CARRETERA ESTATAL 200 ,KM 39.5 ,1 ,LA FUENTE ,76786 ,TEQUISQUIAPAN ,QUERÉTARO","https://goo.gl/maps/PowDiv9FbmiJXGhN8","2023-09-13","2024-10-03 23:26:29.700639+00","2023-09-13 08:31:21.243539+00","ASTURIANO"
"24","REAL DEL PALMAR","T413","FORANEA","R6Q3+W6, 39933 Acapulco de Juárez, Gro.","https://goo.gl/maps/ZLvaKioWGPa2LiP79","2023-09-13","2024-10-03 23:26:06.511307+00","2023-09-13 08:31:21.310499+00","ASTURIANO"
"25","ES PROGRESO","T412","FORANEA","CARRETERA PROGRESO-IXMIQUILPAN ,10+725 ,1 ,EL JARDIN ,42740 ,PROGRESO DE OBREGÓN ,HIDALGO","https://goo.gl/maps/JKf2jRRGJQCnTtpZ8","2023-09-13","2024-10-03 23:26:06.772246+00","2023-09-13 08:31:21.379494+00","ASTURIANO"
"26","AV CENTRAL","T403","FORANEA","PASEO CENTRAL ,167 , , , ,SAN JUAN DEL RÍO ,QUERÉTARO","https://goo.gl/maps/KhGzraUCaamG5LJt5","2023-09-13","2024-10-03 23:26:06.249647+00","2023-09-13 08:31:21.448512+00","ASTURIANO"
"27","AIFA","T395","FORANEA","CARRETERA FEDERAL MEXICO PACHUCA ,KM 41.3 , ,LOS REYES ACOSAC ,55743 ,TECAMAC ,ESTADO DE MÉXICO","https://goo.gl/maps/wEbvt5L1BfKvg5gf7","2023-09-13","2024-10-03 23:26:06.053647+00","2023-09-13 08:31:21.521851+00","ASTURIANO"
"28","ZIMAPAN","T394","FORANEA","CARRETERA MEXICO-LAREDO ,31 , ,PLUTARCO ELIAS CALLES ,42344 ,ZIMAPAN ,HIDALGO","https://goo.gl/maps/hsRBpBjsAYoY8JSg6","2023-09-13","2024-10-03 23:26:06.707052+00","2023-09-13 08:31:21.589526+00","ASTURIANO"
"29","EL ARBOL","T390","FORANEA","9C7H+VH San Nicolás Tolentino, Estado de México","https://goo.gl/maps/XW35ZXZfWQJak1Gi8","2023-09-13","2024-10-03 23:26:06.641649+00","2023-09-13 08:31:21.666551+00","ASTURIANO"
"30","GIMNASIO","T387","FORANEA","DOS ,203 ,B ,BOULEVARES ,98065 ,ZACATECAS ,ZACATECAS","https://goo.gl/maps/Qo64sePhsnaoF1Nj9","2023-09-13","2024-10-03 23:26:06.576895+00","2023-09-13 08:31:21.74249+00","ASTURIANO"
"31","GAVILANES","T386","FORANEA","LOS GAVILANES ,205 , , ,98000 ,ZACATECAS ,ZACATECAS","https://goo.gl/maps/9e2EjNJngnb8J6Kg6","2023-09-13","2024-10-03 23:26:07.301632+00","2023-09-13 08:31:21.816499+00","ASTURIANO"
"32","LA ENCANTADA","T385","FORANEA","PROLONGACION 5 SEÑORES ,101 ,A ,FRACC. LA ENCANTADA ,98089 ,ZACATECAS ,ZACATECAS","https://goo.gl/maps/qcxpnLzgFWz23AoR9","2023-09-13","2024-10-03 23:26:27.340727+00","2023-09-13 08:31:21.884539+00","ASTURIANO"
"33","SEGURO SOCIAL","T384","FORANEA","TORREON ,317 , ,CENTRO ,98000 ,ZACATECAS ,ZACATECAS","https://goo.gl/maps/d7piv8Tnn1GgPtrx9","2023-09-13","2024-10-03 23:26:05.921306+00","2023-09-13 08:31:21.960608+00","ASTURIANO"
"34","SIERRA DE ALICA","T383","FORANEA","MANUEL M PONCE ,314 , ,SIERRA DE ALICA ,98050 ,ZACATECAS ,ZACATECAS","https://goo.gl/maps/BdGS1KonQTyjp74k7","2023-09-13","2024-10-03 23:26:06.446171+00","2023-09-13 08:31:22.038545+00","ASTURIANO"
"35","VALLE DE BRAVO","T380","FORANEA","CARRT EL MANGUITO ,S/N ,LOCAL P B 2 ,SANTA MARIA AHUACATLAN ,51200 ,VALLE DE BRAVO ,ESTADO DE MÉXICO","https://goo.gl/maps/YeA1KbNqENy1jCRp9","2023-09-13","2024-10-03 23:26:24.018516+00","2023-09-13 08:31:22.11225+00","ASTURIANO"
"36","CORPORATIVO BLANCO","T374","FORANEA","PROL. TECNOLÓGICO , , ,SAN PABLO ,76159 ,QUERÉTARO ,QUERÉTARO","https://goo.gl/maps/D31MiKWY6d5T7vA96","2023-09-13","2024-10-03 23:26:06.3147+00","2023-09-13 08:31:22.18705+00","ASTURIANO"
"37","TEPATEPEC","T369","FORANEA","C. JUÁREZ ,51 , ,II DEMARCACIÓN ,42660 ,TEPATEPEC ,HIDALGO","https://goo.gl/maps/rXnaQVercWjmdSoX7","2023-09-13","2024-10-03 23:26:05.643895+00","2023-09-13 08:31:22.260882+00","ASTURIANO"
"38","PLAN DE AYALA","T368","FORANEA","AV. PLAN DE AYALA ,141 , ,EL VERGEL ,62410 ,CUERNAVACA ,MORELOS","https://goo.gl/maps/7ATCFu3tMoUtissSA","2023-09-13","2024-10-03 23:26:06.38016+00","2023-09-13 08:31:22.337176+00","ASTURIANO"
"39","LA FERIA","T367","FORANEA","BLVD. ANTONIO ROCHA CORDERO ,104 ,1 ,SAN JUAN DE GUADALUPE ,78426 ,SAN LUIS ,SAN LUIS POTOSÍ","https://goo.gl/maps/RBoVgERYTZP4HnLv9","2023-09-13","2024-10-03 23:26:29.830636+00","2023-09-13 08:31:22.40386+00","ASTURIANO"
"40","LA FINCA","T363","FORANEA","CARRETERA ESTATAL 130 ,30 , ,LA PURÍSIMA ,76650 ,EZEQUIEL MONTES ,QUERÉTARO","https://maps.app.goo.gl/uRc8dttPYHZDSMfY8","2023-09-13","2024-10-03 23:26:06.904101+00","2023-09-13 08:31:22.472902+00","ASTURIANO"
"41","CHILPANCINGO 2","T362","FORANEA","Zona Sin Asignación de Nombre de Col 33, 39016 Chilpancingo de los Bravo, Gro.","https://goo.gl/maps/cQEwozp4GEMLkSG66","2023-09-13","2024-10-03 23:26:07.167059+00","2023-09-13 08:31:22.546952+00","ASTURIANO"
"42","DOLORES","T347","FORANEA","TAMAULIPAS ,1BIS , ,CENTRO ,37800 ,DOLORES HIDALGO ,GUANAJUATO","https://goo.gl/maps/AQ42YWWwpa5o1oGNA","2023-09-13","2024-10-03 23:26:07.367756+00","2023-09-13 08:31:22.617982+00","ASTURIANO"
"43","RIO MAYO","T341","FORANEA","BLVD. RIO MAYO ,7359 ,1 ,TORREMOLINOS, VILLAS DE STA. JULIA OTE. ,37530 ,LEÓN ,GUANAJUATO","https://maps.app.goo.gl/2FjffbwLte76mJaR7","2023-09-13","2024-10-03 23:26:09.206851+00","2023-09-13 08:31:22.692028+00","ASTURIANO"
"44","ATIZAPAN","T340","FORANEA","CALZADA SAN MATEO ,47 , ,SAN JUAN BOSCO 1 ,52946 ,ATIZAPAN ,EDO. MÉXICO","https://goo.gl/maps/Mfby1uKUDufrpf1Y7","2023-09-13","2024-10-03 23:26:29.894839+00","2023-09-13 08:31:22.767719+00","ASTURIANO"
"45","SONORA","T335","FORANEA","COAHUILA  ,57 , ,PROGRESO ,39350 ,ACAPULCO DE J. ,GUERRERO","https://goo.gl/maps/eThkCMBtUxm9BP318","2023-09-13","2024-10-03 23:26:08.221827+00","2023-09-13 08:31:22.840785+00","ASTURIANO"
"46","CHILPANCINGO","T332","FORANEA","LÁZARO CÁRDENAS , , ,CHILPANCINGO DE LOS BRAVO ,39017 ,CHILPANCINGO ,GUERRERO","https://goo.gl/maps/6rKQTXb4UYnFQW6x7","2023-09-13","2024-10-03 23:26:09.271689+00","2023-09-13 08:31:22.917196+00","ASTURIANO"
"47","PIRULES","T330","FORANEA","AV. MÉXICO JAPÓN  ,420 ,1 ,FRACC. LOS PIRULES ,38036 ,CELAYA ,GUANAJUATO","https://goo.gl/maps/UNkmuisJu2rvWqpw8","2023-09-13","2024-10-03 23:26:08.87878+00","2023-09-13 08:31:22.998856+00","ASTURIANO"
"48","2 DE ABRIL","T329","FORANEA","AV. 2 DE ABRIL ,701 ,1 ,FRACC. VILLAS DEL ROMERAL ,38090 ,CELAYA ,GUANAJUATO","https://goo.gl/maps/JQUASSsZSU9dtEZY6","2023-09-13","2024-10-03 23:26:08.682203+00","2023-09-13 08:31:23.076262+00","ASTURIANO"
"49","RENACIMIENTO","T328","FORANEA","CD RENACIMIENTO , , , ,39715 ,ACAPULCO DE J. ,GUERRERO","https://goo.gl/maps/aQo5eHNxzHMZsxWQ6","2023-09-13","2024-10-03 23:26:08.153817+00","2023-09-13 08:31:23.163663+00","ASTURIANO"
"50","SALAMANCA","T327","FORANEA","CARRETERA FEDERAL 45 CELAYA-SALAMANCA ,KM 75+100 , , , ,SALAMANCA ,GUANAJUATO","https://goo.gl/maps/gc9yeTyp6be8oBVR8","2023-09-13","2024-10-03 23:26:08.617214+00","2023-09-13 08:31:23.2528+00","ASTURIANO"
"51","MALECON","T325","FORANEA","AV. COSTERA MIGUEL ALEMÁN , , ,FRACC. MAGALLANES ,39670 ,ACAPULCO DE J. ,GUERRERO","https://goo.gl/maps/vgCQMan8B1YWMdDt9","2023-09-13","2024-10-03 23:26:08.944738+00","2023-09-13 08:31:23.339884+00","ASTURIANO"
"52","AZUCENA 1","T324","FORANEA","AZUCENA  ,19 , ,EL MILAGRO ,76654 ,EZEQUIEL MONTES ,QUERÉTARO","https://goo.gl/maps/v9c4T7DFgwkPFFMM8","2023-09-13","2024-10-03 23:26:07.825201+00","2023-09-13 08:31:23.419463+00","ASTURIANO"
"53","OVIEDO","T323","FORANEA","AV. CUAUHTÉMOC  , , ,CENTRO ,39300 ,ACAPULCO DE J. ,GUERRERO","https://goo.gl/maps/3DdxyMAav1wpuqKj9","2023-09-13","2024-10-03 23:26:08.486128+00","2023-09-13 08:31:23.488685+00","ASTURIANO"
"54","TOREO","T322","FORANEA","AV. INGENIEROS MILITARES , , ,PARQUE INDUSTRIAL ,53489 ,NAUCALPAN DE JUÁREZ ,EDO. DE MÉXICO","https://goo.gl/maps/xhD89KVmrttEGxVv5","2023-09-13","2024-10-03 23:26:08.355112+00","2023-09-13 08:31:23.556744+00","ASTURIANO"
"55","HUICHAPAN","T318","FORANEA","CARRETERA HUICHAPAN-TECOZAUTLA ,KM 2+300 , ,SANTA BÁRBARA ,42400 ,HUICHAPAN ,HIDALGO","https://goo.gl/maps/EjzbL1QMLELbbMwH8","2023-09-13","2024-10-03 23:26:26.624914+00","2023-09-13 08:31:23.63072+00","ASTURIANO"
"56","HACIENDA GRANDE","T316","FORANEA","ANTIGUO CAMINO AL SAUZ ,85 NORTE , ,HACIENDA GRANDE ,76799 ,TEQUISQUIAPAN ,QUERÉTARO","https://goo.gl/maps/zyubEXPKnvBL5S1U6","2023-09-13","2024-10-03 23:26:25.05723+00","2023-09-13 08:31:23.699611+00","ASTURIANO"
"57","LOMA LINDA","T315","FORANEA","CARRETERA NOCHE BUENA  ,2 , ,LOMA LINDA ,76820 ,SAN JUAN DEL RÍO ,QUERÉTARO","https://goo.gl/maps/m1EqmP4PrSecxJ758","2023-09-13","2024-10-03 23:26:08.812723+00","2023-09-13 08:31:23.775855+00","ASTURIANO"
"58","ACULCO","T313","FORANEA","PROLONGACIÓN HIDALGO ,8 , ,CENTRO ,50360 ,ACULCO ,EDO. DE MÉXICO","https://goo.gl/maps/GnjEcdRKHFApo1Uy7","2023-09-13","2024-10-03 23:26:07.69607+00","2023-09-13 08:31:23.850841+00","ASTURIANO"
"59","QUEMADO","T311","FORANEA","CARRETERA NACIONAL ACAPULCO-MÉXICO ,1A , ,LOS ORGANOS DE JUAN R. ESCUDERO ,39909 ,ACAPULCO DE J. ,GUERRERO","https://goo.gl/maps/TQXrdE3UiyVfcoRk6","2023-09-13","2024-10-03 23:26:07.760135+00","2023-09-13 08:31:23.928432+00","ASTURIANO"
"60","LAS CRUCES","T310","FORANEA","CARRETERA ACAPULCO- PINOTEPA ,82-A , ,LA SABANA ,39799 ,ACAPULCO DE J. ,GUERRERO","https://goo.gl/maps/rDAUzXq3yBfk6PuNA","2023-09-13","2024-10-03 23:26:09.338596+00","2023-09-13 08:31:24.002871+00","ASTURIANO"
"61","VOLCANES","T305","FORANEA","DE LA CRUZ , , , ,56880 ,OZUMBA ,EDO. DE MÉXICO","https://goo.gl/maps/q5xsHnmqqnGzwFzf7","2023-09-13","2024-10-03 23:26:07.956047+00","2023-09-13 08:31:24.076614+00","ASTURIANO"
"62","ACTOPAN 2","T301","FORANEA","CARRETERA MÉXICO-LAREDO NORTE ,KM 121.7 , , ,46620 ,ACTOPAN ,HIDALGO","https://goo.gl/maps/ZXGFCYg5vMuGkgow7","2023-09-13","2024-10-03 23:26:08.02043+00","2023-09-13 08:31:24.150027+00","ASTURIANO"
"63","LEJI","T300","FORANEA","CARRETERA ATOTONILCO VITO  ,S/N , ,BARRIO BOXI ,42980 ,ATOTONILCO DE TULA ,HIDALGO","https://goo.gl/maps/ecr3eH6PmH4FNZaA6","2023-09-13","2024-10-03 23:26:08.747857+00","2023-09-13 08:31:24.242163+00","ASTURIANO"
"64","METEPEC","T299","FORANEA","AV. ESTADO DE MEXICO  ,2071 , ,BOSQUES DE METEPEC ,52148 ,METEPEC ,EDO. DE MÉXICO","https://goo.gl/maps/EYAQ7fSH3VxqNFj7A","2023-09-13","2024-10-03 23:26:07.631004+00","2023-09-13 08:31:24.308906+00","ASTURIANO"
"65","PATRIOTISMO","T294","FORANEA","CTO. INTERIOR (AV. PATRIOTISMO) ,263 , ,SAN PEDRO DE LOS PINOS ,3800 ,BENITO JUÁREZ ,CIUDAD DE MÉXICO","https://goo.gl/maps/BPM2WqjTsbSU5uj59","2023-09-13","2024-10-03 23:26:07.890789+00","2023-09-13 08:31:24.376685+00","ASTURIANO"
"66","CRESPA","T293","FORANEA","PASEO VICENTE LOMBARDO TOLEDANO ,305 B , , ,50200 ,EDO. DE MÉXICO ,EDO. DE MÉXICO","https://goo.gl/maps/Da3QgmQrrM8Xpopo7","2023-09-13","2024-10-03 23:26:09.404627+00","2023-09-13 08:31:24.44518+00","ASTURIANO"
"67","ZUMPANGO","T290","FORANEA","PUEBLO NUEVO ,S/N , ,ZUMPANGO DE OCAMPO , ,ZUMPANGO DE OCAMPO ,EDO. DE MÉXICO","https://goo.gl/maps/5rTFVjQEuMbctwJB8","2023-09-13","2024-10-03 23:26:07.564231+00","2023-09-13 08:31:24.512258+00","ASTURIANO"
"68","ECATEPEC","T289","FORANEA","AVENIDA CENTRAL ESQUINA AV. CENTRAL ,S/N , ,SANTA CRUZ VENTO DE CARPIO ,50451 ,EDO. DE MÉXICO ,EDO. DE MÉXICO","https://goo.gl/maps/CevFqWWJjjFsSGoo9","2023-09-13","2024-10-03 23:26:09.470045+00","2023-09-13 08:31:24.580772+00","ASTURIANO"
"69","ALFREDO DEL MAZO","T280","FORANEA","ALFREDO DEL MAZO ,941 , ,COL. TOLUCA DE LERDO ,55767 ,EDO. DE MÉXICO ,EDO. DE MÉXICO","https://goo.gl/maps/eEE9v8gCVcZUvTg96","2023-09-13","2024-10-03 23:26:08.551433+00","2023-09-13 08:31:24.650163+00","ASTURIANO"
"70","TECAMAC","T277","FORANEA","CALLE JOAQUIN AMARO , , ,SAN PEDRO ASONPA  ,55770 ,EDO. DE MÉXICO ,EDO. DE MÉXICO","https://goo.gl/maps/TANVbeXQQ5kVybh1A","2023-09-13","2024-10-03 23:26:07.434108+00","2023-09-13 08:31:24.722275+00","ASTURIANO"
"71","CIPRESCES","T275","FORANEA","CAMINO A RANCHO ALEGRE ,32 , ,SAN PEDRO AHUACATLÁN ,76810 ,SAN JUAN DEL RÍO ,QUERÉTARO","https://goo.gl/maps/bGpdUAGhHzudesbo8","2023-09-13","2024-10-03 23:26:09.075319+00","2023-09-13 08:31:24.79246+00","ASTURIANO"
"72","ACTOPAN 5","T270","FORANEA","ACTOPAN - TULA  ,5.5 , ,SAN ANTONIO ZARAGOZA ,42650 ,SAN SALVADOR ,HIDALGO","https://goo.gl/maps/hzm8efVdYQP2","2023-09-13","2024-10-03 23:26:08.088684+00","2023-09-13 08:31:24.866924+00","ASTURIANO"
"73","BP SATELITE","T214","FORANEA","PERIFERICO BLVD. MANUEL AVILA CAMACHO ,1810 , ,COL. CD SATELITE ,53130 ,NAUCALPAN DE JUAREZ ,EDO. DE MEXICO","https://goo.gl/maps/Vz8YsFfGFsw","2023-09-13","2024-10-03 23:26:26.690696+00","2023-09-13 08:31:24.941348+00","ASTURIANO"
"74","LA NACION","T208","FORANEA","BLVD. DE LA NACIÓN ,240 , ,DESARROLLO CENTRO SYR ,76132 ,QUERÉTARO ,QUERÉTARO","https://goo.gl/maps/ink99K8E54N2","2023-09-13","2024-10-03 23:26:29.960628+00","2023-09-13 08:31:25.017046+00","ASTURIANO"
"75","ES CERRO GORDO","T207","FORANEA","AV. UNIVERSIDAD   ,364 , ,BANTHI ,76806 ,SAN JUAN DEL RÍO ,QUERÉTARO","https://goo.gl/maps/Gt3GMRmcK1xTz2f28","2023-09-13","2024-10-03 23:26:09.141026+00","2023-09-13 08:31:25.083664+00","ASTURIANO"
"76","LA VENTA","T203","FORANEA","CARRETERA ESTATAL ,431   KM. 13+561.28 , ,COMUNIDAD LA VENTA  ,76707 ,PEDRO ESCOBEDO ,QUERÉTARO","https://goo.gl/maps/uZDqKFehTHz","2023-09-13","2024-10-03 23:26:25.643552+00","2023-09-13 08:31:25.159485+00","ASTURIANO"
"77","CUAUTITLAN","T189","FORANEA","AV. TEYAHUALCO ,588 , ,LA VIRGEN ,54850 ,CUAUTITLÁN ,EDO. DE MÉXICO","https://goo.gl/maps/ySaTTK5ehFq","2023-09-13","2024-10-03 23:26:07.499011+00","2023-09-13 08:31:25.227566+00","ASTURIANO"
"78","CUMBRIA","T188","FORANEA","MEXICALZINGO ,2 ,Lte 25 Mza 43 ,CUMBRIA ,54740 ,CUAUTITLAN IZCALLI ,EDO. DE MÉXICO","https://goo.gl/maps/2FdB7Pz4SHR2","2023-09-13","2024-10-03 23:26:09.010685+00","2023-09-13 08:31:25.30469+00","ASTURIANO"
"79","JUAREZ","T186","FORANEA","BENITO JUÁREZ ,127 , ,CENTRO ,76650 ,EZEQUIEL MONTES ,QUERÉTARO","https://goo.gl/maps/pQUaw3n219z","2023-09-13","2024-10-03 23:26:08.289351+00","2023-09-13 08:31:25.382549+00","ASTURIANO"
"80","EZEQUIEL MONTES","T180","FORANEA","HEROICO COLEGIO MILITAR ,525 ,A ,LAS COLORADAS ,76666 ,EZEQUIEL MONTES ,QUERÉTARO","https://goo.gl/maps/12kXmv9Afzz","2023-09-13","2024-10-03 23:26:08.419895+00","2023-09-13 08:31:25.453405+00","ASTURIANO"
"81","COPACE","T175","FORANEA","AUTOPISTA MÉXICO QUERÉTARO ,s/n , ,VALLE DE LA HACIENDA ,54720 ,CUAUTITLAN IZCALLI ,EDO. DE MÉXICO","https://goo.gl/maps/5NCKvfKBWyo","2023-09-13","2024-10-03 23:26:09.535182+00","2023-09-13 08:31:25.521608+00","ASTURIANO"
"82","SAN MIGUEL DE ALLENDE 2","T158","FORANEA","LIBRAMIENTO JOSE MANUEL ZAVALA ZAVALA ,45 , ,COL. MEXIQUITO ,37717 ,SAN MIGUEL DE ALLENDE ,GUANAJUATO","https://goo.gl/maps/o1gHC51NrdF2","2023-09-13","2024-10-03 23:26:09.604535+00","2023-09-13 08:31:25.591627+00","ASTURIANO"
"83","SAN JOSE ITURBIDE","T148","FORANEA","CARRETERA FEDERAL 57 QUERÉTARO- SAN LUIS POTOSÍ ,KM 47+740 , ,POBLADO EL ARENAL ,37997 ,SAN JOSÉ ITURBIDE ,GUANAJUATO","https://goo.gl/maps/fZKKYFShcvYNsvh47","2023-09-13","2024-10-03 23:26:30.088886+00","2023-09-13 08:31:25.665257+00","ASTURIANO"
"84","LOMA ALTA 3","T139","FORANEA","LOMA DEL RÍO ,113 , ,FRACC. LOMA ALTA ,76830 ,SAN JUAN DEL RÍO ,QUERÉTARO","https://goo.gl/maps/sKVAhiV3DXm","2023-09-13","2024-10-03 23:26:11.43092+00","2023-09-13 08:31:25.740678+00","ASTURIANO"
"85","LA RUEDA","T135","FORANEA","AV. DEL TIMÓN ,210 ,1 ,FRACC. LA RUEDA ,76810 ,SAN JUAN DEL RÍO ,QUERÉTARO","https://goo.gl/maps/mCzx9RMMPrG2","2023-09-13","2024-10-03 23:26:10.063648+00","2023-09-13 08:31:25.815055+00","ASTURIANO"
"86","MIXQUIAHUALA","T081","FORANEA","CARRETERA ACTOPAN- TULA ,KM 28 , ,MIXQUIAHUALA ,42700 ,MIXQUIAHUALA ,HIDALGO","https://goo.gl/maps/Q8KVVSb1Z9w","2023-09-13","2024-10-03 23:26:10.12928+00","2023-09-13 08:31:25.88996+00","ASTURIANO"
"87","ECATEPEC 2","T080","FORANEA","AV. CENTRAL ,225 , ,SANTA CRUZ VENTA DE CARPIO ,55065 ,ECATEPEC DE MORELOS ,EDO. DE MÉXICO","https://goo.gl/maps/r8w1tHpTBfq","2023-09-13","2024-10-03 23:26:28.270649+00","2023-09-13 08:31:25.96549+00","ASTURIANO"
"88","ACTOPAN","T079","FORANEA","PROL. EFRÉN ROBLEDO ,344 , ,LOS OLIVOS ,42086 ,ACTOPAN ,HIDALGO","https://goo.gl/maps/6djN4XpD8YrPE2Ee9","2023-09-13","2024-10-03 23:26:10.326639+00","2023-09-13 08:31:26.032581+00","ASTURIANO"
"89","LA CENTRAL","T073","FORANEA","CALZADA DE LA ESTACIÓN ,90 ,Local 5 ,COL CENTRO ,37700 ,SAN MIGUEL DE ALLENDE ,GUANAJUATO","https://goo.gl/maps/4251qtxBSL12","2023-09-13","2024-10-03 23:26:09.999603+00","2023-09-13 08:31:26.104733+00","ASTURIANO"
"90","LA PARROQUIA","T066","FORANEA","LA PARROQUIA ,1 , ,LA PARROQUIA ,37790 ,SAN MIGUEL DE ALLENDE ,GUANAJUATO","https://goo.gl/maps/uHcHtecnonfVp8mD8","2023-09-13","2024-10-03 23:26:10.194383+00","2023-09-13 08:31:26.175999+00","ASTURIANO"
"91","SOMBRA VERDE","T064","FORANEA","CARRETERA SAN MIGUEL- DOLORES ,KM 15 , ,MONTECILLO DE LA MILPA ,37800 ,SAN MIGUEL DE ALLENDE ,GUANAJUATO","https://goo.gl/maps/QXJioDLeWM82","2023-09-13","2024-10-03 23:26:11.496673+00","2023-09-13 08:31:26.25272+00","ASTURIANO"
"92","SAN MIGUEL DE ALLENDE 1","T058","FORANEA","JOSE MANUEL ZAVALA ,59 , ,LA LEJONA ,73700 ,SAN MIGUEL DE ALLENDE ,GUANAJUATO","https://goo.gl/maps/TxyteWXDi4bZxhz5A","2023-09-13","2024-10-03 23:26:11.913731+00","2023-09-13 08:31:26.328844+00","ASTURIANO"
"93","SALITRE","T023","FORANEA","CARRETERA A SAN LUIS ,KM 11.850 , ,EL SALITRE ,76127 ,QUERÉTARO ,QUERÉTARO","https://goo.gl/maps/7buUicM1E1E2","2023-09-13","2024-10-03 23:26:26.165648+00","2023-09-13 08:31:26.402367+00","ASTURIANO"
"94","BOULEVARD CHILPO","T441","FORANEA","Av. René, Lic. René Juárez Cisneros 2, Fracc.villa Moderna, Villa Moderna 1ra y 2da Secc, 39070 Chilpancingo de los Bravo, Gro.","https://goo.gl/maps/zuKsEnbaDsZVn3f6A","2023-09-13","2024-10-03 23:26:27.602415+00","2023-09-13 08:31:26.476956+00","ASTURIANO"
"95","FELIX","T476","LOCAL","REVOLUCION ,304 , ,10 DE ABRIL ,76118 ,QUERÉTARO ,QUERÉTARO","https://goo.gl/maps/yXGFVBjjXrFoVHg18","2023-09-13","2024-10-03 23:26:09.738948+00","2023-09-13 08:31:26.544899+00","ASTURIANO"
"96","PUERTA DEL SOL","T472","LOCAL","VALLE DEL ACATLÁN ,21 , ,CIUDAD DEL SOL ,76116 ,QUERÉTARO ,QUERÉTARO","https://goo.gl/maps/D9M5rNEPRhXRmvGE8","2023-09-13","2024-10-03 23:26:30.153979+00","2023-09-13 08:31:26.616551+00","ASTURIANO"
"97","DON LORENZO","T460","LOCAL","LORENZO ANGELES ,20 , ,EL PUEBLITO ,76904 ,CORREGIDORA ,QUERÉTARO","https://goo.gl/maps/MZNn2tz9b8fyR9Re9","2023-09-13","2024-10-03 23:26:09.935325+00","2023-09-13 08:31:26.690243+00","ASTURIANO"
"98","PRESERVE","T459","LOCAL","BOULEVARD SALTO DEL MORO , , ,PRESERVE JURIQUILLA , ,QUERÉTARO ,QUERÉTARO","https://goo.gl/maps/CsGxU1x9soxaGikR9","2023-09-13","2024-10-03 23:26:11.572215+00","2023-09-13 08:31:26.763736+00","ASTURIANO"
"99","VIENA","T458","LOCAL","AV. SUR ,2 ,A ,BOSQUES DE VIENA ,76905 ,CORREGIDORA ,QUERÉTARO","https://goo.gl/maps/jU34GPaXLe2VuWug6","2023-09-13","2024-10-03 23:26:11.365443+00","2023-09-13 08:31:26.831391+00","ASTURIANO"
"100","CUAUHTEMOC","T457","LOCAL","CUAUHTEMOC ,117 ,A ,OTRA NO ESPECIFICADA ,76904 ,EL PUEBLITO ,QUERÉTARO","https://goo.gl/maps/WUpymvrzbFt3Jv5k9","2023-09-13","2024-10-03 23:26:11.29876+00","2023-09-13 08:31:26.901888+00","ASTURIANO"
"101","3 ESTRELLAS","T456","LOCAL","AFRICA ,202 , ,CONTINENTAL ,76220 ,SANTA ROSA JAUREGUI ,QUERÉTARO","https://goo.gl/maps/boceCgGjjmLuCKQv7","2023-09-13","2024-10-03 23:26:09.868784+00","2023-09-13 08:31:26.989512+00","ASTURIANO"
"102","EL MILAGRO","T455","LOCAL","SANTUARIO DEL MILAGRO ,1102 , ,SANTUARIOS DEL CERRITO ,76900 ,CORREGIDORA ,QUERÉTARO","https://goo.gl/maps/dtwLRwf1Kib7YaHdA","2023-09-13","2024-10-03 23:26:10.98962+00","2023-09-13 08:31:27.063938+00","ASTURIANO"
"103","ES METROPOLITANO","T445","LOCAL","CARRETERA 411 ,1428 ,KM 3+400 , , ,CORREGIDORA ,QUERÉTARO","https://goo.gl/maps/JpwUeNpegExf3bnB7","2023-09-13","2024-10-03 23:26:11.649179+00","2023-09-13 08:31:27.140963+00","ASTURIANO"
"104","GARFIAS","T444","LOCAL","AV. REVOLUCIÓN ,1042 ,1 ,FRACC. INDUSTRIAL BENITO JUAREZ , ,QUERÉTARO ,QUERÉTARO","https://goo.gl/maps/k65B4GZZyoSv9ZQr5","2023-09-13","2024-10-03 23:26:11.054618+00","2023-09-13 08:31:27.218102+00","ASTURIANO"
"105","LA NUBE","T440","LOCAL","POPOCATEPETL ,106 ,2 ,LOMA BONITA ,76049 ,QUERÉTARO ,QUERÉTARO","https://goo.gl/maps/u2vjwVxKe8rKD5Cf8","2023-09-13","2024-10-03 23:26:26.100674+00","2023-09-13 08:31:27.290535+00","ASTURIANO"
"106","DOS CAMINOS","T439","LOCAL","AV. NAVARRA ,1491 , ,LAS AZUCENAS ,76116 ,QUERÉTARO ,QUERÉTARO","https://goo.gl/maps/narKtbSmxGp9tE9V9","2023-09-13","2024-10-03 23:26:11.160293+00","2023-09-13 08:31:27.358609+00","ASTURIANO"
"107","NARDOS","T438","LOCAL","LAURELES ,S/N , ,LA NEGRETA ,76907 ,CORREGIDORA ,QUERÉTARO","https://goo.gl/maps/y5nS5c8a4Le8MxtUA","2023-09-13","2024-10-03 23:26:10.925251+00","2023-09-13 08:31:27.42669+00","ASTURIANO"
"108","VERGEL","T429","LOCAL","FUERTE DE ALORA ,231 , ,EL VERGEL ,76148 ,QUERÉTARO ,QUERÉTARO","https://goo.gl/maps/zwCQrRY45929XTfe8","2023-09-13","2024-10-03 23:26:10.859899+00","2023-09-13 08:31:27.501292+00","ASTURIANO"
"109","DEPORTIVA","T427","LOCAL","M GUTIERREZ NAJERA ,302 , ,TINTERO ,76134 ,QUERÉTARO ,QUERÉTARO","https://goo.gl/maps/LQT54cVEcqABLKBn9","2023-09-13","2024-10-03 23:26:11.231511+00","2023-09-13 08:31:27.569239+00","ASTURIANO"
"110","CIMA","T426","LOCAL","SALVADOR MORENO ,3 ,A ,REFORMA AGRARIA ,76086 ,QUERÉTARO ,QUERÉTARO","https://goo.gl/maps/22BwHwrkNbuxLzxo9","2023-09-13","2024-10-03 23:26:10.79584+00","2023-09-13 08:31:27.641838+00","ASTURIANO"
"111","JOYA 3","T424","LOCAL","BOULEVARD DOLORES DEL RÍO ,846 , ,FRACC. LA JOYA ,76180 ,QUERÉTARO ,QUERÉTARO","https://goo.gl/maps/GDb5JHAim58SwiA98","2023-09-13","2024-10-03 23:26:11.846723+00","2023-09-13 08:31:27.713267+00","ASTURIANO"
"112","AVENIDA 12","T418","LOCAL","Av 12 2304, Lomas de Casa Blanca, 76080 Santiago de Querétaro, Qro.","https://goo.gl/maps/tG53YLkuMNTYw6RY8","2023-09-13","2024-10-03 23:26:09.669932+00","2023-09-13 08:31:27.787835+00","ASTURIANO"
"113","ANDAMAXEI","T417","LOCAL","ANDAMAXEI ,34 ,LOCAL 1 ,SANTUARIOS DEL CERRITO ,76180 ,CORREGIDORA ,QUERÉTARO","https://goo.gl/maps/nMQfnydzc1QYFWNV9","2023-09-13","2024-10-03 23:26:10.732038+00","2023-09-13 08:31:27.855178+00","ASTURIANO"
"114","ATENAS 2","T409","LOCAL","SANTIAGO TLATELOLCO , , ,VILLAS DE SANTIAGO ,76148 ,QUERÉTARO  ,QUERÉTARO","https://goo.gl/maps/NwZaKeUbo7Z4MnFi8","2023-09-13","2024-10-03 23:26:10.663069+00","2023-09-13 08:31:27.924963+00","ASTURIANO"
"115","GOBERNADORES 1","T406","LOCAL","Villas del Cimatario, Prados del Sol, 76087 Santiago de Querétaro, Qro.","https://goo.gl/maps/v1p4DdKREqsXXpMx9","2023-09-13","2024-10-03 23:26:11.716147+00","2023-09-13 08:31:28.000457+00","ASTURIANO"
"116","GOBERNADORES 2","T406","LOCAL","BOULEVARD DE LOS GOBERNADORES ,1428 , ,PRADOS DEL SOL ,76087 ,QUERÉTARO  ,QUERÉTARO","https://goo.gl/maps/v1p4DdKREqsXXpMx9","2023-09-13","2024-10-03 23:26:11.78093+00","2023-09-13 08:31:28.080855+00","ASTURIANO"
"117","PIRAMIDE","T405","LOCAL","PROL. AVENIDA EL JACAL ,1104 , ,PUERTA REAL , ,CORREGIDORA ,QUERÉTARO","https://goo.gl/maps/eR6HoBfAbaWE3ZAc7","2023-09-13","2024-10-03 23:26:10.591422+00","2023-09-13 08:31:28.151053+00","ASTURIANO"
"118","BALAUSTRADAS","T404","LOCAL","LATERAL AUTOPISTA MEXICO-QUERETARO ,2050 ,A , , ,QUERÉTARO ,QUERÉTARO","https://goo.gl/maps/qEBHKxgvvwio4j8cA","2023-09-13","2024-10-03 23:26:27.537588+00","2023-09-13 08:31:28.224142+00","ASTURIANO"
"119","LOS OLVERA 2","T402","LOCAL","CAMINO A LOS OLVERA ,709 ,1 ,LOS OLVERA , ,CORREGIDORA ,QUERÉTARO","https://goo.gl/maps/KFRnWmgUGrJf7nVS6","2023-09-13","2024-10-03 23:26:10.525867+00","2023-09-13 08:31:28.293917+00","ASTURIANO"
"120","DEL SOL 2","T401","LOCAL","BOULEVARD PEÑAFLOR ,1042 ,A ,CIUDAD DEL SOL ,76116 ,QUERÉTARO  ,QUERÉTARO","https://goo.gl/maps/WKDBSmU9zAt5UEDL6","2023-09-13","2024-10-03 23:26:10.459366+00","2023-09-13 08:31:28.369414+00","ASTURIANO"
"121","DEL SOL 1","T400","LOCAL","BOULEVARD PEÑAFLOR ,1041 , ,CIUDAD DEL SOL ,76116 ,QUERÉTARO  ,QUERÉTARO","https://goo.gl/maps/jEDUt569j6JJvUey5","2023-09-13","2024-10-03 23:26:10.392398+00","2023-09-13 08:31:28.443497+00","ASTURIANO"
"122","CONSTITUYENTES 4","T399","LOCAL","PASEO CONSTITUYENTES ,1230 , , , ,CORREGIDORA ,QUERÉTARO","https://goo.gl/maps/fVTPjgu6RhbRthuX9","2023-09-13","2024-10-03 23:26:10.260171+00","2023-09-13 08:31:28.51016+00","ASTURIANO"
"123","SOMBRERETE 3","T398","LOCAL","CERRO DEL SOMBRERETE ,1042 , ,FRACC. LOS CIPRESES , ,QUERÉTARO ,QUERÉTARO","https://goo.gl/maps/wU4UDBEtpKC9LBrM7","2023-09-13","2024-10-03 23:26:30.024574+00","2023-09-13 08:31:28.578297+00","ASTURIANO"
"124","CAMPO MILITAR","T397","LOCAL","C. San Germán 26-36, San Antonio de la Punta, 76135 Santiago de Querétaro, Qro.","https://goo.gl/maps/VxJHkq7HwW97xPsm8","2023-09-13","2024-10-03 23:26:13.910801+00","2023-09-13 08:31:28.646386+00","ASTURIANO"
"125","LOMA BONITA 2","T396","LOCAL","Citlaltépetl 300, Loma Bonita, 76049 Santiago de Querétaro, Qro.","https://goo.gl/maps/wCHBdVHC7Ny4BmHs9","2023-09-13","2024-10-03 23:26:13.647034+00","2023-09-13 08:31:28.723681+00","ASTURIANO"
"126","CIRRUS","T393","LOCAL","CIRRUS  ,S/N , ,REAL SOLARE , ,EL MARQUÉS  ,QUERÉTARO","https://goo.gl/maps/KQSeGn6MncZ8kapn6","2023-09-13","2024-10-03 23:26:12.59841+00","2023-09-13 08:31:28.797492+00","ASTURIANO"
"127","TOVAR","T388","LOCAL","FRANCISCO I. MADERO ,33 , ,EL PUEBLITO ,76900 ,CORREGIDORA ,QUERÉTARO","https://goo.gl/maps/tmHt57fxMAvTTb416","2023-09-13","2024-10-03 23:26:27.404931+00","2023-09-13 08:31:28.871522+00","ASTURIANO"
"128","CALLE 25","T382","LOCAL","Av. Fray Eulalio Hernández Rivera 4, El Pueblito, 76904 El Pueblito, Qro.","https://maps.app.goo.gl/TJKRuUSRaRx2QNe27?g_st=iw","2023-09-13","2024-10-03 23:26:13.779094+00","2023-09-13 08:31:28.939485+00","ASTURIANO"
"129","DEL RIO","T381","LOCAL","ISIDRO HERNANDEZ ,10 ,LOCAL 1 ,CENTRO ,76900 ,CORREGIDORA ,QUERÉTARO","https://goo.gl/maps/BQKN7qT4XjavYufY7","2023-09-13","2024-10-03 23:26:30.220501+00","2023-09-13 08:31:29.007982+00","ASTURIANO"
"130","CHE GUEVARA","T378","LOCAL","C. INGENIO 3 VALLES ,137 , ,RUBE JARAMILLO ,76117 ,QUERÉTARO ,QUERÉTARO","https://goo.gl/maps/2nmZwUL4G3vzQjEW9","2023-09-13","2024-10-03 23:26:13.516035+00","2023-09-13 08:31:29.083487+00","ASTURIANO"
"131","EJIDO","T376","LOCAL","Alfredo V. Bonfil 179, Modelo, 76177 Santiago de Querétaro, Qro.","https://goo.gl/maps/y3evFUTnppbQnX6t6","2023-09-13","2024-10-03 23:26:13.451748+00","2023-09-13 08:31:29.161074+00","ASTURIANO"
"132","AMERICAS 3","T375","LOCAL","Cerro del Coyolote 200, Las Americas, 76121 Santiago de Querétaro, Qro.","https://goo.gl/maps/kMipfvNBMA8EASSy7","2023-09-13","2024-10-03 23:26:13.58047+00","2023-09-13 08:31:29.235266+00","ASTURIANO"
"133","CALLE 23","T373","LOCAL","C. 23 503, Lomas de Casa Blanca, 76080 Santiago de Querétaro, Qro.","https://goo.gl/maps/zv9AqZ27wVZxpnyH8","2023-09-13","2024-10-03 23:26:12.521057+00","2023-09-13 08:31:29.309724+00","ASTURIANO"
"134","CAPILLA JURICA","T372","LOCAL","NOCHE BUENA ,102 , ,JURICA PUEBLO ,76100 ,QUERÉTARO ,QUERÉTARO","https://goo.gl/maps/yU3tVUJ6H8ShmHqXA","2023-09-13","2024-10-03 23:26:12.456488+00","2023-09-13 08:31:29.383556+00","ASTURIANO"
"135","ALAMBIQUE","T371","LOCAL","C. 20 DE NOVIEMBRE , , ,COL. LOS ANGELES ,76908 ,CORREGIDORA ,QUERÉTARO","https://goo.gl/maps/sU6xAjiPqiDoibuM6","2023-09-13","2024-10-03 23:26:13.714087+00","2023-09-13 08:31:29.460487+00","ASTURIANO"
"136","CARRILLO","T370","LOCAL","PROL. 18 DE MARZO ,181 , ,FELIPE CARRILLO PUERTO ,76138 ,QUERÉTARO ,QUERÉTARO","https://goo.gl/maps/L52AEoijpz4PcEhd6","2023-09-13","2024-10-03 23:26:13.323191+00","2023-09-13 08:31:29.535868+00","ASTURIANO"
"137","DEHESA","T366","LOCAL","CTO. JOSÉ MARÍA HERNÁNDEZ ,45 , ,LOS MEZQUITES ,76912 ,QUERÉTARO ,QUERÉTARO","https://goo.gl/maps/9NyRX8Ber3K6B7Hx6","2023-09-13","2024-10-03 23:26:30.283993+00","2023-09-13 08:31:29.611509+00","ASTURIANO"
"138","PLAZA ANÁHUAC","T365","LOCAL","AV. PASEO DE LAS PITAHAYAS ,LTE.55 ,MZA.1 ,FRACCIONAMIENTO ZIBATÁ ,76269 ,QUERÉTARO ,QUERÉTARO","https://g.page/xentricanahuac?share","2023-09-13","2024-10-03 23:26:12.258171+00","2023-09-13 08:31:29.688439+00","ASTURIANO"
"139","LA CAMINERA","T361","LOCAL","REBOZO ,131 , ,ARTE MEXICANO ,76085 ,QUERÉTARO ,QUERÉTARO","https://goo.gl/maps/7x1XGjtn2DvF87Qm6","2023-09-13","2024-10-03 23:26:13.06261+00","2023-09-13 08:31:29.760675+00","ASTURIANO"
"140","JUNIPERO HACES","T359","LOCAL","ANILLO VIAL II FRAY JUNÍPERO SERRA ,9220 , ,FRACC. EL REFUGIO ,76146 ,QUERÉTARO ,QUERÉTARO","https://goo.gl/maps/RczXx8zGi7UA6B219","2023-09-13","2024-10-03 23:26:27.211642+00","2023-09-13 08:31:29.837067+00","ASTURIANO"
"141","RIO QUERETARO","T358","LOCAL","Sin referencia No. 970 100C, La Sierrita, 76137 Santiago de Querétaro, Qro.","https://goo.gl/maps/RLveGD5fRmyxzCw17","2023-09-13","2024-10-03 23:26:13.192457+00","2023-09-13 08:31:29.914791+00","ASTURIANO"
"142","LA LUPITA","T357","LOCAL","CIRCUITO LÁZARO CÁRDENAS ,718 , ,LÁZARO CÁRDENAS ,76087 ,QUERÉTARO ,QUERÉTARO","https://goo.gl/maps/u7hg3S6tzBB7rQeLA","2023-09-13","2024-10-03 23:26:13.975136+00","2023-09-13 08:31:29.986942+00","ASTURIANO"
"143","PRIVADA PEDREGAL","T354","LOCAL","IGNACIO ZARAGOZA ,21 , ,EL PEDREGAL ,76144 ,QUERÉTARO ,QUERÉTARO","https://goo.gl/maps/qiYNB4eyGJGjYCsz9","2023-09-13","2024-10-03 23:26:13.843398+00","2023-09-13 08:31:30.062399+00","ASTURIANO"
"144","VERO","T353","LOCAL","SANTO DOMINGO  ,101 , ,VISTA ALEGRE 3A SECCIÓN ,76074 ,QUERÉTARO ,QUERÉTARO","https://goo.gl/maps/Kqs9okBZmnV3N8Qg6","2023-09-13","2024-10-03 23:26:12.045546+00","2023-09-13 08:31:30.149317+00","ASTURIANO"
"145","LA SERRANITA","T350","LOCAL","AV. LAGOS ,403 , ,EL ROCÍO ,76114 ,QUERÉTARO ,QUERÉTARO","https://goo.gl/maps/AtdMWzYJtUXnAnPM6","2023-09-13","2024-10-03 23:26:13.387679+00","2023-09-13 08:31:30.219457+00","ASTURIANO"
"146","ARBOLITO","T349","LOCAL","C. OCAL ,31 , ,LOS OLVERA ,76904 ,CORREGIDORA ,QUERÉTARO","https://goo.gl/maps/QmMWqdvNyHrWYouZA","2023-09-13","2024-10-03 23:26:12.323639+00","2023-09-13 08:31:30.311131+00","ASTURIANO"
"147","ALTAMIRA","T348","LOCAL","AV. DE LA LUZ ,1610 , ,CHULA VISTA ,76116 ,QUERÉTARO ,QUERÉTARO","https://goo.gl/maps/7D5vibayCinD8s926","2023-09-13","2024-10-03 23:26:12.998652+00","2023-09-13 08:31:30.387985+00","ASTURIANO"
"148","ES LOMA ALTA","T346","LOCAL","AVENIDA UNIVERSIDAD ,399 ,1 ,CERRO GORDO ,76804 ,SAN JUAN DEL RÍO ,QUERÉTARO","https://goo.gl/maps/fsS8UFvaaB1s1hzd8","2023-09-13","2024-10-03 23:26:13.258092+00","2023-09-13 08:31:30.460925+00","ASTURIANO"
"149","BORONITA","T345","LOCAL","AVENIDA 14 ,801 , ,LOMAS DE CASA BLANCA ,76080 ,QUERÉTARO ,QUERÉTARO","https://goo.gl/maps/ccurs1vDY4eLbC6r5","2023-09-13","2024-10-03 23:26:12.38965+00","2023-09-13 08:31:30.535812+00","ASTURIANO"
"150","ULTIMO SIGLO","T344","LOCAL","AVENIDA MAR DE CORTÉS ,1501 ,A ,MOMPANÍ ,76229 ,QUERÉTARO ,QUERÉTARO","https://goo.gl/maps/LHytARYjfTLSMoLPA","2023-09-13","2024-10-03 23:26:13.128376+00","2023-09-13 08:31:30.605021+00","ASTURIANO"
"151","ADARA","T342","LOCAL","CALLE CERRADA VÍA CITE ,2 ,1 ,ADARA LIFESTYLE ,76246 ,EL MARQUÉS ,QUERÉTARO","https://goo.gl/maps/fdMnzE9guqajsw537","2023-09-13","2024-10-03 23:26:11.979487+00","2023-09-13 08:31:30.678563+00","ASTURIANO"
"152","RIO AYUTLA","T338","LOCAL","RIO AYUTLA ,104 ,G y H ,LA PIEDAD ,76150 ,QUERÉTARO ,QUERÉTARO","https://goo.gl/maps/qD1coYhkDWZb8veq6","2023-09-13","2024-10-03 23:26:12.799356+00","2023-09-13 08:31:30.746564+00","ASTURIANO"
"153","EL CARMEN 3","T334","LOCAL","EPIGMENIO GONZÁLEZ ,15 , ,EL CARMEN ,76240 ,EL MARQUÉS ,QUERÉTARO","https://goo.gl/maps/ATbw6JRXgwnjw63k8","2023-09-13","2024-10-03 23:26:12.732728+00","2023-09-13 08:31:30.81386+00","ASTURIANO"
"154","PRIVADA JURIQUILLA","T331","LOCAL","CERRO DE LA CABRA  ,256 , , ,76230 ,SANTA ROSA JÁUREGUI ,QUERÉTARO","https://goo.gl/maps/1wLniPfSapi41Gvo9","2023-09-13","2024-10-03 23:26:26.03564+00","2023-09-13 08:31:30.881465+00","ASTURIANO"
"155","BRITO","T326","LOCAL","AV. LAS AZUCENAS ,46 , ,LAS AZUCENAS ,76116 ,QUERÉTARO ,QUERÉTARO","https://goo.gl/maps/wFduEqsiy5EcFV1L6","2023-09-13","2024-10-03 23:26:12.117611+00","2023-09-13 08:31:30.949714+00","ASTURIANO"
"156","EL CARMEN 2","T321","LOCAL","FLORENCIO ROSAS ,8 , ,EL CARMEN ,76246 ,EL MARQUÉS  ,QUERÉTARO","https://goo.gl/maps/GA37X2WyMYja6M7LA","2023-09-13","2024-10-03 23:26:12.864253+00","2023-09-13 08:31:31.01904+00","ASTURIANO"
"157","UNIVERSIDAD 2","T320","LOCAL","AV. UNIVERSIDAD ,192 ,B ,EL RETABLO ,76154 ,QUERÉTARO ,QUERÉTARO","https://goo.gl/maps/pF1mggkjJXX8PTwPA","2023-09-13","2024-10-03 23:26:12.189863+00","2023-09-13 08:31:31.09316+00","ASTURIANO"
"158","ANGELES","T319","LOCAL","CARRETERA LIBRE A CELAYA  ,KM 12 , ,LOS ÁNGELES ,76907 ,CORREGIDORA ,QUERÉTARO","https://goo.gl/maps/R29m8CsuDT2zKJvTA","2023-09-13","2024-10-03 23:26:12.933541+00","2023-09-13 08:31:31.160333+00","ASTURIANO"
"159","REFORMA 3","T312","LOCAL","ROMAN MORALES  ,126 , ,REFORMA AGRARIA ,76086 ,QUERÉTARO ,QUERÉTARO","https://goo.gl/maps/bGcwPi59TyYzi2wg6","2023-09-13","2024-10-03 23:26:14.040125+00","2023-09-13 08:31:31.227382+00","ASTURIANO"
"160","ORIZABA","T309","LOCAL","PICO DE ORIZABA ,202 , ,LOMA BONITA ,76118 ,QUERÉTARO ,QUERÉTARO","https://goo.gl/maps/auw1PSofEykN8QUn8","2023-09-13","2024-10-03 23:26:12.666763+00","2023-09-13 08:31:31.300065+00","ASTURIANO"
"161","LA LUZ 2","T308","LOCAL","AV. DE LA LUZ ,1808 , ,LOMAS DE SAN ÁNGEL ,76116 ,QUERÉTARO ,QUERÉTARO","https://goo.gl/maps/pcSTSzVZJMVX8PC3A","2023-09-13","2024-10-03 23:26:14.106224+00","2023-09-13 08:31:31.373061+00","ASTURIANO"
"162","PLAZA ZAKIA","T307","LOCAL","AV. PASEO DE ZAKIA PONIENTE ,4300 ,1 ,FRACCIONAMIENTO ZAKIA ,76230 ,EL MARQUÉS ,QUERÉTARO","https://goo.gl/maps/VSG2q4AmkdWyD8yM9","2023-09-13","2024-10-03 23:26:14.169636+00","2023-09-13 08:31:31.447072+00","ASTURIANO"
"163","CONDADO","T304","LOCAL","PASEO DEL CONDADO CONDOMINIO 2 ,19 ,B-20 Y B-21 ,EL CONDADO  ,76922 ,CORREGIDORA ,QUERÉTARO","https://goo.gl/maps/miM37bh9rsTHz5Bv5","2023-09-13","2024-10-03 23:26:28.530867+00","2023-09-13 08:31:31.514356+00","ASTURIANO"
"164","VIÑEDOS 2","T303","LOCAL","CIRCUITO MERLOT  ,3033 , ,FRACC. VIÑEDOS ,76235 ,QUERÉTARO ,QUERÉTARO","https://goo.gl/maps/eH2mAcMcKZxQ7dUx6","2023-09-13","2024-10-03 23:26:25.580353+00","2023-09-13 08:31:31.594231+00","ASTURIANO"
"165","YESEROS","T302","LOCAL","INDUSTRIALES ,139 , ,PEÑUELAS ,76148 ,QUERÉTARO ,QUERÉTARO","https://goo.gl/maps/MvQqcP3rzeobL4RG7","2023-09-13","2024-10-03 23:26:14.235823+00","2023-09-13 08:31:31.665461+00","ASTURIANO"
"166","SANTUARIOS 2","T298","LOCAL","AV. ANDAMAXEI ,L 1 MZN 308 , ,COL. SANTUARIOS DEL CENTRO ,76180 ,CORREGIDORA ,QUERÉTARO","https://goo.gl/maps/MDTykyTWMkYcjYMk7","2023-09-13","2024-10-03 23:26:14.300793+00","2023-09-13 08:31:31.741077+00","ASTURIANO"
"167","MANUFACTURA","T292","LOCAL","PROLONGACIÓN CORREGIDORA NTE. ,6 , ,PARQUES INDUSTRIALES ,76060 ,QUERÉTARO ,QUERÉTARO","https://goo.gl/maps/MyLpASJkCDww5h6w7","2023-09-13","2024-10-03 23:26:28.141998+00","2023-09-13 08:31:31.815991+00","ASTURIANO"
"168","CAÑADAS DEL LAGO","T291","LOCAL","CARRETERA ESTATAL 411 ,km 3+220  , ,CAÑADAS DEL LAGO ,76922 ,CORREGIDORA  ,QUERÉTARO","https://goo.gl/maps/y7UtciucEEsswgv26","2023-09-13","2024-10-03 23:26:30.478183+00","2023-09-13 08:31:31.883138+00","ASTURIANO"
"169","CERRO BLANCO","T288","LOCAL","CERRO BLANCO  ,140 ,1,2,3 ,COL. COLINAS DE CIMATARIO ,76090 ,QUERÉTARO ,QUERÉTARO","https://goo.gl/maps/uupMtVT8VFpnnHQN8","2023-09-13","2024-10-03 23:26:15.941806+00","2023-09-13 08:31:31.951978+00","ASTURIANO"
"170","LIRIOS","T286","LOCAL","LOTE  9 MANZN 45  LIRIO , , ,COL. JURICA PUEBLO ,76100 ,QUERÉTARO ,QUERÉTARO","https://goo.gl/maps/4qMeSzqmHQXcRsan9","2023-09-13","2024-10-03 23:26:14.495635+00","2023-09-13 08:31:32.02784+00","ASTURIANO"
"171","CANTERA","T284","LOCAL","CTO. PUERTA DEL SOL ,2801 , ,CIUDAD DEL SOL ,76116 ,QUERÉTARO ,QUERÉTARO","https://goo.gl/maps/FkYZYGTQN3WgEeDE6","2023-09-13","2024-10-03 23:26:15.615087+00","2023-09-13 08:31:32.104033+00","ASTURIANO"
"172","PLAZA EUGENIA","T282","LOCAL","PROLONGACIÓN ZARAGOZA Y JOSÉ ANTONIO GARCÍA JIMENO  ,1001 , ,COL. JARDINES DE LA HACIENDA ,76180 ,QUERÉTARO ,QUERÉTARO","https://goo.gl/maps/vX9J6J6EXP3EcCz36","2023-09-13","2024-10-03 23:26:14.364636+00","2023-09-13 08:31:32.181178+00","ASTURIANO"
"173","INDEPENDENCIA","T278","LOCAL","CARRETERA HUIMILPAN- CORONEO ,A ,24 ,COL. SANTA BARBARA ,76900 ,CORREGIDORA ,QUERÉTARO","https://goo.gl/maps/KLTkjwat27w8EqMo6","2023-09-13","2024-10-03 23:26:15.551062+00","2023-09-13 08:31:32.256199+00","ASTURIANO"
"174","ARCO DE PIEDRA","T269","LOCAL","BLVD ARCO DE PIEDRA ,199 ,A ,COL. SALITRE ,76121 ,QUERÉTARO ,QUERÉTARO","https://goo.gl/maps/KhNwDNmFmm62","2023-09-13","2024-10-03 23:26:15.744337+00","2023-09-13 08:31:32.330286+00","ASTURIANO"
"175","NARANJOS","T268","LOCAL","BLVD. UNIVERSITARIO  ,325 ,9 ,FRACC. JURICA REAL CONVENTO ,76230 ,QUERÉTARO ,QUERÉTARO","https://goo.gl/maps/ruT3LytZvk52","2023-09-13","2024-10-03 23:26:15.680091+00","2023-09-13 08:31:32.404955+00","ASTURIANO"
"176","ATELIER","T266","LOCAL","BOULEVARD DE LA CAMPANA ,940 ,11 ,JURIQUILLA ,76230 ,QUERÉTARO ,QUERÉTARO","https://goo.gl/maps/nJpJYwp9sAL2","2023-09-13","2024-10-03 23:26:14.886685+00","2023-09-13 08:31:32.477643+00","ASTURIANO"
"177","ARROYO","T265","LOCAL","CARR. HUIMILPAN ,KM 6+510 ,1 ,ARROYO  HONDO  , ,CORREGIDORA ,QUERÉTARO","https://goo.gl/maps/2cZpWdX6GunfQJsA6","2023-09-13","2024-10-03 23:26:14.818644+00","2023-09-13 08:31:32.549968+00","ASTURIANO"
"178","PEDRO ESCOBEDO","T262","LOCAL","BOULEVARD  LAZARO CARDENAS   ,2 ,B ,COL. CENTRO ,76700 ,PEDRO ESCOBEDO ,QUERÉTARO","https://goo.gl/maps/wYdTcRs1wBeqw6ge6","2023-09-13","2024-10-03 23:26:16.07567+00","2023-09-13 08:31:32.622107+00","ASTURIANO"
"179","PEÑA FLOR","T261","LOCAL","AV. PEÑA FLOR  ,1090 , ,COL. CD DEL SOL , ,QUERÉTARO ,QUERÉTARO","https://goo.gl/maps/1m8WB7rgitRpT8ah8","2023-09-13","2024-10-03 23:26:15.809409+00","2023-09-13 08:31:32.68884+00","ASTURIANO"
"180","ZAKIA","T260","LOCAL","PASEOS DE ZAKIA ,7 , ,COL. ZAKIA ,76269 ,QUERÉTARO ,QUERÉTARO","https://goo.gl/maps/Uoefgh2VnHrAm1we7","2023-09-13","2024-10-03 23:26:15.486943+00","2023-09-13 08:31:32.760626+00","ASTURIANO"
"181","VARGAS LLOSA","T259","LOCAL","MARIO VARGAS LLOSA ,4682 ,1 ,COL. HACIENDA MOMPANI , ,QUERÉTARO ,QUERÉTARO","https://goo.gl/maps/usxx8HTLnzS2","2023-09-13","2024-10-03 23:26:15.355738+00","2023-09-13 08:31:32.834487+00","ASTURIANO"
"182","WTC","T257","LOCAL","PASEO DE LA REPÚBLICA  ,13020 ,7 Y 8 ,EJIDO JURIICA ,76100 ,QUERÉTARO ,QUERÉTARO","https://goo.gl/maps/ZufBzK5ybePU6QG36","2023-09-13","2024-10-03 23:26:14.954443+00","2023-09-13 08:31:32.90949+00","ASTURIANO"
"183","LAS MORAS","T256","LOCAL","AV. PASEO LAS MORAS  ,22060 , ,FRACC. HUERTAS  ,76148 ,SAN JOSE EL ALTO ,QUERÉTARO","https://goo.gl/maps/VtoCyGuvEAKq4sPu5","2023-09-13","2024-10-03 23:26:15.420806+00","2023-09-13 08:31:32.982988+00","ASTURIANO"
"184","LOARCA 4","T255","LOCAL","AV. POPOCATÉPETL ,3232 , ,FRACC. LOARCA ,76118 ,QUERÉTARO ,QUERÉTARO","https://goo.gl/maps/VBKh1udHXrFoVnVk6","2023-09-13","2024-10-03 23:26:15.291216+00","2023-09-13 08:31:33.052938+00","ASTURIANO"
"185","CIUDAD DEL SOL 2","T254","LOCAL","BOULEVARD PEÑA FLOR ,868 , ,COL. CD DEL SOL ,76116 ,QUERÉTARO ,QUERÉTARO","https://goo.gl/maps/uE2BYuPPqywDfTu78","2023-09-13","2024-10-03 23:26:14.559629+00","2023-09-13 08:31:33.127481+00","ASTURIANO"
"186","TLALOC","T253","LOCAL","BLAS CHUMACERO  ,409 , ,COL. MOVIMIENTO OBRERO ,76121 ,QUERÉTARO ,QUERÉTARO","https://goo.gl/maps/QqJoVMTSZGNGDjheA","2023-09-13","2024-10-03 23:26:14.753448+00","2023-09-13 08:31:33.201997+00","ASTURIANO"
"187","BOSQUES 2","T252","LOCAL","AVENIDA BOSQUE NACIONAL  ,410 , ,COL. BOSQUES DEL CIMATARIO ,76085 ,QUERÉTARO ,QUERÉTARO","https://goo.gl/maps/1M4UYs8QeDcjVJPp8","2023-09-13","2024-10-03 23:26:15.226838+00","2023-09-13 08:31:33.2713+00","ASTURIANO"
"188","JACAL","T251","LOCAL","BOULEVARD HACIENDA EL JACAL ,1202 ,D ,COL. LA  JOYA CORREGIDORA ,76180 ,CORREGIDORA ,QUERÉTARO","https://goo.gl/maps/nSQ8q86jPEyXM2Sv8","2023-09-13","2024-10-03 23:26:14.429637+00","2023-09-13 08:31:33.346503+00","ASTURIANO"
"189","LA NACION 2","T249","LOCAL","BLVD. DE LA NACION  ,550 ,19 Y 20 ,COL. DESARROLLO CENTRO SUR ,76148 ,QUERÉTARO ,QUERÉTARO","https://goo.gl/maps/UtpDv2tPS6DAjGNH7","2023-09-13","2024-10-03 23:26:15.876317+00","2023-09-13 08:31:33.419528+00","ASTURIANO"
"190","TRUCHUELO","T248","LOCAL","PROL. J. MA TRUCHUELO  ,2 , ,COL. VENCEREMOS ,76903 ,CORREGIDORA ,QUERÉTARO","https://goo.gl/maps/mADKmgWuG2z3JVeNA","2023-09-13","2024-10-03 23:26:14.687557+00","2023-09-13 08:31:33.487565+00","ASTURIANO"
"191","PEÑA CORADA","T247","LOCAL","CARRETERA ANTIGUA MEX-QRO. EX HACIENDA CARRETAS  ,301 , ,COL. MILENIO III ,76060 ,QUERÉTARO ,QUERÉTARO","https://goo.gl/maps/xJEC73yh668tGHf5A","2023-09-13","2024-10-03 23:26:25.839048+00","2023-09-13 08:31:33.554508+00","ASTURIANO"
"192","ARQUITOS","T246","LOCAL","CALZADA DE LOS ARQUITOS  ,67 , ,FRACC. ARQUITOS ,76050 ,QUERÉTARO ,QUERÉTARO","https://goo.gl/maps/sxdUdcaQ8h4h8hjp8","2023-09-13","2024-10-03 23:26:15.151878+00","2023-09-13 08:31:33.62255+00","ASTURIANO"
"193","JURICA","T244","LOCAL","PASEO DE JURICA  ,105 ,32 ,JURICA CAMPESTRE ,76100 ,QUERÉTARO ,QUERÉTARO","https://goo.gl/maps/PhjsRSWcWp3U2sm38","2023-09-13","2024-10-03 23:26:27.993636+00","2023-09-13 08:31:33.69176+00","ASTURIANO"
"194","SANTUARIOS","T243","LOCAL","AV. SANTA MARIA DEL PUEBLITO   ,300 ,5 ,FRACC. SANTUARIOS DEL CERRITO ,76900 ,CORREGIDORA ,QUERÉTARO","https://goo.gl/maps/zoA4CeJtkpLnfEkL7","2023-09-13","2024-10-03 23:26:30.412811+00","2023-09-13 08:31:33.766272+00","ASTURIANO"
"195","OESTE","T242","LOCAL","SANTIAGO DEL OESTE  ,349 , ,COL, VILLAS DE SANTIAGO   ,76148 ,QUERÉTARO ,QUERÉTARO","https://goo.gl/maps/TaqiMPCt9gqZ4j2P9","2023-09-13","2024-10-03 23:26:16.008647+00","2023-09-13 08:31:33.835488+00","ASTURIANO"
"196","CASA BLANCA 4","T241","LOCAL","HERIBERTO ALLERA ,7 , ,COL.CASA BLANCA ,76030 ,QUERÉTARO ,QUERÉTARO","https://goo.gl/maps/adHkk8YzRh49wTpB9","2023-09-13","2024-10-03 23:26:15.08404+00","2023-09-13 08:31:33.910121+00","ASTURIANO"
"197","CONSTITUYENTES 3","T240","LOCAL","PASEO CONSTITUYENTES ,1710 ,1 ,COL .PUEBLITO ,76900 ,CORREGIDORA ,QUERÉTARO","https://goo.gl/maps/8C8zu7zUy5VpmvYK7","2023-09-13","2024-10-03 23:26:25.383703+00","2023-09-13 08:31:33.978034+00","ASTURIANO"
"198","JUNIPERO 2","T239","LOCAL","ANILLO VIAL FRAY JUNIPERO SERRA ,7+200 , ,FRACC. LA PRADERA ,76269 ,QUERÉTARO ,QUERÉTARO","https://goo.gl/maps/eEnAczKxhApJU8Rt5","2023-09-13","2024-10-03 23:26:16.204637+00","2023-09-13 08:31:34.052491+00","ASTURIANO"
"199","SOMBRERETE 2","T238","LOCAL","AV. CERRO DEL SOMBRERETE ,1080 ,14 ,COL. MISIÓN DE BUCAREL ,76125 ,EL MARQUÉS ,QUERÉTARO","https://goo.gl/maps/fWGTEPPJsWFvagPDA","2023-09-13","2024-10-03 23:26:16.139368+00","2023-09-13 08:31:34.119485+00","ASTURIANO"
"200","SAN ROQUE 2","T237","LOCAL","EJIDO ,50 , ,COL. SAN GREGORIO ,76156 ,QUERÉTARO ,QUERÉTARO","https://goo.gl/maps/N9N8Vc3BVXNZ2uYV7","2023-09-13","2024-10-03 23:26:15.020545+00","2023-09-13 08:31:34.18891+00","ASTURIANO"
"201","CASA BLANCA 3","T236","LOCAL","CALLE 9  ,202 , ,COL. LOMAS DE CASABLANCA ,76080 ,QUERÉTARO ,QUERÉTARO","https://goo.gl/maps/ogh6WBCrJ1UnuDBM7","2023-09-13","2024-10-03 23:26:14.625252+00","2023-09-13 08:31:34.262471+00","ASTURIANO"
"202","VILLAS DE SANTIAGO 2","T235","LOCAL","PORTAL DE SAMANIEGO ,320 ,A ,FRACC. VILLAS DE SANTIAGO ,76148 ,QUERÉTARO ,QUERÉTARO","https://goo.gl/maps/ykANo4YmEp5iMZXj8","2023-09-13","2024-10-03 23:26:30.348453+00","2023-09-13 08:31:34.340348+00","ASTURIANO"
"203","CERRITO 2","T234","LOCAL","CORREGIDORA NTE. ,415 , ,COL. LINDA VISTA ,76168 ,QUERÉTARO ,QUERÉTARO","https://goo.gl/maps/nf6V5brMz4wCgnN88","2023-09-13","2024-10-03 23:26:16.269641+00","2023-09-13 08:31:34.413533+00","ASTURIANO"
"204","PUEBLITO 2","T233","LOCAL","HEROICO COLEGIO MILITAR ,41 , ,VILLA DE CORREGIDORA ,76900 ,CORREGIDORA ,QUERÉTARO","https://goo.gl/maps/JaWkwVSVdUu8cTop7","2023-09-13","2024-10-03 23:26:26.758016+00","2023-09-13 08:31:34.481192+00","ASTURIANO"
"205","MILENIO","T231","LOCAL","SENDA DEL AMANECER ,132 ,A ,COL. MILENIO III ,76060 ,QUERÉTARO ,QUERÉTARO","https://goo.gl/maps/ApZPwTiZufYKdXBv9","2023-09-13","2024-10-03 23:26:16.334776+00","2023-09-13 08:31:34.557487+00","ASTURIANO"
"206","PASEOS DE SAN MIGUEL 2","T230","LOCAL","VILLAS DE SAN PEDRO ,1002 , ,COL. VILLAS DE SAN ANGEL ,76116 ,QUERÉTARO ,QUERÉTARO","https://goo.gl/maps/rafR79RgpL9DQyuQA","2023-09-13","2024-10-03 23:26:17.776842+00","2023-09-13 08:31:34.628427+00","ASTURIANO"
"207","MERCURIO","T229","LOCAL","ENCARNACIÓN CABRERA , , ,COL. MERCURIO ,76040 ,QUERÉTARO ,QUERÉTARO","https://goo.gl/maps/xuauGV4mS89bqhrV6","2023-09-13","2024-10-03 23:26:17.841439+00","2023-09-13 08:31:34.705483+00","ASTURIANO"
"208","LAS FUENTES","T228","LOCAL","AV. DE LAS FUENTES ,2222 ,3 ,COL. FUNDADORES ,76117 ,QUERÉTARO ,QUERÉTARO","https://goo.gl/maps/gyTZbyxVyX6KNuvj9","2023-09-13","2024-10-03 23:26:17.507452+00","2023-09-13 08:31:34.778762+00","ASTURIANO"
"209","SOMBRERETE","T227","LOCAL","AV. SOMBRERETE ,12365 ,3 ,COL. VERGEL ,76148 ,QUERÉTARO ,QUERÉTARO","https://goo.gl/maps/aSjL5P1f1d5ZGtwX7","2023-09-13","2024-10-03 23:26:18.363848+00","2023-09-13 08:31:34.860503+00","ASTURIANO"
"210","PLATEROS 2","T226","LOCAL","AV. MANUEL GÓMEZ MORIN , 102-A  , ,COL. FRACCIONAMIENTO DEL PARQUE ,76146 ,QUERÉTARO ,QUERÉTARO","https://goo.gl/maps/JWd5156t581uWXtg9","2023-09-13","2024-10-03 23:26:18.169698+00","2023-09-13 08:31:34.936815+00","ASTURIANO"
"211","JOY","T225","LOCAL","BOULEVARD UNIVERSITARIO ,2002 ,1 , LA  RICA , 76226 ,SANTA ROSA JÁUREGUI ,QUERÉTARO","https://goo.gl/maps/UJ8thw3GK532","2023-09-13","2024-10-03 23:26:18.233681+00","2023-09-13 08:31:35.013444+00","ASTURIANO"
"212","ES MADERAS","T224","LOCAL","BOULEVARD PROL. CONSTITUYENTES ,1251 ,1 ,CD MADERAS ,76240 ,EL MARQUÉS ,QUERÉTARO","https://goo.gl/maps/HzSGCXzjeU52","2023-09-13","2024-10-03 23:26:18.03802+00","2023-09-13 08:31:35.085767+00","ASTURIANO"
"213","CAMPESTRE ITALIANA","T222","LOCAL","LIBRAMIENTO SUR PONIENTE ,550 , ,CAMPESTRE ITALIANA ,76087 ,QUERÉTARO ,QUERÉTARO","https://goo.gl/maps/fGDAJ5zJdupKNfkx6","2023-09-13","2024-10-03 23:26:18.10428+00","2023-09-13 08:31:35.154657+00","ASTURIANO"
"214","DIAMANTE","T221","LOCAL","BOULEVARD DIAMANTE  ,  ,993 , ,FRACC. REL DE JUIRIQUILLA , ,SANTA ROSA JÁUREGUI ,QUERÉTARO","https://goo.gl/maps/67vo7AEmedNqXg6B6","2023-09-13","2024-10-03 23:26:16.534845+00","2023-09-13 08:31:35.22881+00","ASTURIANO"
"215","ZEN HOUSE","T220","LOCAL","PROL. CONSTITUYENTES , , ,ZEN HOUSE ,76060 ,EL MARQUÉS ,QUERÉTARO","https://goo.gl/maps/uw8XXJvCwNy","2023-09-13","2024-10-03 23:26:17.707878+00","2023-09-13 08:31:35.297891+00","ASTURIANO"
"216","AMSTERDAM","T219","LOCAL","PASEO  AMSTERDAM  ,167 ,A ,COL RESIDENCIAL AMSTERDAM ,76902 ,QUERÉTARO ,QUERÉTARO","https://goo.gl/maps/Xm71ZFQxwyo","2023-09-13","2024-10-03 23:26:16.404824+00","2023-09-13 08:31:35.371592+00","ASTURIANO"
"217","UNIVERSO","T218","LOCAL","AV. LUIS PAESTEUR  ,10301 ,1 ,UNIVERSO 2000 ,76085 ,QUERÉTARO ,QUERÉTARO","https://goo.gl/maps/s4DEAJsNfhu","2023-09-13","2024-10-03 23:26:17.643877+00","2023-09-13 08:31:35.439501+00","ASTURIANO"
"218","ATENAS","T217","LOCAL","CALLE SANTIAGO TLATELOLCO ,116 -A ,A ,COL. VILLAS DE SANTIAGO ,76148 ,QUERÉTARO ,QUERÉTARO","https://goo.gl/maps/xPWbuzUFhDP2","2023-09-13","2024-10-03 23:26:16.663712+00","2023-09-13 08:31:35.50555+00","ASTURIANO"
"219","CD MADERAS","T216","LOCAL","AVE. DEL MARQUEZ   ,25 ,1,2,3 ,FRACC. RINCONES DEL MARQUEZ ,76246 ,EL MARQUÉS ,QUERÉTARO","https://goo.gl/maps/pk2jug7cN3Mis4yf7","2023-09-13","2024-10-03 23:26:17.052118+00","2023-09-13 08:31:35.576823+00","ASTURIANO"
"220","VESUBIO","T215","LOCAL","AV. DE LA LUZ  ,118 ,A ,COL. SATELITE ,76110 ,QUERÉTARO ,QUERÉTARO","https://goo.gl/maps/aDGKTYYZmdA2","2023-09-13","2024-10-03 23:26:17.248643+00","2023-09-13 08:31:35.65067+00","ASTURIANO"
"221","LOMAS 27","T209","LOCAL","CALLE 27 ,1305 ,A,B,C, ,Col. Casa Blanca ,76080 ,QUERÉTARO ,QUERÉTARO","https://goo.gl/maps/zaDn5E2oSKp","2023-09-13","2024-10-03 23:26:18.299232+00","2023-09-13 08:31:35.720023+00","ASTURIANO"
"222","TRIO","T206","LOCAL","CALLE  REAL DE MINAS  ,S/N ,17, 18 ,COL.LAS HACIENDAS ,76116 ,QUERÉTARO ,QUERÉTARO","https://goo.gl/maps/sj2fHZd1ngo","2023-09-13","2024-10-03 23:26:28.206751+00","2023-09-13 08:31:35.794603+00","ASTURIANO"
"223","RIBERA DEL RIO","T205","LOCAL","AV. RIBERA DEL RIO   ,48 , ,COL.  EL PUEBLITO ,76901 ,CORREGIDORA ,QUERÉTARO","https://goo.gl/maps/JBvYtHm7F5F2","2023-09-13","2024-10-03 23:26:26.557672+00","2023-09-13 08:31:35.869444+00","ASTURIANO"
"224","SHELL BALVANERA","T204","LOCAL","CARRETERA LIBRE A CELAYA KM 7+250 , , ,LAS TROJITAS ,76908 ,CORREGIDORA ,QUERÉTARO","https://goo.gl/maps/2igYXsK8aN32","2023-09-13","2024-10-03 23:26:17.312759+00","2023-09-13 08:31:35.93644+00","ASTURIANO"
"225","PUEBLITO","T202","LOCAL","JOSEFA ORTIZ DE DOMINGUEZ ,104-B , ,COL. EL PUEBLITO ,76901 ,CORREGIDORA ,QUERÉTARO","https://goo.gl/maps/K4B42nVcYa62","2023-09-13","2024-10-03 23:26:17.18313+00","2023-09-13 08:31:36.019647+00","ASTURIANO"
"226","SHELL AUSTRIACO","T201","LOCAL","CARRETERA 11 (LIBRAMIENTO SUR PONIENTE  ,27269 , ,TLACOTE EL BAJO ,76229 ,QUERÉTARO ,QUERÉTARO","https://goo.gl/maps/KR6MPNkz99bh5UV29","2023-09-13","2024-10-03 23:26:17.576549+00","2023-09-13 08:31:36.095005+00","ASTURIANO"
"227","VALLE DEL CIMATARIO","T198","LOCAL","BLV VALLE DEL CIMATARIO  ,67 , ,LOMAS DEL VALLE 2DA SECCION ,76085 ,QUERÉTARO ,QUERÉTARO","https://goo.gl/maps/TNTWriAgGjS2","2023-09-13","2024-10-03 23:26:25.708696+00","2023-09-13 08:31:36.163062+00","ASTURIANO"
"228","SAN JOSE","T196","LOCAL","CALLE GUANAJUATO ,13 , ,SAN JOSÉ DE LOS OLVERA ,76902 ,CORREGIDORA ,QUERÉTARO","https://goo.gl/maps/N6xAuLhpcuz","2023-09-13","2024-10-03 23:26:16.859431+00","2023-09-13 08:31:36.231506+00","ASTURIANO"
"229","VALLE REAL","T195","LOCAL","AV. VALLE REAL  ,101 , ,FRACCIONAMIENTO VALLE REAL ,76810 ,SAN JUAN DEL RÍO ,QUERÉTARO","https://goo.gl/maps/9sqiLa7dGUt","2023-09-13","2024-10-03 23:26:17.907289+00","2023-09-13 08:31:36.307105+00","ASTURIANO"
"230","LA VIDA","T194","LOCAL","AV. LA VIDA ,107 ,MNZ 3  LOTE 3 ,LA VIDA ,76308 ,CORREGIDORA ,QUERÉTARO","https://goo.gl/maps/p1HSUQ3W69k","2023-09-13","2024-10-03 23:26:16.599846+00","2023-09-13 08:31:36.380634+00","ASTURIANO"
"231","EVEREST","T193","LOCAL","SIERRE DE LA LUZ ESQUINA MONTE EVEREST ,6 , ,LOMAS DE SAN JUAN  ,76806 ,SAN JUAN DEL RÍO ,QUERÉTARO","https://goo.gl/maps /Uhgs8REN3TU2","2023-09-13","2024-10-03 23:26:24.796883+00","2023-09-13 08:31:36.449607+00","ASTURIANO"
"232","CIUDAD DEL SOL","T190","LOCAL","CIRCUITO PUERTAS DEL SOL  ,206 ,43621 ,CD DEL SOL ,76116 ,QUERÉTARO ,QUERÉTARO","https://goo.gl/maps/fVCiqDMUTtCgtGTc6","2023-09-13","2024-10-03 23:26:17.116837+00","2023-09-13 08:31:36.523239+00","ASTURIANO"
"233","ROSARIO","T187","LOCAL","CARRETERA ESTATAL 420 HUIMILPA- LOS CUES ,Lote 2 ,Mza 2 ,POBLADO LA MACHORRA ,76245 ,EL MARQUÉS ,QUERÉTARO","https://goo.gl/maps/vxsixwRGY712","2023-09-13","2024-10-03 23:26:24.861575+00","2023-09-13 08:31:36.590786+00","ASTURIANO"
"234","REAL DE LA LOMA","T185","LOCAL","BOULEVARD MOMPANÍ ,1875 , ,MISIÓN DE CARRILLO II ,76116 ,QUERÉTARO ,QUERÉTARO","https://goo.gl/maps/HCeeUiv9HYD2","2023-09-13","2024-10-03 23:26:17.971849+00","2023-09-13 08:31:36.659313+00","ASTURIANO"
"235","PUERTA REAL 2","T184","LOCAL","AV. PUERTA REAL ,2 ,1 ,PUERTA REAL II ,76910 ,CORREGIDORA ,QUERÉTARO","https://goo.gl/maps/trVjzo2Xje42","2023-09-13","2024-10-03 23:26:16.923425+00","2023-09-13 08:31:36.72628+00","ASTURIANO"
"236","VILLAS DEL MESON","T182","LOCAL","AV. JURIQUILLA ,101 , ,VILLAS DEL MESÓN ,76226 ,QUERÉTARO ,QUERÉTARO","https://goo.gl/maps/aWDhE4YbUst","2023-09-13","2024-10-03 23:26:17.443299+00","2023-09-13 08:31:36.795336+00","ASTURIANO"
"237","ALTOZANO","T181","LOCAL","ANILLO VIAL FRAY JUNIPERO SERRA ,17501 , ,SAN PEDRITO EL ALTO ,76235 ,QUERÉTARO ,QUERÉTARO","https://goo.gl/maps/V7iAsk988Sr8Cpac7","2023-09-13","2024-10-03 23:26:16.728639+00","2023-09-13 08:31:36.871335+00","ASTURIANO"
"238","LUCEPOLIS","T179","LOCAL","LUCEPOLIS ,1 ,Cond. K ,MILENIO III ,76060 ,EL MARQUÉS ,QUERÉTARO","https://goo.gl/maps/yPgBYtXbLsr","2023-09-13","2024-10-03 23:26:17.378104+00","2023-09-13 08:31:36.947367+00","ASTURIANO"
"239","REAL JURIQUILLA","T176","LOCAL","CASCADA DE PRADOS ,309 ,A ,REAL DE JURIQUILLA ,76226 ,QUERÉTARO ,QUERÉTARO","https://goo.gl/maps/sq4h85YCAWo","2023-09-13","2024-10-03 23:26:16.988008+00","2023-09-13 08:31:37.01941+00","ASTURIANO"
"240","MIRADOR 3","T174","LOCAL","MIRADOR SAN JUAN ,2 ,4,5,6 ,EL MIRADOR ,76240 ,EL MARQUÉS ,QUERÉTARO","https://goo.gl/maps/UYXTzj4Jqou","2023-09-13","2024-10-03 23:26:18.428654+00","2023-09-13 08:31:37.088608+00","ASTURIANO"
"241","EPIGMENIO","T172","LOCAL","EPIGMENIO GONZÁLEZ ,1220 ,14 ,COL. CENTRO HISTÓRICO ,76150 ,QUERÉTARO ,QUERÉTARO","https://goo.gl/maps/ZDGuTGMxuc12bcqU6","2023-09-13","2024-10-03 23:26:16.794982+00","2023-09-13 08:31:37.161054+00","ASTURIANO"
"242","ZIBATA","T171","LOCAL","PASEO CEIBA , , ,ZIBATÁ ,76269 ,EL MARQUÉS ,QUERÉTARO","https://goo.gl/maps/fk2ay4EWkR82","2023-09-13","2024-10-03 23:26:25.12223+00","2023-09-13 08:31:37.23302+00","ASTURIANO"
"243","CAMPANARIO FLASH","T168","LOCAL","AV. CAMPANARIO , , ,COLINAS DEL PARQUE , ,QUERÉTARO ,QUERÉTARO","https://goo.gl/maps/ckgiYRNRDK92","2023-09-13","2024-10-03 23:26:16.469834+00","2023-09-13 08:31:37.308773+00","ASTURIANO"
"244","PEDREGAL","T167","LOCAL","GRANITO ,3201 ,1 ,PASEOS DEL PEDREGAL ,76148 ,QUERÉTARO ,QUERÉTARO","https://goo.gl/maps/zh39n97J6wr","2023-09-13","2024-10-03 23:26:30.542812+00","2023-09-13 08:31:37.38432+00","ASTURIANO"
"245","HUIMILPAN","T166","LOCAL","CARRETERA ESTATAL 411 CORREGIDORA- HUIMILPAN ,KM 2+800 , ,EX HACIENDA SAN FRANCISCO ,76922 ,CORREGIDORA ,QUERÉTARO","https://goo.gl/maps/8rDunnLxSJK2","2023-09-13","2024-10-03 23:26:18.494845+00","2023-09-13 08:31:37.481142+00","ASTURIANO"
"246","POCITO","T165","LOCAL","AV. CONSTITUYENTES ,49 ,Local 1 ,EL POCITO ,76902 ,CORREGIDORA ,QUERÉTARO","https://goo.gl/maps/NyACqFvTRHT2","2023-09-13","2024-10-03 23:26:18.55964+00","2023-09-13 08:31:37.555291+00","ASTURIANO"
"247","SANTA ROSA","T164","LOCAL","INDEPENDENCIA ,33 , ,SANTA ROSA JÁUREGUI 1 ,76220 ,SANTA ROSA JÁUREGUI ,QUERÉTARO","https://goo.gl/maps/sNvEytk4W4G2","2023-09-13","2024-10-03 23:26:18.819609+00","2023-09-13 08:31:37.622973+00","ASTURIANO"
"248","REFUGIO 3","T163","LOCAL","PEÑA DE BERNAL ,101 ,5141 ,RESIDENCIAL EL REFUGIO ,76146 ,QUERÉTARO ,QUERÉTARO","https://goo.gl/maps/tU23jYL5MUR2","2023-09-13","2024-10-03 23:26:25.967805+00","2023-09-13 08:31:37.690399+00","ASTURIANO"
"249","LA JOYA 2","T161","LOCAL","AV. EL JACAL ,391 ,A ,EJIDO SAN ANTONIO DE LA PUNTA ,76180 ,CORREGIDORA ,QUERÉTARO","https://goo.gl/maps/1RfQs3CWxTt","2023-09-13","2024-10-03 23:26:19.079467+00","2023-09-13 08:31:37.757863+00","ASTURIANO"
"250","CUMBRES DEL LAGO","T160","LOCAL","LAGO DE CHAPALA ,167 , ,CUMBRES DEL LAGO ,76230 ,QUERÉTARO ,QUERÉTARO","https://goo.gl/maps/a5jHdhtuPgF2","2023-09-13","2024-10-03 23:26:19.474064+00","2023-09-13 08:31:37.826145+00","ASTURIANO"
"251","REFUGIO 2","T159","LOCAL","CAMPO REAL , , ,FRACC. AMPLIACIÓN DEL REFUGIO ,76146 ,QUERÉTARO ,QUERÉTARO","https://goo.gl/maps/Ak5yDZ5aL3G2","2023-09-13","2024-10-03 23:26:18.625397+00","2023-09-13 08:31:37.895522+00","ASTURIANO"
"252","LA CAÑADA","T157","LOCAL","CARRETERA A TEQUISQUIAPAN ,1750 , ,FRACC. MILENIO III ,76067 ,QUERÉTARO ,QUERÉTARO","https://goo.gl/maps/2uzFRBoXEo22","2023-09-13","2024-10-03 23:26:20.063716+00","2023-09-13 08:31:37.96989+00","ASTURIANO"
"253","VIÑEDOS","T156","LOCAL","AV. MALBEC , , ,FRACC. VIÑEDOS ,76230 ,CORREGIDORA ,QUERÉTARO","https://goo.gl/maps/qhMvHkeQMm4FmK986","2023-09-13","2024-10-03 23:26:30.741102+00","2023-09-13 08:31:38.046483+00","ASTURIANO"
"254","UNIVERSIDAD","T155","LOCAL","RÍO AYUTLA ,118 , ,COL. LA PIEDAD ,76150 ,QUERÉTARO ,QUERÉTARO","https://goo.gl/maps/sNjaXkrXhdJ2","2023-09-13","2024-10-03 23:26:18.690243+00","2023-09-13 08:31:38.123829+00","ASTURIANO"
"255","TLACOTE","T154","LOCAL","AV. TLACOTE ,213 , ,COL. SAN ANTONIO DE LA PUNTA ,76179 ,QUERÉTARO ,QUERÉTARO","https://goo.gl/maps/87wb2tKQ5jF2","2023-09-13","2024-10-03 23:26:18.755477+00","2023-09-13 08:31:38.197707+00","ASTURIANO"
"256","SAN GIL","T153","LOCAL","CARRETERA FEDERAL 120 SAN JUAN DEL RÍO- AMEALCO ,KM 5+200 , ,EJIDO GALINDO ,76820 ,SAN JUAN DEL RÍO ,QUERÉTARO","https://goo.gl/maps/8cdZMMzduJD2","2023-09-13","2024-10-03 23:26:24.343034+00","2023-09-13 08:31:38.270102+00","ASTURIANO"
"257","PRADERA 5","T152","LOCAL","AV. CIERVO , ,Local 1 ,FRACC. LA PRADERA ,76269 ,EL MARQUÉS ,QUERÉTARO","https://goo.gl/maps/otWNgeXJf5p","2023-09-13","2024-10-03 23:26:20.399406+00","2023-09-13 08:31:38.339293+00","ASTURIANO"
"258","SANTA MARIA","T150","LOCAL","CARRETERA A TLACOTE ,4950 , ,COL. SANTA MARÍA MAGDALENA ,76137 ,QUERÉTARO ,QUERÉTARO","https://goo.gl/maps/rNedwqTb4uF2","2023-09-13","2024-10-03 23:26:20.262809+00","2023-09-13 08:31:38.413676+00","ASTURIANO"
"259","SANTA ELENA","T149","LOCAL","CARRETERA QUERÉTARO- TLACOTE ,1005 ,3 ,EX HACIENDA SAN JUANICO ,76177 ,QUERÉTARO ,QUERÉTARO","https://goo.gl/maps/NsfpNAjpbBU2","2023-09-13","2024-10-03 23:26:26.296783+00","2023-09-13 08:31:38.481746+00","ASTURIANO"
"260","ROCIO","T147","LOCAL","AV. LAGUNA ,101 , ,COL. EL ROCÍO ,76114 ,QUERÉTARO ,QUERÉTARO","https://goo.gl/maps/MPLeXyj8Bir","2023-09-13","2024-10-03 23:26:19.732664+00","2023-09-13 08:31:38.556955+00","ASTURIANO"
"261","NAVARRA","T146","LOCAL","AV. NAVARRA , , ,FRACC. PUERTA NAVARRA ,76116 ,QUERÉTARO ,QUERÉTARO","https://goo.gl/maps/Ra5dBBZAcV551C1P7","2023-09-13","2024-10-03 23:26:19.014518+00","2023-09-13 08:31:38.623171+00","ASTURIANO"
"262","MOMPANI 3","T145","LOCAL","BOULEVARD MOMPANÍ ,611 , ,COL. LA PEÑA ,76116 ,QUERÉTARO ,QUERÉTARO","https://goo.gl/maps/fC4pZgBRgS12","2023-09-13","2024-10-03 23:26:30.611106+00","2023-09-13 08:31:38.6968+00","ASTURIANO"
"263","LOS OLVERA","T144","LOCAL","CAMINO A LOS OLVERA ,678 , ,COL. LOS OLVERA ,76900 ,CORREGIDORA ,QUERÉTARO","https://goo.gl/maps/JJ3MzVr7LKy","2023-09-13","2024-10-03 23:26:20.327399+00","2023-09-13 08:31:38.76912+00","ASTURIANO"
"264","AMERICAS 2","T143","LOCAL","BOULEVARD DE LAS AMERICAS ,991 , ,COL. BOULEVARES DEL CIMATARIO ,76903 ,QUERÉTARO ,QUERÉTARO","https://goo.gl/maps/N6mMtkLgYwt","2023-09-13","2024-10-03 23:26:19.538682+00","2023-09-13 08:31:38.844473+00","ASTURIANO"
"265","DON ANTONIO","T142","LOCAL","AV. CERRO DEL SOMBRERETE ,1151 ,A ,COL. DON ANTONIO ,76121 ,QUERÉTARO ,QUERÉTARO","https://goo.gl/maps/8M14crexbTM2","2023-09-13","2024-10-03 23:26:25.90364+00","2023-09-13 08:31:38.920871+00","ASTURIANO"
"266","COLINAS 2","T141","LOCAL","PROL. BERNARDO QUINTANA ,2601 , ,COL. DON MANUEL ,76118 ,QUERÉTARO ,QUERÉTARO","https://goo.gl/maps/J34r2Do7nGw","2023-09-13","2024-10-03 23:26:19.667797+00","2023-09-13 08:31:38.99398+00","ASTURIANO"
"267","LOMA ALTA","T137","LOCAL","PASEO LOMA ALTA ,103 , ,FRACC. LOMA ALTA ,76805 ,SAN JUAN DEL RÍO ,QUERÉTARO","https://goo.gl/maps/QQUi3DvXvTy","2023-09-13","2024-10-03 23:26:18.886157+00","2023-09-13 08:31:39.070144+00","ASTURIANO"
"268","LOARCA 3","T136","LOCAL","PLAN DE SAN LUIS ,6061 , ,COL. SAN MIGUEL ,76118 ,QUERÉTARO ,QUERÉTARO","https://goo.gl/maps/x7jNXZa115P2","2023-09-13","2024-10-03 23:26:18.950349+00","2023-09-13 08:31:39.143256+00","ASTURIANO"
"269","LA JOYA","T134","LOCAL","BOULEVARD HACIENDA EL JACAL ,401 , ,COL. LA JOYA ,76180 ,CORREGIDORA ,QUERÉTARO","https://goo.gl/maps/1Sjr7q6Ex452","2023-09-13","2024-10-03 23:26:30.676642+00","2023-09-13 08:31:39.22029+00","ASTURIANO"
"270","HIMALAYA","T132","LOCAL","AV. DE LOS CEDROS ,2001 ,A ,COL. RANCHO SAN PEDRO ,79138 ,QUERÉTARO ,QUERÉTARO","https://goo.gl/maps/yRAZUJG4k482","2023-09-13","2024-10-03 23:26:28.335909+00","2023-09-13 08:31:39.294614+00","ASTURIANO"
"271","GEO 2","T131","LOCAL","ZACAPOAXTLAS , , ,COL. GEO PLAZAS ,76116 ,QUERÉTARO ,QUERÉTARO","https://goo.gl/maps/sxzqBidAUbogpJRc6","2023-09-13","2024-10-03 23:26:19.40927+00","2023-09-13 08:31:39.362857+00","ASTURIANO"
"272","CASA BLANCA 2","T130","LOCAL","AV. CONSTITUYENTES PTE. ,222 , ,COL. CASA BLANCA ,76030 ,QUERÉTARO ,QUERÉTARO","https://goo.gl/maps/vXkaeBREv2k","2023-09-13","2024-10-03 23:26:19.930284+00","2023-09-13 08:31:39.439433+00","ASTURIANO"
"273","CARRETAS","T129","LOCAL","AV. CONSTITUYENTES OTE. ,109 , ,FRACC. CARRETAS ,76050 ,QUERÉTARO ,QUERÉTARO","https://goo.gl/maps/WetHUEGYz5u","2023-09-13","2024-10-03 23:26:19.862625+00","2023-09-13 08:31:39.51367+00","ASTURIANO"
"274","TINTERO 3","T127","LOCAL","AV. TINTERO ,701 ,1-A ,COL. EL TINTERO ,76138 ,QUERÉTARO ,QUERÉTARO","https://goo.gl/maps/UVdoXemjNc62","2023-09-13","2024-10-03 23:26:19.797841+00","2023-09-13 08:31:39.589556+00","ASTURIANO"
"275","TINTERO 2","T126","LOCAL","RAFAEL LANDÍVAR ,101 , ,COL. EL TINTERO ,76134 ,QUERÉTARO ,QUERÉTARO","https://goo.gl/maps/Gi6kncxQHSo","2023-09-13","2024-10-03 23:26:20.129993+00","2023-09-13 08:31:39.665983+00","ASTURIANO"
"276","TINTERO 1","T125","LOCAL","REVOLUCIÓN ,527 , ,COL. EL TINTERO ,76134 ,QUERÉTARO ,QUERÉTARO","https://goo.gl/maps/rBiNtxPc8iw","2023-09-13","2024-10-03 23:26:20.464654+00","2023-09-13 08:31:39.739646+00","ASTURIANO"
"277","LAS TERESAS","T124","LOCAL","HACIENDA SAN JUAN ,1114 , ,COL. LAS TERESAS ,76177 ,QUERÉTARO ,QUERÉTARO","https://goo.gl/maps/hdh2ZpHsvPE2","2023-09-13","2024-10-03 23:26:19.603281+00","2023-09-13 08:31:39.817123+00","ASTURIANO"
"278","TEJEDA 2","T123","LOCAL","CAMINO A LOS OLVERA ,KM 1 , ,COLINAS DEL RAMANSO ,76900 ,CORREGIDORA ,QUERÉTARO","https://goo.gl/maps/WXJ9VguWFF3hGuoe8","2023-09-13","2024-10-03 23:26:19.994185+00","2023-09-13 08:31:39.895894+00","ASTURIANO"
"279","TVQ","T122","LOCAL","CARRETERA A HUIMILPAN ,1040 , ,COL. AZTECA ,76099 ,QUERÉTARO ,QUERÉTARO","https://goo.gl/maps/nHHYnxcyHLG2","2023-09-13","2024-10-03 23:26:20.194952+00","2023-09-13 08:31:39.973812+00","ASTURIANO"
"280","SANTA MONICA","T121","LOCAL","RÍO ,137 , ,COL. SANTA MÓNICA ,76138 ,QUERÉTARO ,QUERÉTARO","https://goo.gl/maps/92RNmNNxqJM2","2023-09-13","2024-10-03 23:26:19.144765+00","2023-09-13 08:31:40.047296+00","ASTURIANO"
"281","SPICER","T120","LOCAL","AV. 5 DE FEBRERO ,1702 , ,COL. LAS AMÉRICS ,76100 ,QUERÉTARO ,QUERÉTARO","https://goo.gl/maps/cKcBH7XwxLS2","2023-09-13","2024-10-03 23:26:19.277912+00","2023-09-13 08:31:40.123947+00","ASTURIANO"
"282","SAN ROQUE","T119","LOCAL","SAN ROQUE ,59 , ,FRACC. LOS FRESNOS ,76150 ,QUERÉTARO ,QUERÉTARO","https://goo.gl/maps/9vLwwTpA4zA2","2023-09-13","2024-10-03 23:26:19.342779+00","2023-09-13 08:31:40.201168+00","ASTURIANO"
"283","SAN PEDRO MARTIR","T118","LOCAL","CORDILLERA HIMALAYA ,2510 , ,SAN PEDRO MARTIR ,76117 ,QUERÉTARO ,QUERÉTARO","https://goo.gl/maps/f5vMwryKbs52","2023-09-13","2024-10-03 23:26:26.823069+00","2023-09-13 08:31:40.274144+00","ASTURIANO"
"284","SAN FRANCISCO","T116","LOCAL","FRANCISCO ALCOCER POZO ,52 , ,COL. COLINAS DEL SOL ,76190 ,CORREGIDORA ,QUERÉTARO","https://goo.gl/maps/CUfvB2dwU66UdhcG9","2023-09-13","2024-10-03 23:26:20.529479+00","2023-09-13 08:31:40.348645+00","ASTURIANO"
"285","REFORMA 2","T115","LOCAL","JOSÉ MARÍA TRUCHUELO ,65 , ,COL. REFORMA LOMAS ,76086 ,QUERÉTARO ,QUERÉTARO","https://goo.gl/maps/G4rzjdjseQJ2","2023-09-13","2024-10-03 23:26:25.317667+00","2023-09-13 08:31:40.415484+00","ASTURIANO"
"286","PUERTA REAL","T114","LOCAL","CAMINO A VENEGAS ,206 ,Local B-C ,COL. PUERTA REAL ,76910 ,CORREGIDORA ,QUERÉTARO","https://goo.gl/maps/hYM5cbmqcTn4Bi5m7","2023-09-13","2024-10-03 23:26:20.663315+00","2023-09-13 08:31:40.483644+00","ASTURIANO"
"287","PORTICO","T113","LOCAL","PROL. CHABACANO ,52 y 54 , ,EL PÓRTICO ,76902 ,CORREGIDORA ,QUERÉTARO","https://goo.gl/maps/GA1XRg4SSMrfoWAf8","2023-09-13","2024-10-03 23:26:20.594537+00","2023-09-13 08:31:40.551406+00","ASTURIANO"
"288","PLATON","T112","LOCAL","AV. PLATÓN ,14 , ,FRACC. DEL PARQUE ,76148 ,QUERÉTARO ,QUERÉTARO","https://goo.gl/maps/NuFfLwJDnu92","2023-09-13","2024-10-03 23:26:20.727758+00","2023-09-13 08:31:40.621678+00","ASTURIANO"
"289","PIRAMIDES","T111","LOCAL","PIRAMIDE DE LA LUNA ,258 , ,COL. LAS TROJES ,76908 ,CORREGIDORA ,QUERÉTARO","https://goo.gl/maps/3m1kJeoCduB2","2023-09-13","2024-10-03 23:26:21.058723+00","2023-09-13 08:31:40.694619+00","ASTURIANO"
"290","PETUNIAS","T110","LOCAL","PETUNIAS ,1311 , ,FRACC. INSURGENTES ,76117 ,QUERÉTARO ,QUERÉTARO","https://goo.gl/maps/1opgXNADHcA2","2023-09-13","2024-10-03 23:26:22.787698+00","2023-09-13 08:31:40.76471+00","ASTURIANO"
"291","PEÑUELAS","T109","LOCAL","CALZADA DE BELÉN , , ,SAN PEDRITO PEÑUELAS II ,76148 ,QUERÉTARO ,QUERÉTARO","https://goo.gl/maps/FX4BT3FNaeJ8gaYp6","2023-09-13","2024-10-03 23:26:30.80553+00","2023-09-13 08:31:40.837481+00","ASTURIANO"
"292","OYAMEL","T108","LOCAL","OYAMEL ,310 , ,FRACC. MISIÓN SAN JOSÉ ,76900 ,CORREGIDORA ,QUERÉTARO","https://goo.gl/maps/jebqSay9KKv","2023-09-13","2024-10-03 23:26:22.311587+00","2023-09-13 08:31:40.923282+00","ASTURIANO"
"293","MONTE BLANCO","T107","LOCAL","AV. DEL PARQUE ,1102 ,B ,FRACC. MONTE BLANCO ,76080 ,QUERÉTARO ,QUERÉTARO","https://goo.gl/maps/UHVjoHVNZck","2023-09-13","2024-10-03 23:26:21.260678+00","2023-09-13 08:31:40.996394+00","ASTURIANO"
"294","MOMPANI 2","T106","LOCAL","CALLE 1 ,101 , ,COL. MOMPANÍ ,76118 ,QUERÉTARO ,QUERÉTARO","https://goo.gl/maps/F2vdhpv5WC22","2023-09-13","2024-10-03 23:26:22.241537+00","2023-09-13 08:31:41.065438+00","ASTURIANO"
"295","MOMPANI","T105","LOCAL","LATERAL CAMINO A MOMPANÍ ,2300 , ,COL. MOMPANÍ ,76118 ,QUERÉTARO ,QUERÉTARO","https://goo.gl/maps/WfAynMZYdjJ2","2023-09-13","2024-10-03 23:26:24.668191+00","2023-09-13 08:31:41.156499+00","ASTURIANO"
"296","MIRADOR 2","T104","LOCAL","AV. REVOLUCION  ,105 ,Local 16-17 ,EX HACIENDA SANTA MÓNICA ,76138 ,QUERÉTARO ,QUERÉTARO","https://goo.gl/maps/8nG9B2PVsHs","2023-09-13","2024-10-03 23:26:30.869768+00","2023-09-13 08:31:41.231486+00","ASTURIANO"
"297","LOMAS 26","T103","LOCAL","AV. 26 ,1301 , ,COL. LOMAS DE CASA BLANCA ,76080 ,QUERÉTARO ,QUERÉTARO","https://goo.gl/maps/5aVwtjsVeeD2","2023-09-13","2024-10-03 23:26:25.1867+00","2023-09-13 08:31:41.306492+00","ASTURIANO"
"298","LOARCA 2","T102","LOCAL","PLAN DE SAN LUIS ,5010 , ,COL. LOARCA ,76118 ,QUERÉTARO ,QUERÉTARO","https://goo.gl/maps/QLXQHPVFbPN2","2023-09-13","2024-10-03 23:26:21.196017+00","2023-09-13 08:31:41.379553+00","ASTURIANO"
"299","LOARCA","T101","LOCAL","ESPERANZA CABRERA ,5014 , ,COL. LOARCA , ,QUERÉTARO ,QUERÉTARO","https://goo.gl/maps/XPYFtk9G7r42","2023-09-13","2024-10-03 23:26:21.583272+00","2023-09-13 08:31:41.447181+00","ASTURIANO"
"300","PRADERA 4","T100","LOCAL","BOULEVARD FRAY JUNÍPERO SERRA , , ,FRACC. LA PRADERA ,76269 ,EL MARQUÉS ,QUERÉTARO","https://goo.gl/maps/vrdQVnFScjR2","2023-09-13","2024-10-03 23:26:22.588632+00","2023-09-13 08:31:41.515961+00","ASTURIANO"
"301","PRADERA 3","T099","LOCAL","DOLORES ,1 , ,FRACC. LA PRADERA ,76269 ,EL MARQUÉS ,QUERÉTARO","https://goo.gl/maps/BLbvcP2EV7C2","2023-09-13","2024-10-03 23:26:22.523669+00","2023-09-13 08:31:41.586476+00","ASTURIANO"
"302","AURORA 2","T096","LOCAL","PASEO DE LA AURORA ,361 , ,FRACC. LA AURORA ,76200 ,QUERÉTARO ,QUERÉTARO","https://goo.gl/maps/2f9t48fMzDEjX6Va6","2023-09-13","2024-10-03 23:26:21.388867+00","2023-09-13 08:31:41.659476+00","ASTURIANO"
"303","AURORA","T095","LOCAL","ESTRELLA DEL NORTE ,226 , ,FRACC. LA AURORA ,76200 ,QUERÉTARO ,QUERÉTARO","https://goo.gl/maps/zoCrSSGj8Yyigzvj9","2023-09-13","2024-10-03 23:26:22.457976+00","2023-09-13 08:31:41.736147+00","ASTURIANO"
"304","JARDINES 2","T094","LOCAL","HACIENDA EL VEGIL ,325 , ,COL. JARDINES DE LA HACIENDA ,76180 ,QUERÉTARO ,QUERÉTARO","https://goo.gl/maps/oTH5NhSWrS52","2023-09-13","2024-10-03 23:26:20.929135+00","2023-09-13 08:31:41.808207+00","ASTURIANO"
"305","ITALIA","T093","LOCAL","BOLONIA , , ,FRACC. ITALIA ,76179 ,QUERÉTARO ,QUERÉTARO","https://goo.gl/maps/8JY9heBwNdu","2023-09-13","2024-10-03 23:26:21.844667+00","2023-09-13 08:31:41.878485+00","ASTURIANO"
"306","INVIERNO","T092","LOCAL","INVIERNO ,42 , ,COL. CENTRO HISTÓRICO ,76164 ,QUERÉTARO ,QUERÉTARO","https://goo.gl/maps/H8hJrbeyk712","2023-09-13","2024-10-03 23:26:21.975112+00","2023-09-13 08:31:41.955867+00","ASTURIANO"
"307","ESTIO","T091","LOCAL","ESTIO  ,51 , ,COL. LA ERA ,76164 ,QUERÉTARO ,QUERÉTARO","https://goo.gl/maps/hytvtX6rTCQ2","2023-09-13","2024-10-03 23:26:22.174046+00","2023-09-13 08:31:42.028927+00","ASTURIANO"
"308","CORREGIDORA 2","T090","LOCAL","PROL. CORREGIDORA NTE. ,1250 ,L-A ,COL. MENCHACA ,76085 ,QUERÉTARO ,QUERÉTARO","https://goo.gl/maps/UMbwhpqXUip","2023-09-13","2024-10-03 23:26:20.994541+00","2023-09-13 08:31:42.103532+00","ASTURIANO"
"309","CONSTITUYENTES 2","T089","LOCAL","CONSTITUYENTES PTE. ,158 , ,COL. CENTRO HISTÓRICO ,76037 ,QUERÉTARO ,QUERÉTARO","https://goo.gl/maps/6bM1KVJj5bu","2023-09-13","2024-10-03 23:26:21.324704+00","2023-09-13 08:31:42.181025+00","ASTURIANO"
"310","CERRITO","T088","LOCAL","PROL. CORREGIDORA NTE. ,24 , ,CERRITO ,76168 ,QUERÉTARO ,QUERÉTARO","https://goo.gl/maps/Q1sjZVF1Rjr","2023-09-13","2024-10-03 23:26:20.799191+00","2023-09-13 08:31:42.255403+00","ASTURIANO"
"311","CANDILES","T087","LOCAL","AV. CANDILES ,Lte 18 ,Mza 22 ,COL. LOS CANDILES ,76190 ,CORREGIDORA ,QUERÉTARO","https://goo.gl/maps/uPMuvjJrhYpfxByg6","2023-09-13","2024-10-03 23:26:21.123162+00","2023-09-13 08:31:42.331195+00","ASTURIANO"
"312","BELGRADO","T086","LOCAL","BELGRADO ,102 , ,COL. TEJEDA ,76190 ,CORREGIDORA ,QUERÉTARO","https://goo.gl/maps/Zgvfsv3n4wKZiCZk8","2023-09-13","2024-10-03 23:26:22.040553+00","2023-09-13 08:31:42.405827+00","ASTURIANO"
"313","BELEN 3","T085","LOCAL","CALZADA DE BELÉN ,902 , ,EL VERGEL ,76148 ,QUERÉTARO ,QUERÉTARO","https://goo.gl/maps/TB5acHo1RH62","2023-09-13","2024-10-03 23:26:21.909292+00","2023-09-13 08:31:42.478966+00","ASTURIANO"
"314","AMERICAS 1","T084","LOCAL","COSTA RICA ,211 , ,PLAZA DE LAS AMÉRICAS ,76050 ,QUERÉTARO ,QUERÉTARO","https://goo.gl/maps/F4WdJx432Nv","2023-09-13","2024-10-03 23:26:21.452419+00","2023-09-13 08:31:42.568285+00","ASTURIANO"
"315","ALAMEDA","T083","LOCAL","CONSTITUYENTES ,10 ,A ,COL. CENTRO HISTÓRICO ,76000 ,QUERÉTARO ,QUERÉTARO","https://goo.gl/maps/jDV1tx1Kp3t","2023-09-13","2024-10-03 23:26:21.650077+00","2023-09-13 08:31:42.641479+00","ASTURIANO"
"316","AEROPUERTO","T082","LOCAL","PASEO DE LA REFORMA ,4D ,Local 104 ,FRACC. ARBOLEDAS ,76140 ,QUERÉTARO ,QUERÉTARO","https://goo.gl/maps/pbTxiWwahnm","2023-09-13","2024-10-03 23:26:20.863607+00","2023-09-13 08:31:42.723059+00","ASTURIANO"
"317","REFUGIO","T078","LOCAL","ANILLO VIAL II FRAY JUNÍPERO SERRA ,9500 ,1 ,RESIDENCIAL EL REFUGIO ,76146 ,QUERÉTARO ,QUERÉTARO","https://goo.gl/maps/jiaSCGRLWT12","2023-09-13","2024-10-03 23:26:22.654629+00","2023-09-13 08:31:42.7953+00","ASTURIANO"
"318","NEGRETA","T077","LOCAL","SALTO DEL ÁNGEL ,1 ,1 ,MISIÓN DE SAN JUAN ,76907 ,CORREGIDORA ,QUERÉTARO","https://goo.gl/maps/tnsfmE8k8qq","2023-09-13","2024-10-03 23:26:22.392648+00","2023-09-13 08:31:42.864362+00","ASTURIANO"
"319","MADERO","T076","LOCAL","FRANCISCO I. MADERO ,310 , ,FRACC. LAS CAMPANAS ,76010 ,QUERÉTARO ,QUERÉTARO","https://goo.gl/maps/WizgW4s8rBQ2","2023-09-13","2024-10-03 23:26:22.108864+00","2023-09-13 08:31:42.950442+00","ASTURIANO"
"320","MENCHACA","T075","LOCAL","RÍO YAQUI ,1201 , ,COL. MENCHACA ,76147 ,QUERÉTARO ,QUERÉTARO","https://goo.gl/maps/8rAwo9T8EcG2","2023-09-13","2024-10-03 23:26:21.517881+00","2023-09-13 08:31:43.020996+00","ASTURIANO"
"321","CENTRO SUR","T074","LOCAL","BOULEVARD CENTRO SUR ,221 , ,COLINAS DEL CIMATARIO ,76070 ,QUERÉTARO ,QUERÉTARO","https://goo.gl/maps/gq8V1q6xY3N2","2023-09-13","2024-10-03 23:26:22.720017+00","2023-09-13 08:31:43.089486+00","ASTURIANO"
"322","VISTA REAL","T071","LOCAL","CARRETERA A HUIMILPAN ,KM 3+360 , ,FRACC. VISTA REAL ,76905 ,CORREGIDORA ,QUERÉTARO","https://goo.gl/maps/m9eRRJ8FVf82","2023-09-13","2024-10-03 23:26:25.773846+00","2023-09-13 08:31:43.158211+00","ASTURIANO"
"323","LOMAS DEL MARQUEZ 2","T070","LOCAL","AV. PASEO DE LA REFORMA ,107 , ,FRACC. VILLAS PALMIRA ,76146 ,QUERÉTARO ,QUERÉTARO","https://goo.gl/maps/kGaFuzeUtqu","2023-09-13","2024-10-03 23:26:21.714789+00","2023-09-13 08:31:43.234987+00","ASTURIANO"
"324","ARCANGEL","T069","LOCAL","ARCANGEL GABRIEL ,105 , ,FRACC. EL ARCANGEL ,76113 ,QUERÉTARO ,QUERÉTARO","https://goo.gl/maps/y8NXXL8NaHY9RxEe6","2023-09-13","2024-10-03 23:26:21.779961+00","2023-09-13 08:31:43.306695+00","ASTURIANO"
"325","JUNIPERO","T067","LOCAL","ANILLO VIAL FRAY JUNÍPERO SERRA ,8250 , ,EX HACIENDA MENCHACA ,76020 ,QUERÉTARO ,QUERÉTARO","https://goo.gl/maps/KXAqRyDsXur","2023-09-13","2024-10-03 23:26:22.853279+00","2023-09-13 08:31:43.375624+00","ASTURIANO"
"326","TECNOLOGICO","T065","LOCAL","PROL. TECNOLÓGICO ,999 , ,COL. SAN PABLO ,76130 ,QUERÉTARO ,QUERÉTARO","https://goo.gl/maps/vuFfh8F5Au1VBhbo6","2023-09-13","2024-10-03 23:26:22.918626+00","2023-09-13 08:31:43.44643+00","ASTURIANO"
"327","ESTANCIA 3","T063","LOCAL","DE LAS PLAZAS ,104 ,1 ,FRACC. LA ESTANCIA ,38180 ,APASEO EL GRANDE ,GUANAJUATO","https://goo.gl/maps/Xyj9DPgBxWE2","2023-09-13","2024-10-03 23:26:22.982198+00","2023-09-13 08:31:43.520004+00","ASTURIANO"
"328","LA PEÑA","T062","LOCAL","MONTE CASEROS ,504 , ,COL. REAL DE LA LOMA ,76168 ,QUERÉTARO ,QUERÉTARO","https://goo.gl/maps/JAue1vUZuhSU7Vgn6","2023-09-13","2024-10-03 23:26:25.514636+00","2023-09-13 08:31:43.594211+00","ASTURIANO"
"329","LA NORIA","T060","LOCAL","3A CERRADA DE SAN AGUSTÍN ,150 , ,EL MARQUÉS ,76242 ,EL MARQUÉS ,QUERÉTARO","https://goo.gl/maps/P3KTMSuX19t","2023-09-13","2024-10-03 23:26:24.538648+00","2023-09-13 08:31:43.661093+00","ASTURIANO"
"330","TIENDA ESCUELA","T059","LOCAL","CARRETERA LIBRE A CELAYA ,Km 11.500 , ,LOS ÁNGELES ,76907 ,CORREGIDORA ,QUERÉTARO","https://goo.gl/maps/YkjvJiGooBGukYBv6","2023-09-13","2024-10-03 23:26:26.492739+00","2023-09-13 08:31:43.735793+00","ASTURIANO"
"331","PUNTA ESMERALDA","T057","LOCAL","LIBRAMIENTO SUR PTE. ,KM 8+620 , ,COL. PUNTA ESMERALDA ,76907 ,CORREGIDORA ,QUERÉTARO","https://goo.gl/maps/6dgKvjAaC7JpqfcY8","2023-09-13","2024-10-03 23:26:30.934749+00","2023-09-13 08:31:43.805948+00","ASTURIANO"
"332","JURIQUILLA 1","T055","LOCAL","SAN LUIS POTOSÍ- QUERÉTARO ,13001 , ,EJIDO JURICA ,76100 ,QUERÉTARO ,QUERÉTARO","https://goo.gl/maps/pmpX3SrvHKx","2023-09-13","2024-10-03 23:26:31.321242+00","2023-09-13 08:31:43.893093+00","ASTURIANO"
"333","SANTA BARBARA 2","T054","LOCAL","CARRETERA HUIMILPAN- CORONEO ,13 , ,FRACC. INDUSTRIAL EL PUEBLITO ,76900 ,CORREGIDORA ,QUERÉTARO","https://goo.gl/maps/xKqW6XGb8Kq","2023-09-13","2024-10-03 23:26:24.214178+00","2023-09-13 08:31:43.964601+00","ASTURIANO"
"334","CUES","T053","LOCAL","AUTOPISTA MÉXICO- QUERÉTARO ,KM 196+750 ,1 ,EL COLORADO ,76246 ,EL MARQUÉS ,QUERÉTARO","https://goo.gl/maps/jyuo3SYWuQJcPmyg8","2023-09-13","2024-10-03 23:26:23.112457+00","2023-09-13 08:31:44.039695+00","ASTURIANO"
"335","ESTANCIA 2","T052","LOCAL","DE LAS PLAZAS ,104 ,1 ,FRACC. LA ESTANCIA , ,APASEO EL GRANDE ,GUANAJUATO","https://goo.gl/maps/kJwhZ83h5G72","2023-09-13","2024-10-03 23:26:32.230262+00","2023-09-13 08:31:44.112738+00","ASTURIANO"
"336","PRADERA 2","T051","LOCAL","MEZQUITE ,2 , ,FRACC. LA PRADERA ,76269 ,EL MARQUÉS ,QUERÉTARO","https://goo.gl/maps/5VoqdGhuy24qXoRG6","2023-09-13","2024-10-03 23:26:32.358716+00","2023-09-13 08:31:44.18181+00","ASTURIANO"
"337","JAVER","T050","LOCAL","AV. VALLE DE SANTIAGO ,358 , ,CIUDAD DEL SOL ,76229 ,QUERÉTARO ,QUERÉTARO","https://goo.gl/maps/xdoyjD3idtUQqWF99","2023-09-13","2024-10-03 23:26:32.815746+00","2023-09-13 08:31:44.256108+00","ASTURIANO"
"338","POLIGONO","T049","LOCAL","POLÍGONO EMPRESARIAL , , ,SANTA ROSA ,76220 ,QUERÉTARO ,QUERÉTARO","https://goo.gl/maps/LmP4G45Fx1XqMSsP9","2023-09-13","2024-10-03 23:26:31.969409+00","2023-09-13 08:31:44.331511+00","ASTURIANO"
"339","BALVANERA 3","T048","LOCAL","FRESNO ,21 , ,COL. ARBOLEDAS DEL SUR , ,CORREGIDORA ,QUERÉTARO","https://goo.gl/maps/JrpGmrZZaY9UVYkX7","2023-09-13","2024-10-03 23:26:31.386457+00","2023-09-13 08:31:44.409839+00","ASTURIANO"
"340","CATALINA","T047","LOCAL","CATALINA ,416 ,B ,FRACC. PLUTARCO ELÍAS CALLES ,76134 ,QUERÉTARO ,QUERÉTARO","https://goo.gl/maps/e4KymaY1mWv","2023-09-13","2024-10-03 23:26:23.047616+00","2023-09-13 08:31:44.481663+00","ASTURIANO"
"341","MISIONES","T046","LOCAL","BELISARIO DOMÍNGUEZ ,109 , ,COL. CASA BLANCA ,76030 ,QUERÉTARO ,QUERÉTARO","https://goo.gl/maps/AF6Rqr6mBiXyXEdz6","2023-09-13","2024-10-03 23:26:23.176518+00","2023-09-13 08:31:44.559051+00","ASTURIANO"
"342","MIRADOR","T044","LOCAL","PROL. CONSTITUYENTES ,1170 , ,RESIDENCIAL DEL PARQUE ,76246 ,EL MARQUÉS ,QUERÉTARO","https://goo.gl/maps/CUeTWUTCg972","2023-09-13","2024-10-03 23:26:32.554307+00","2023-09-13 08:31:44.638076+00","ASTURIANO"
"343","CIERVO","T043","LOCAL","toreo ,Lte 1 ,Mza 34 ,FRACC. LA PRADERA ,76269 ,EL MARQUÉS ,QUERÉTARO","https://goo.gl/maps/NiNvjkbenwXFMrfMA","2023-09-13","2024-10-03 23:26:32.424153+00","2023-09-13 08:31:44.709205+00","ASTURIANO"
"344","HOMEX","T042","LOCAL","HACIENDA EL PROGRESO ,444 , ,HACIENDA SANTA ROSA ,76220 ,QUERÉTARO ,QUERÉTARO","https://goo.gl/maps/fjhj4KaUz7n4vXTKA","2023-09-13","2024-10-03 23:26:31.90441+00","2023-09-13 08:31:44.784868+00","ASTURIANO"
"345","MONTENEGRO 2","T041","LOCAL","BOULEVARD MONTENEGRO ,5201 ,1 ,COL. MONTENEGRO , ,QUERÉTARO ,QUERÉTARO","https://goo.gl/maps/2PkRNcTYEb1L1TKSA","2023-09-13","2024-10-03 23:26:32.165429+00","2023-09-13 08:31:44.861202+00","ASTURIANO"
"346","BELEN 2","T040","LOCAL","PINO ,2111 , ,FRACC. PUERTA DE BELÉN ,76140 ,QUERÉTARO ,QUERÉTARO","https://goo.gl/maps/MYWJ1TtTBk32","2023-09-13","2024-10-03 23:26:32.489271+00","2023-09-13 08:31:44.932827+00","ASTURIANO"
"347","CHOLES","T039","LOCAL","CHOLES ,231 , ,COL. CERRITO COLORADO ,76116 ,QUERÉTARO ,QUERÉTARO","https://goo.gl/maps/RcJEHKKpHBzm49YC7","2023-09-13","2024-10-03 23:26:31.192846+00","2023-09-13 08:31:45.00089+00","ASTURIANO"
"348","BALVANERA 2","T037","LOCAL","PASEO DE LA CONCHA ,500 ,A ,FRACC. FUENTES DE BALVANERA , ,CORREGIDORA ,QUERÉTARO","https://goo.gl/maps/ympUthUyfFK673R28","2023-09-13","2024-10-03 23:26:25.251232+00","2023-09-13 08:31:45.070976+00","ASTURIANO"
"349","MONTENEGRO","T036","LOCAL","HACIENDA DEL RÍO ,701 , ,COL. HACIENDA SANTA ROSA ,76220 ,QUERÉTARO ,QUERÉTARO","https://goo.gl/maps/u7a3RSkpBs1RcTzw7","2023-09-13","2024-10-03 23:26:31.77522+00","2023-09-13 08:31:45.145013+00","ASTURIANO"
"350","CASA BLANCA","T034","LOCAL","CALLE 3 ,304 , ,COL. LOMAS DE CASA BLANCA ,76080 ,QUERÉTARO ,QUERÉTARO","https://goo.gl/maps/oby8vVqv2JwNcxheA","2023-09-13","2024-10-03 23:26:31.063352+00","2023-09-13 08:31:45.22347+00","ASTURIANO"
"351","JURIQUILLA 2","T033","LOCAL","BOULEVARD JURICA DE LA CAMPANA ,1042 , ,FRACC. RESIDENCIAL JURIQUILLA ,76230 ,QUERÉTARO ,QUERÉTARO","https://goo.gl/maps/BUpknqR3Vjz","2023-09-13","2024-10-03 23:26:28.466783+00","2023-09-13 08:31:45.296193+00","ASTURIANO"
"352","PORTAL DE SAMANIEGO","T032","LOCAL","PORTAL DE LA ALEGRÍA ,403 , ,COL. VILLAS DE SANTIAGO ,76148 ,QUERÉTARO ,QUERÉTARO","https://goo.gl/maps/T8JbNY9uA6Ktn47n6","2023-09-13","2024-10-03 23:26:32.75138+00","2023-09-13 08:31:45.374464+00","ASTURIANO"
"353","LA PRADERA","T031","LOCAL","AV. ANTÍLOPE ,5 ,Lte 1 Mza 15 ,FRACC. LA PRADERA ,76269 ,EL MARQUÉS ,QUERÉTARO","https://goo.gl/maps/n3J3UtXgyNHAr1XGA","2023-09-13","2024-10-03 23:26:31.580719+00","2023-09-13 08:31:45.457472+00","ASTURIANO"
"354","SANTA BARBARA","T030","LOCAL","IGNACIO COMONFORT ,19 , ,COL. SANTA BÁRBARA 1ERA SECCIÓN ,76900 ,CORREGIDORA ,QUERÉTARO","https://goo.gl/maps/MTBcJdkWxSK2","2023-09-13","2024-10-03 23:26:31.710101+00","2023-09-13 08:31:45.530896+00","ASTURIANO"
"355","SAN MIGUEL","T029","LOCAL","SAN DANIEL ,5373 , ,SAN MIGUEL 2A ETAPA ,76118 ,QUERÉTARO ,QUERÉTARO","https://goo.gl/maps/bjEtKBH2JGLsA3wWA","2023-09-13","2024-10-03 23:26:31.127984+00","2023-09-13 08:31:45.608815+00","ASTURIANO"
"356","TLATELOLCO","T028","LOCAL","SANTIAGO TLATELOLCO ,345 , ,JARDINES DE SANTIAGO ,76148 ,QUERÉTARO ,QUERÉTARO","https://goo.gl/maps/PKjgyY3NhX8StQki8","2023-09-13","2024-10-03 23:26:32.622315+00","2023-09-13 08:31:45.679481+00","ASTURIANO"
"357","ZARAGOZA","T027","LOCAL","ZARAGOZA PTE. ,1 , ,COL. CENTRO ,76000 ,QUERÉTARO ,QUERÉTARO","https://goo.gl/maps/EyLQd84NFXZZoVSN8","2023-09-13","2024-10-03 23:26:31.839093+00","2023-09-13 08:31:45.753549+00","ASTURIANO"
"358","VILLAS DE SANTIAGO","T026","LOCAL","SANTIAGO DE QUERÉTARO ,169 , ,COL. JARDINES DE SANTIAGO ,76148 ,QUERÉTARO ,QUERÉTARO","https://goo.gl/maps/ezduCoaykF52","2023-09-13","2024-10-03 23:26:24.277403+00","2023-09-13 08:31:45.828601+00","ASTURIANO"
"359","TEJEDA","T025","LOCAL","PASEO TEJEDA ,199 , ,COL. TEJEDA ,76190 ,CORREGIDORA ,QUERÉTARO","https://goo.gl/maps/M4kxBxWXooq4LL7f9","2023-09-13","2024-10-03 23:26:31.257583+00","2023-09-13 08:31:45.897634+00","ASTURIANO"
"360","SAN PEDRITO PEÑUELAS","T024","LOCAL","AV. PIE DE LA CUESTA ,2121 , ,LOMAS DE SAN PEDRITO ,76148 ,QUERÉTARO ,QUERÉTARO","https://goo.gl/maps/SnAt3X9t6h1oAuTq5","2023-09-13","2024-10-03 23:26:31.645553+00","2023-09-13 08:31:45.968736+00","ASTURIANO"
"361","REFORMA","T022","LOCAL","BOULEVARD DE LAS AMERICAS ,301 , ,COL. REFORMA AGRARIA ,76080 ,QUERÉTARO ,QUERÉTARO","https://goo.gl/maps/PCpkc2fu6T12","2023-09-13","2024-10-03 23:26:32.100894+00","2023-09-13 08:31:46.042024+00","ASTURIANO"
"362","PLATEROS 1","T021","LOCAL","PLATEROS ,101 , ,COL. SAN PEDRITO PEÑUELAS ,76148 ,QUERÉTARO ,QUERÉTARO","https://goo.gl/maps/z4SkHCBxwPM2","2023-09-13","2024-10-03 23:26:32.036098+00","2023-09-13 08:31:46.117604+00","ASTURIANO"
"363","PARNASO","T020","LOCAL","MONTE SION ,525 , ,COL. LA LOMA ,76168 ,QUERÉTARO ,QUERÉTARO","https://goo.gl/maps/d3U81vbmjJYVGayM9","2023-09-13","2024-10-03 23:26:32.880239+00","2023-09-13 08:31:46.192598+00","ASTURIANO"
"364","MILITAR","T019","LOCAL","SIERRA ORIENTAL ,1 , ,COL. LA SIERRITA ,76137 ,QUERÉTARO ,QUERÉTARO","https://goo.gl/maps/FXS5fSybRpXEAYry6","2023-09-13","2024-10-03 23:26:31.452165+00","2023-09-13 08:31:46.272113+00","ASTURIANO"
"365","LOMAS DEL MARQUEZ 1","T018","LOCAL","AV. PASEO DE LA REFORMA ,148 ,3 ,FRACC. LOMAS DEL MARQUÉS ,76146 ,QUERÉTARO ,QUERÉTARO","https://goo.gl/maps/6BZE2WPUsNK2","2023-09-13","2024-10-03 23:26:32.294684+00","2023-09-13 08:31:46.351418+00","ASTURIANO"
"366","LOMA BONITA","T017","LOCAL","POPOCATÉPETL ,521 , ,COL. LOMA BONITA ,76049 ,QUERÉTARO ,QUERÉTARO","https://goo.gl/maps/naYVk3PmQoqmv5Gj9","2023-09-13","2024-10-03 23:26:32.687005+00","2023-09-13 08:31:46.426327+00","ASTURIANO"
"367","LA LUZ","T016","LOCAL","AD. DE LA LUZ ,1507 , ,COL. CERRITO COLORADO ,76116 ,QUERÉTARO ,QUERÉTARO","https://goo.gl/maps/8ADqqC1bWTE2","2023-09-13","2024-10-03 23:26:30.999114+00","2023-09-13 08:31:46.499057+00","ASTURIANO"
"368","JARDINES","T014","LOCAL","HACIENDA GRANDE ,902 , ,COL. JARDINES DE LA HACIENDA ,76180 ,QUERÉTARO ,QUERÉTARO","https://goo.gl/maps/1XiNSw6Fuap","2023-09-13","2024-10-03 23:26:23.24138+00","2023-09-13 08:31:46.56663+00","ASTURIANO"
"369","GEOPLAZAS","T013","LOCAL","AV. BEGONIAS ,1802 , ,FRACC. GEO PLAZAS ,76116 ,QUERÉTARO ,QUERÉTARO","https://goo.gl/maps/Ra7x6xbQ4ewoD63j9","2023-09-13","2024-10-03 23:26:31.516292+00","2023-09-13 08:31:46.635264+00","ASTURIANO"
"370","FELIPE ANGELES","T012","LOCAL","FELIPE ÁNGELES ,21 ,B ,COL. SANTA CATARINA ,76157 ,QUERÉTARO ,QUERÉTARO","https://goo.gl/maps/YxhSdLFRpk9Zv7BN9","2023-09-13","2024-10-03 23:26:32.946758+00","2023-09-13 08:31:46.704811+00","ASTURIANO"
"371","ESPERANZA","T011","LOCAL","POPOCATÉPETL ,108 , ,COL. LOMA BONITA ,76049 ,QUERÉTARO ,QUERÉTARO","https://goo.gl/maps/EszeKbxJG9cCDzdp9","2023-09-13","2024-10-03 23:26:33.013871+00","2023-09-13 08:31:46.78025+00","ASTURIANO"
"372","EL CARMEN","T010","LOCAL","LIMONES ,102_28 , ,LA HUERTA ,76114 ,QUERÉTARO ,QUERÉTARO","https://goo.gl/maps/kA8mVUqYwx8vQewN9","2023-09-13","2024-10-03 23:26:26.231197+00","2023-09-13 08:31:46.863478+00","ASTURIANO"
"373","CORREGIDORA","T009","LOCAL","PROL. CORREGIDORA NTE. ,355 , ,COL. LINDA VISTA ,76168 ,QUERÉTARO ,QUERÉTARO","https://goo.gl/maps/dsrhvkzbTwhsXenc7","2023-09-13","2024-10-03 23:26:33.214074+00","2023-09-13 08:31:46.936492+00","ASTURIANO"
"374","CONSTITUYENTES","T008","LOCAL","AV. CONSTITUYENTES OTE. ,5 , ,COL. SEGUNDA DE HIDALGO ,76057 ,QUERÉTARO ,QUERÉTARO","https://goo.gl/maps/DQUmkbTsoJJMYxFD8","2023-09-13","2024-10-03 23:26:33.602307+00","2023-09-13 08:31:47.004982+00","ASTURIANO"
"375","COLINAS","T007","LOCAL","C. TARAUMARAS ,4001 , ,COL. CERRITO COLORADO ,76116 ,QUERÉTARO ,QUERÉTARO","https://goo.gl/maps/YF8X2XAVF1Ybu8fYA","2023-09-13","2024-10-03 23:26:34.659789+00","2023-09-13 08:31:47.073039+00","ASTURIANO"
"376","CAMPANAS","T006","LOCAL","PASEO DE LAS CAMPANAS ,103 , ,COL. EX HACIENDA SANTA ANA ,76116 ,QUERÉTARO ,QUERÉTARO","https://goo.gl/maps/qVYT7FnPqAoC5eBD6","2023-09-13","2024-10-03 23:26:33.731724+00","2023-09-13 08:31:47.147475+00","ASTURIANO"
"377","CAMINO REAL","T005","LOCAL","CAMINO DORADO ,3 , ,COL. CAMINO REAL ,76905 ,CORREGIDORA ,QUERÉTARO","https://goo.gl/maps/LoYXyt293W3Rn6bG6","2023-09-13","2024-10-03 23:26:34.854246+00","2023-09-13 08:31:47.215512+00","ASTURIANO"
"378","BELEN","T004","LOCAL","CALZADA DE BELÉN ,109 ,1 ,SAN PEDRITO PEÑUELAS II ,76148 ,QUERÉTARO ,QUERÉTARO","https://goo.gl/maps/2kxeUimC4zfSnkbEA","2023-09-13","2024-10-03 23:26:23.889632+00","2023-09-13 08:31:47.290492+00","ASTURIANO"
"379","BALVANERA 1","T003","LOCAL","CTO ÁRTIGAS ,133 ,A ,FUENTES DE BALVANERA ,38180 ,CORREGIDORA ,QUERÉTARO","https://goo.gl/maps/teyQBKC34q1sfEgt5","2023-09-13","2024-10-03 23:26:34.984014+00","2023-09-13 08:31:47.368585+00","ASTURIANO"
"380","ALFALFARES","T002","LOCAL","CAMINO A SAN PEDRO MARTIR ,234 , ,LA HUERTA ,76114 ,QUERÉTARO ,QUERÉTARO","https://goo.gl/maps/3B514mZ35LhxLjEB7","2023-09-13","2024-10-03 23:26:23.95381+00","2023-09-13 08:31:47.442482+00","ASTURIANO"
"381","ANDES","T001","LOCAL","CORDILLERA DE LOS ANDES ,2001 , ,COLINAS DEL PONIENTE ,76116 ,QUERÉTARO ,QUERÉTARO","https://goo.gl/maps/64QLgzr18b7UazJy8","2023-09-13","2024-10-03 23:26:28.399636+00","2023-09-13 08:31:47.516483+00","ASTURIANO"
"382","REMOLQUE","T333","LOCAL","AV. DE LAS TORRES ,S/N , ,COLINAS DEL CIMATARIO ,76090 ,QUERÉTARO ,QUERÉTARO","https://goo.gl/maps/fWmoYzKJNGwfahTK8","2023-09-13","2024-10-03 23:26:33.927345+00","2023-09-13 08:31:47.584482+00","ASTURIANO"
"383","SANTA CATARINA","T287","LOCAL","CARRETERA  QUERETARO- SAN LUIS POTOSI , , ,SANTA CATARINA, SANTA ROSA JAUREGUI ,76220 ,QUERÉTARO ,QUERÉTARO","https://goo.gl/maps/5go5SpdXem3WppdYA","2023-09-13","2024-10-03 23:26:33.79669+00","2023-09-13 08:31:47.659476+00","ASTURIANO"
"384","JESUS MARIA","T446","SEMIFORANEA","AMAPOLA ,20 , , ,76249 ,EL MARQUÉS ,QUERÉTARO","https://maps.google.com/maps?q=20.621538162231445%2C-100.25576782226562&z=17&hl=es","2023-09-13","2024-10-03 23:26:34.393522+00","2023-09-13 08:31:47.726864+00","ASTURIANO"
"385","CHICHIMEQUILLAS 2","T422","SEMIFORANEA","CARRETERA 500 ,S/N , ,CHICHIMEQUILLAS , ,QUERÉTARO ,QUERÉTARO","https://goo.gl/maps/ZW8XfHQa5uRPXAae9","2023-09-13","2024-10-03 23:26:34.594796+00","2023-09-13 08:31:47.795475+00","ASTURIANO"
"386","YUNQUES","T411","SEMIFORANEA","HACIENDA DE LOS YUNQUES ,149 ,2 ,FRACC. LOS HEROES , ,EL MARQUÉS ,QUERÉTARO","https://goo.gl/maps/CnCe3wSJEDQUZS9b6","2023-09-13","2024-10-03 23:26:33.861972+00","2023-09-13 08:31:47.870783+00","ASTURIANO"
"387","LIBERTADORES","T343","SEMIFORANEA","CALLE JOSÉ MARÍA PINO SUÁREZ ,2 , ,FRACC. LIBERTADORES ETAPA 3 ,76268 ,EL MARQUÉS ,QUERÉTARO","https://goo.gl/maps/jpaV7CuNHgcqa6UB7","2023-09-13","2024-10-03 23:26:27.926106+00","2023-09-13 08:31:47.945384+00","ASTURIANO"
"388","CHICHIMEQUILLAS","T314","SEMIFORANEA","CARRETERA ESTATAL 500 ,KM 28+547 , ,CHICHIMEQUILLAS ,76250 ,EL MARQUÉS ,QUERÉTARO","https://goo.gl/maps/nLzmV8cgatvqYv656","2023-09-13","2024-10-03 23:26:33.081756+00","2023-09-13 08:31:48.017434+00","ASTURIANO"
"389","TRINIDAD","T306","SEMIFORANEA","CARRETERA ESTATAL 200 ,KM10+250 , ,SALDARRIAGA ,76267 ,EL MARQUÉS ,QUERÉTARO","https://goo.gl/maps/tXhmuN2mEdRmdGyZ8","2023-09-13","2024-10-03 23:26:33.667011+00","2023-09-13 08:31:48.088479+00","ASTURIANO"
"390","COLINAS DE LA PIEDAD","T276","SEMIFORANEA","CIRCUITO COLINAS DEL LAGO ,1 , ,COLINAS DE LA PIEDAD ,76240 ,EL MARQUÉS ,QUERÉTARO","https://goo.gl/maps/4Nqc2QcnTBgorjoK9","2023-09-13","2024-10-03 23:26:33.538073+00","2023-09-13 08:31:48.166109+00","ASTURIANO"
"391","SERVICIO AEROPUERTO","T263","SEMIFORANEA","CARRETERA ESTATAL 100 COLORADO- HIGUERILLAS ,100 ,209 , ,EL COLORADO ,76295 ,COLÓN ,QUERÉTARO","https://goo.gl/maps/uhyewFtPNh6ysK6o9","2023-09-13","2024-10-03 23:26:33.407385+00","2023-09-13 08:31:48.241479+00","ASTURIANO"
"392","ARKANSAS","T250","SEMIFORANEA","UNIVERSIDAD ARKANSAS  ,134 , ,COL. EJIDO LA ESPERANZA ,76270 ,COLÓN ,QUERÉTARO","https://goo.gl/maps/6aD1hRv2zv3Gintu6","2023-09-13","2024-10-03 23:26:24.732314+00","2023-09-13 08:31:48.314016+00","ASTURIANO"
"393","AMAZCALA","T232","SEMIFORANEA","CARRETERA ESTATAL 500 AMAZCALA-CHICHIMEQUILLAS ,KM.19+800,  , ,EJIDO AMAZCALA ,76265 ,EL MARQUÉS ,QUERÉTARO","https://goo.gl/maps/SqSnnBgPwejqzuPW8","2023-09-13","2024-10-03 23:26:27.147152+00","2023-09-13 08:31:48.392485+00","ASTURIANO"
"394","ODONELL","T199","SEMIFORANEA","CARRETERA ESTATAL  2 +700 ESQUINA CON  CARRETERA  500 , , ,COMUNIDAD L A CALAMANDA ,76247 ,EL MARQUÉS ,QUERÉTARO","https://goo.gl/maps/ktPEgfCRxL6uRbdx5","2023-09-13","2024-10-03 23:26:33.148626+00","2023-09-13 08:31:48.468098+00","ASTURIANO"
"395","ARADOS","T197","SEMIFORANEA","ANILLO VIAL III ,20 , ,LO HEROES ,76350 ,EL MARQUÉS ,QUERÉTARO","https://goo.gl/maps/ScQSxANuWtQgsnzu9","2023-09-13","2024-10-03 23:26:33.473531+00","2023-09-13 08:31:48.540306+00","ASTURIANO"
"396","SALDARRIAGA","T162","SEMIFORANEA","CARRETERA ESTATAL 200 QUERÉTARO-TEQUISQUIAPAN ,KM 10+200 , ,POBLADO SALDARRIAGA ,76240 ,EL MARQUÉS ,QUERÉTARO","https://goo.gl/maps/Bf3nFwJxv742","2023-09-13","2024-10-03 23:26:33.34323+00","2023-09-13 08:31:48.608336+00","ASTURIANO"
"397","LA PIEDAD","T098","SEMIFORANEA","DE DOLORES ,1 , ,COL. VILLAS DE SAN JOSÉ DE LA PIEDAD ,76246 ,EL MARQUÉS ,QUERÉTARO","https://goo.gl/maps/gDNGXirgC2E2","2023-09-13","2024-10-03 23:26:33.277734+00","2023-09-13 08:31:48.677939+00","ASTURIANO"
"398","LA CRUZ","T097","SEMIFORANEA","AV. CRUZ DE MAYO ,14 , ,COL. HACIENDA LA CRUZ ,76243 ,EL MARQUÉS ,QUERÉTARO","https://goo.gl/maps/Asm1ousBaRBXHjMD9","2023-09-13","2024-10-03 23:26:34.789291+00","2023-09-13 08:31:48.753136+00","ASTURIANO"
"399","LA GRIEGA","T056","SEMIFORANEA","CARRETERA ESTATAL 200 QUERÉTARO-TEQUISQUIAPAN SUR ,KM  17 ,9 ,LA GRIEGA ,76240 ,EL MARQUÉS ,QUERÉTARO","https://goo.gl/maps/WeLPn2NB1jeGALRc8","2023-09-13","2024-10-03 23:26:25.44924+00","2023-09-13 08:31:48.827635+00","ASTURIANO"
"400","HEROES","T035","SEMIFORANEA","HACIENDA JESÚS MARÍA ,7 ,9 ,FRACC. LOS HÉROES ,76243 ,EL MARQUÉS ,QUERÉTARO","https://goo.gl/maps/z2bw2Khp25D27TXUA","2023-09-13","2024-10-03 23:26:34.918415+00","2023-09-13 08:31:48.906092+00","ASTURIANO"
"403","CIGALES","T502","LOCAL",NULL,NULL,"2023-12-22","2024-10-03 23:26:09.804108+00","2023-12-22 16:28:28.942872+00","ASTURIANO"
"404","FORJA REAL","T529","LOCAL",NULL,NULL,"2023-12-27","2024-10-03 23:26:19.212521+00","2023-12-27 20:09:00.247302+00","ASTURIANO"
"405","PLAZA CALIOPE","T509","LOCAL",NULL,NULL,"2023-12-27","2024-10-03 23:26:23.306362+00","2023-12-27 20:32:29.591989+00","ASTURIANO"
"406","GASLO","T495","LOCAL",NULL,NULL,"2023-12-27","2024-10-03 23:26:34.258554+00","2023-12-27 20:32:57.105593+00","ASTURIANO"
"407","OJO DE AGUA","T462","LOCAL",NULL,NULL,"2023-12-28","2024-10-03 23:26:23.824849+00","2023-12-28 16:25:20.516267+00","ASTURIANO"
"408","BLVD DEL RIO","T475","LOCAL",NULL,NULL,"2023-12-28","2024-10-03 23:26:34.057358+00","2023-12-28 16:26:04.696237+00","ASTURIANO"
"409","ES SARABIA","T513","LOCAL",NULL,NULL,"2023-12-28","2024-10-03 23:26:34.325785+00","2023-12-28 17:29:28.194418+00","ASTURIANO"
"410","MARMOLERA","T507","FORANEA",NULL,NULL,"2023-12-28","2024-10-03 23:26:34.122597+00","2023-12-28 21:52:04.465267+00","ASTURIANO"
"411","PRINCIPAL BERNAL","T480","FORANEA",NULL,NULL,"2023-12-29","2024-10-03 23:26:34.724629+00","2023-12-29 17:42:04.36686+00","ASTURIANO"
"412","VALTIERRA","T524","FORANEA",NULL,NULL,"2023-12-29","2024-10-03 23:26:34.52965+00","2023-12-29 17:47:04.446775+00","ASTURIANO"
"413","POR DEFINIR","T434","POR DEFINIR","POR DEFINIR","POR DEFINIR","2024-03-05","2024-10-03 23:26:33.992233+00","2024-03-05 09:13:26.481595+00","ASTURIANO"
"414","POR DEFINIR","T517","POR DEFINIR","POR DEFINIR","POR DEFINIR","2024-03-05","2024-10-03 23:26:34.464673+00","2024-03-05 09:13:28.49271+00","ASTURIANO"
"415","POR DEFINIR","T534","POR DEFINIR","POR DEFINIR","POR DEFINIR","2024-03-05","2024-10-03 23:26:35.048213+00","2024-03-05 09:13:37.735199+00","ASTURIANO"
"416","POR DEFINIR","T425","POR DEFINIR","POR DEFINIR","POR DEFINIR","2024-03-05","2024-10-03 23:26:35.114636+00","2024-03-05 09:16:40.375046+00","ASTURIANO"
"417","POR DEFINIR","T450","POR DEFINIR","POR DEFINIR","POR DEFINIR","2024-03-05","2024-10-03 23:26:35.180446+00","2024-03-05 09:16:51.516507+00","ASTURIANO"
"418","POR DEFINIR","T477","POR DEFINIR","POR DEFINIR","POR DEFINIR","2024-03-05","2024-10-03 23:26:35.244644+00","2024-03-05 09:17:06.264856+00","ASTURIANO"
"419","POR DEFINIR","T489","POR DEFINIR","POR DEFINIR","POR DEFINIR","2024-03-05","2024-10-03 23:26:23.434822+00","2024-03-05 09:17:08.308712+00","ASTURIANO"
"420","POR DEFINIR","T504","POR DEFINIR","POR DEFINIR","POR DEFINIR","2024-03-05","2024-10-03 23:26:23.499485+00","2024-03-05 09:17:10.296775+00","ASTURIANO"
"421","POR DEFINIR","T505","POR DEFINIR","POR DEFINIR","POR DEFINIR","2024-03-05","2024-10-03 23:26:23.564165+00","2024-03-05 09:17:12.300641+00","ASTURIANO"
"422","POR DEFINIR","T526","POR DEFINIR","POR DEFINIR","POR DEFINIR","2024-03-05","2024-10-03 23:26:23.629744+00","2024-03-05 09:17:15.972285+00","ASTURIANO"
"423","POR DEFINIR","T537","POR DEFINIR","POR DEFINIR","POR DEFINIR","2024-03-05","2024-10-03 23:26:23.694771+00","2024-03-05 09:17:18.245142+00","ASTURIANO"
"424","POR DEFINIR","T474","POR DEFINIR","POR DEFINIR","POR DEFINIR","2024-03-05","2024-10-03 23:26:23.759234+00","2024-03-05 10:18:00.806638+00","ASTURIANO"
"425","POR DEFINIR","T482","POR DEFINIR","POR DEFINIR","POR DEFINIR","2024-03-05","2024-10-03 23:26:23.371143+00","2024-03-05 10:18:00.858462+00","ASTURIANO"
"426","POR DEFINIR","T494","POR DEFINIR","POR DEFINIR","POR DEFINIR","2024-03-05","2024-10-03 23:26:34.187941+00","2024-03-05 10:18:00.884904+00","ASTURIANO"
"427","POR DEFINIR","T500","POR DEFINIR","POR DEFINIR","POR DEFINIR","2024-03-05","2024-10-03 23:26:24.602514+00","2024-03-05 10:18:00.919978+00","ASTURIANO"
"429","TUNAS BLANCAS","T519","ASTURIANO","Carr. Bernal, 76685 Tunas Blancas, Qro.","https://maps.app.goo.gl/aYmBN6MZC9YjNvRY6","2024-06-25","2024-10-03 23:26:24.407365+00","2024-06-25 23:44:15.35356+00","ASTURIANO"
"430","BUENAVISTA","T533","ASTURIANO","Blvd. Solidaridad las Torres 3600, Barrio de la Concepción, 52105 San Mateo Atenco, Méx.","https://maps.app.goo.gl/pcvRT5BYaL3r6mXL8","2024-06-25","2024-10-09 18:59:43.582125+00","2024-06-26 00:27:37.140555+00","ASTURIANO"
"431","TIANGUISTENCO","T534","ASTURIANO","Avenida Licenciado Benito Juárez Km 1.5, Carr. Santiago - Chalma S/N, 52600 Santiago Tianguistenco de Galeana, Méx.","https://maps.app.goo.gl/QWG8iFf2r65EsCh1A","2024-06-25","2024-10-09 18:59:13.043339+00","2024-06-26 00:28:46.41506+00","ASTURIANO"
"432","AVANDARO","T477","ASTURIANO","Vega del Campo 15, Avandaro, 51200 Valle de Bravo, Méx.","https://maps.app.goo.gl/jSRaLKUgedcdZtyJ6","2024-06-25","2024-10-09 18:59:29.231059+00","2024-06-26 00:30:08.849016+00","ASTURIANO"
"433","LA MONJA","T503",NULL,"La Monja, 76219 La Monja, Qro.","https://maps.app.goo.gl/Q4dnxt54hJ33SQzm6","2024-06-27","2024-10-03 23:26:27.732488+00","2024-06-27 17:25:06.849896+00","ASTURIANO"
"434","NEZA","T549","ASTURIANO","CALLE PANCHO LOPEZ 298 BENITO JUAREZ","https://maps.app.goo.gl/gm6jNwRAPhgYKDPm6","2024-06-27","2024-10-03 23:26:27.795912+00","2024-06-27 18:02:30.54078+00","ASTURIANO"
"435","PLAN DE AYALA","T368","ASTURIANO","AV PLAN DE AYALA 141","https://maps.app.goo.gl/LqDwZj6TmVmxrsbn6","2024-06-27","2024-10-03 23:26:26.952102+00","2024-06-27 18:22:08.038496+00","ASTURIANO"
"436","SAAVEDRA","T547","ASTURIANO","BLVD MIGUEL DE CERVANTES SAAVEDRA 309 LOCAL 5 ARBIDE  37368 LEON DE LOS ALDAMA","https://maps.app.goo.gl/bthFAh7oQ8jgcsk3A","2024-06-27","2024-10-03 23:26:27.018276+00","2024-06-27 18:32:38.446197+00","ASTURIANO"
"437","SAAVEDRA","T547","ASTURIANO","BLVD MIGUEL DE CERVANTES SAAVEDRA 309 LOCAL 5 LEON DE LOS ALDAMA","https://maps.app.goo.gl/bthFAh7oQ8jgcsk3A","2024-06-27","2024-10-03 23:26:27.082677+00","2024-06-27 18:37:21.894654+00","ASTURIANO"
"438","HUICHAPAN 3","T379","ASTURIANO","Pedro M Anaya 56, Centro San Pedro, 42405 Huichapan, Hgo.","https://maps.app.goo.gl/sXhHs9JcMc5xRimu7","2024-06-28","2024-10-03 23:26:27.276231+00","2024-06-28 23:43:19.190476+00","ASTURIANO"
"439","BLVD DE LA LUZ","T525","ASTURIANO","Blvd. la Luz 3315, Zona Club Deportivo, 37287 León de los Aldama, Gto.","https://maps.app.goo.gl/XhnBJgAiQBpfHd5M6","2024-06-28","2024-10-03 23:26:26.427631+00","2024-06-28 23:49:50.393199+00","ASTURIANO"
"440","LAUREL","T508","ASTURIANO","León, 37690 Gto.","https://maps.app.goo.gl/567v9RaH2zaBXhq49","2024-06-28","2024-10-03 23:26:28.075611+00","2024-06-28 23:50:37.511943+00","ASTURIANO"
"441","PLAZA CAMPESTRE","T389","ASTURIANO","Cañada de Mariches 404, Cañada del Refugio, 37358 León de los Aldama, Gto.","https://maps.app.goo.gl/BWbNEmtACQyVUKCQ7","2024-06-28","2024-10-03 23:26:27.472221+00","2024-06-28 23:52:58.366901+00","ASTURIANO"
"442","XILOTZINGO","T528",NULL,"Blvd. Capitán Carlos Camacho Espíritu No.161 C, San Francisco Totimehuacan, 72595 Heroica Puebla de Zaragoza, Pue.","https://maps.app.goo.gl/ev3S4dgjv2Fofj6u8","2024-06-28","2024-10-03 23:26:26.887462+00","2024-06-28 23:58:41.425223+00","ASTURIANO"
"443","AGUA AZUL","T497",NULL,"C. 49 Pte. 981-925, Prados Agua Azul, 72430 Heroica Puebla de Zaragoza, Pue.","https://maps.app.goo.gl/nouuqGifS4b2wx2m6","2024-06-28","2024-10-03 23:26:27.667539+00","2024-06-28 23:59:20.677489+00","ASTURIANO"
"444","POZOS","T561","ASTURIANO","Blvd. San Antonio 169-189, Bosque de Lindavista ll, La Cantera, 78397 San Luis Potosí, S.L.P.","https://maps.app.goo.gl/nbCFyuQz4prNSac67","2024-07-03","2024-10-03 23:26:27.861182+00","2024-07-03 22:43:52.206202+00","ASTURIANO"
"445","DUCATI","T408","ASTURIANO",NULL,NULL,"2024-07-03","2024-10-03 23:26:28.595926+00","2024-07-03 22:51:14.235334+00","ASTURIANO"
"446","ARISTOTELES","T491","ASTURIANO","37353 León de los Aldama, Gto.","https://maps.app.goo.gl/Cwmx6YcBhiyFYzNA7","2024-07-04","2024-10-03 23:26:28.661326+00","2024-07-04 17:35:25.368746+00","ASTURIANO"
"479","PIRULES","T330","ASTURIANO","Mario Moreno 165, Los Pirules, 38036 Celaya, Gto.","https://maps.app.goo.gl/bKjawkJg4esjvUC46","2024-07-04","2024-10-03 23:26:28.725626+00","2024-07-04 21:52:35.035718+00","ASTURIANO"
"480","NICARAGUA","T543","ASTURIANO",NULL,NULL,"2024-07-18","2024-10-03 23:26:28.789166+00","2024-07-18 22:52:48.928319+00","ASTURIANO"
"481","OMEGA","T560","ASTURIANO","Blvd. Omega 1001, Industrial Delta Sur, 37549 León de los Aldama, Gto.","https://maps.app.goo.gl/x59ZH7ivMDVcTsgv8","2024-07-30","2024-10-03 23:26:28.854667+00","2024-07-30 22:46:28.557667+00","ASTURIANO"
"482","PLAN DE AYLA","T368","ASTURIANO","Av. Plan de Ayala 141, El Vergel, 62410 Cuernavaca, Mor.","https://maps.app.goo.gl/u7vePvRG7fRsZiFH6","2024-08-07","2024-10-03 23:26:28.919566+00","2024-08-07 18:16:36.949202+00","ASTURIANO"
"483","VILLAS DEL VOLCAN","T434","ASTURIANO","Tlalmanalco, 56715 Méx.","https://maps.app.goo.gl/bUE5856Pvto69BNt5","2024-08-07","2024-10-03 23:26:28.984161+00","2024-08-07 18:36:05.144563+00","ASTURIANO"
"484","SERVIFACIL CHALCO","517","ASTURIANO","Avenida Morelos Norte N° 500, 56640 San Gregorio Cuautzingo, Méx.","https://maps.app.goo.gl/sFrrAxsWj3frHNnG7","2024-08-07","2024-10-03 23:26:29.048739+00","2024-08-07 18:37:16.701563+00","ASTURIANO"
"485","TEPATEPEC","T369","ASTURIANO","Av. Juárez 51, II Demarcación, 42660 Tepatepec, Hgo.","https://maps.app.goo.gl/ydF1UrB5xodRZX3Z6","2024-08-07","2024-10-03 23:26:29.114438+00","2024-08-07 22:54:58.012028+00","ASTURIANO"
"486","CHILCUAUTLA","T494","ASTURIANO","Guillermo Prieto 27, Centro, 42750 Chilcuautla, Hgo.","https://maps.app.goo.gl/whTp2eKCEXFF99xm8","2024-08-07","2024-10-03 23:26:29.179085+00","2024-08-07 22:56:23.094821+00","ASTURIANO"
"487","TIANGUISTENCO","T534","ASTURIANO","Avenida Licenciado Benito Juárez Km 1.5, Carr. Santiago - Chalma S/N, 52600 Santiago Tianguistenco de Galeana, Méx.","https://maps.app.goo.gl/FUgDQvfpZEfbu4P76","2024-08-13","2024-10-03 23:26:29.244079+00","2024-08-13 18:02:59.377957+00","ASTURIANO"
"488","FORJA REAL","T529","ASTURIANO","SAN MARCOS 78470 SLP","https://maps.app.goo.gl/ecGetopVmPgQyV9m9","2024-08-14","2024-10-03 23:26:29.30937+00","2024-08-14 22:40:04.476786+00","ASTURIANO"
"489","IMPERIAL","T546","ASTURIANO","Blvd. Loma Imperial, 37359 León de los Aldama, Gto.","https://maps.app.goo.gl/ay1o5HvQiE6bcaNs7","2024-08-27","2024-10-03 23:26:29.375465+00","2024-08-27 18:13:52.554416+00","ASTURIANO"
"490","CHILCUAUTLA","T494","ASTURIANO","Guillermo Prieto 27, Centro, 42750 Chilcuautla, Hgo.","https://maps.app.goo.gl/vwRg43NaGRpGtvip9","2024-08-27","2024-10-03 23:26:29.439609+00","2024-08-27 21:29:54.24565+00","ASTURIANO"
"491","TIANGUISTENCO","T534","ASTURIANO","Avenida Licenciado Benito Juárez Km 1.5, Carr. Santiago - Chalma S/N, 52600 Santiago Tianguistenco de Galeana, Méx.","https://maps.app.goo.gl/4XN36J7bDjxAPfyg6","2024-09-10","2024-10-03 23:26:29.504612+00","2024-09-10 15:57:40.578441+00","ASTURIANO"
"492","AVANDARO","T477","ASTURIANO","Vega del Campo 15, Avandaro, 51200 Valle de Bravo, Méx.","https://maps.app.goo.gl/UKZJTiXsUFc29Hy36","2024-09-10","2024-10-03 23:26:29.568278+00","2024-09-10 15:58:34.700889+00","ASTURIANO"
"524","PODER JUDICIAL","T562","ASTURIANO","C. Palmira 1010, 78295 San Luis Potosí, S.L.P.","https://maps.app.goo.gl/x2NSYkNTcPxANF3m7","2024-09-12","2024-10-03 23:26:29.635064+00","2024-09-12 20:35:33.508541+00","ASTURIANO"
"557","TOLTECAS","T482","ASTURIANO","Radial Toltecas 17, San Javier, 54030 Tlalnepantla, Méx.","https://maps.app.goo.gl/yymWpkPNzg4wsmSs6","2024-10-07","2024-10-07 21:40:18.464923+00","2024-10-07 21:40:18.45895+00","ASTURIANO"
"590","LA MONJA","T503","ASTURIANO","RGV2+XJ6 La Monja, Querétaro","https://maps.app.goo.gl/Nm4WF2um2rscswEN6","2024-10-08","2024-10-09 18:58:00.682632+00","2024-10-08 23:09:30.433757+00","ASTURIANO"
"623","SAN VICENTE","T516","ASTURIANO","Av. Juárez 62, San Vicente, 56370 Chicoloapan de Juárez, Méx.","https://maps.app.goo.gl/TMSRMwE3QUSt1H8aA","2024-10-09","2024-10-09 18:58:45.173056+00","2024-10-09 17:37:23.478309+00","ASTURIANO"
"656","ES CERVANTES","T557","ASTURIANO","37XR+HQQ León de los Aldama, Guanajuato","https://maps.app.goo.gl/4uMxMAqpUgooBtL59","2024-10-11","2024-10-11 20:01:57.883138+00","2024-10-11 20:01:57.878009+00","ASTURIANO"
"657","ES CERVANTES","T557","ASTURIANO","37XR+HQQ León de los Aldama, Guanajuato","https://maps.app.goo.gl/4uMxMAqpUgooBtL59","2024-10-11","2024-10-31 03:14:54.80162+00","2024-10-11 20:14:03.059362+00","ASTURIANO"
"689","PARTIDAS","T577","ASTURIANO","Sherwin Williams Lerma, Av. de las Partidas 84-manzana 003, Isidro Fabela, 52004 Lerma de Villada, Méx.","https://maps.app.goo.gl/FWC1c8MCXiTAkwwP8","2024-10-14","2024-10-15 23:19:33.449391+00","2024-10-14 19:56:20.712442+00","ASTURIANO"
"722","SERVIFACIL CHALCO","T517","ASTURIANO","Avenida Morelos Norte N° 500, 56640 San Gregorio Cuautzingo, Méx.","https://maps.app.goo.gl/ss6PoKcCCZWeHsKe6","2024-10-16","2024-10-16 20:17:01.030405+00","2024-10-16 20:17:01.017389+00","ASTURIANO"
"755","ACTOPAN 2","T474","ASTURIANO","Pensador Mexicano, Cam. a La Estancia 61, Centro Nte, 42500 Actopan, Hgo.","https://maps.app.goo.gl/mewBwuzR3soSxYs19","2024-10-18","2024-10-18 21:44:17.226202+00","2024-10-18 21:44:17.216187+00","ASTURIANO"
"788","REY TANGAXOAN","T598","ASTURIANO","Av. Rey Tangaxoan II 870A, Vista Bella, 58090 Morelia, Mich.",NULL,"2024-10-24","2024-10-31 03:14:21.319818+00","2024-10-24 21:25:37.072504+00","ASTURIANO"
"821","LABRADOR","T551","ASTURIANO","El Ciervo, 76675 Qro.","https://maps.app.goo.gl/eDQAZAPdUWeAoGHR8","2024-10-30","2024-10-31 03:15:09.236351+00","2024-10-30 22:47:08.192922+00","ASTURIANO"
"854","MURAYAMA","T597","ASTURIANO","Perif. Sur S/N, Potrero, Daniel Murayama, 40044 Iguala de la Independencia, Gro.","https://maps.app.goo.gl/e7qWu5e9w6HVEd3e6","2024-10-30","2024-10-31 03:14:38.621235+00","2024-10-30 23:06:04.016098+00","ASTURIANO"
"887","NAPATECO","T499","ASTURIANO","Avenida Principal No. 4210 Fracc, Liz Napateco, 43629 Tulancingo, Hgo.","https://maps.app.goo.gl/Nvaxx2qj6DWNHWxy5","2024-10-30","2024-10-31 03:14:02.170105+00","2024-10-30 23:10:38.032266+00","ASTURIANO"
"920","GAVILANES","T386","ASTURIANO","Av. México 205, Gavilanes, 98619 Guadalupe, Zac.","https://maps.app.goo.gl/GfkZgYeuFBZ4tnnx8","2024-11-06","2024-11-06 17:02:11.8763+00","2024-11-06 17:02:11.867594+00","ASTURIANO"
"953","NICOLAS ROMERO","T565","ASTURIANO","Antigua Carr. a Nicolás Romero 2-132, Bulevares del Lago, 54473 Cdad. Nicolás Romero, Méx.","https://maps.app.goo.gl/XJpthTr2mW6fG4fJ7","2024-12-04","2024-12-27 21:39:39.028329+00","2024-12-04 19:57:22.022482+00","ASTURIANO"
"986","5 DE MAYO","T589","ASTURIANO","Mobil Silao 5 de Mayo, Av, C. 5 de Mayo 105, Centro, 36100 Silao de la Victoria, Gto.","https://maps.app.goo.gl/L89HDSnMFvLohcP8A","2024-12-10","2024-12-10 17:14:17.492767+00","2024-12-10 17:14:17.485196+00","ASTURIANO"
"1019","HILAMAS","T592","ASTURIANO","Mobil Servicio Hilamas, Cartagena 201-LOCAL B, Vibar, 37353 León de los Aldama, Gto.","https://maps.app.goo.gl/YSsvhscBfqJABxcc7","2024-12-17","2024-12-18 22:54:10.723896+00","2024-12-17 23:10:22.200214+00","ASTURIANO"
"1020","RUBI","T570","ASTURIANO","Blvd. Haciendas de León, 37295 León de los Aldama, Gto.","https://maps.app.goo.gl/Z5uFVFac1ER2tc5i6","2024-12-17","2024-12-18 22:53:51.280724+00","2024-12-17 23:11:33.241498+00","ASTURIANO"
"1052","SALPAT","T351","ASTURIANO","Alamano (Asturiano) Salpat, Periférico Oriente 101, El Paraiso, 40050 Iguala de la Independencia, Gro.","https://maps.app.goo.gl/S1X4HiE13b15Gmdv5","2025-01-09","2025-01-09 20:13:37.648246+00","2025-01-09 20:13:37.633521+00","ASTURIANO"
"1053","LA PURISIMA","T451","ASTURIANO","Av. Bicentenario No. 219 Plaza La Condesa. Col. La Huerta, 37986 San José Iturbide, Gto.","https://maps.app.goo.gl/GqZFStPzBEDJiXcC8","2025-01-09","2025-01-09 20:50:13.204644+00","2025-01-09 20:50:13.196737+00","ASTURIANO"
"1054","BOULEVARD DEL RIO","T500","ASTURIANO","Viad. Río de las Avenidas, Industrial la Paz, 42092 Industrial la Paz, Hgo.","https://maps.app.goo.gl/fWx3mCoPsKUiycZA6","2025-01-09","2025-01-09 21:24:55.162968+00","2025-01-09 21:24:55.151766+00","ASTURIANO"
"1085","EUCALIPTOS","T572","ASTURIANO","Cam. Real, San Pedro de los Eucaliptos, 76605 Tolimán, Qro.","https://maps.app.goo.gl/rdzwfBQphrneZWdb6","2025-01-23","2025-01-23 20:34:33.10906+00","2025-01-23 20:34:33.081077+00","ASTURIANO"
"1118","Pie de la cuesta","T479","Asturiano","Lomas de San Pedrito, 76148 Santiago de Querétaro, Qro.","https://maps.app.goo.gl/yXoHiAdJ9D2Bo5NK8","2025-01-23","2025-01-24 02:25:38.219341+00","2025-01-24 02:25:38.212251+00","CEDIS ASTURITO"
"1119","Huertos","T541","Asturiano","Av Paseo de Las Moras 18046, Menchaca I, 76147 Santiago de Querétaro, Qro.","https://maps.app.goo.gl/3MaePJBipXdukLkm7","2025-01-23","2025-01-24 02:26:59.360592+00","2025-01-24 02:26:59.357255+00","CEDIS ASTURITO"
"1120","Pathe","T488","Asturiano","Cerro de Pathé 100, Las Americas, 76121 Santiago de Querétaro, Qro.","https://maps.app.goo.gl/eBL9iT3tcEXv37fZA","2025-01-23","2025-01-24 02:28:09.174535+00","2025-01-24 02:28:09.168543+00","CEDIS ASTURITO"
"1151","VILLA PROGRESO","T530","ASTURIANO","MARIANO ESCOBEDO 141, ZONA CENTRO, EZEQUIELMONTES, QUERETARO, 76650","https://maps.app.goo.gl/aPdRVSBoB1pWgZcj6","2025-01-28","2025-01-28 21:57:17.206612+00","2025-01-28 21:57:17.186382+00","ASTURIANO"
"1184","LA PRESA","T360","ASTURIANO","Calle Las Manganas 1525, San Juan de la Presa, 36770 Carmelitas, Gto.","https://maps.app.goo.gl/ydVkMAsoSQnMu8iT7","2025-02-17","2025-02-17 22:59:46.518604+00","2025-02-17 22:59:46.502304+00","ASTURIANO"
"1217","ES PR0GRESO","T412","ASTURIANO","Carr. Progreso-Ixmiquilpan Km 10+725 El Jardin, 42748 Progreso de Obregón, Hgo.","https://maps.app.goo.gl/8J9FF6e32G2PJhE18","2025-02-20","2025-02-20 16:25:48.389271+00","2025-02-20 16:25:48.379501+00","ASTURIANO"
"1218","ES PR0GRESO","T412","ASTURIANO","Carr. Progreso-Ixmiquilpan Km 10+725 El Jardin, 42748 Progreso de Obregón, Hgo.","https://maps.app.goo.gl/8J9FF6e32G2PJhE18","2025-02-20","2025-02-20 16:30:30.805959+00","2025-02-20 16:30:30.80018+00","ASTURIANO"
"1250","COSTA RICA","T579","ASTURIANO","4885+PVR León de los Aldama, Guanajuato","https://maps.app.goo.gl/2LgVvdncNm9bM8v97","2025-02-27","2025-02-27 15:10:49.978437+00","2025-02-27 15:10:49.954595+00","ASTURIANO"
"1283","ES LOZANO","T558","ASTURIANO","397F+GJ8 León de los Aldama, Guanajuato","https://maps.app.goo.gl/tAtnAwv3wtYPUKKj7","2025-03-03","2025-03-03 18:06:26.885451+00","2025-03-03 18:06:26.861715+00","ASTURIANO"
"1284","PANORAMA","T283","ASTURIANO","Av. Panorama 605, Panorama, 37160 León de los Aldama, Gto.","https://maps.app.goo.gl/8WUKb9bfWcFiFqgj9","2025-03-03","2025-03-03 18:10:16.718781+00","2025-03-03 18:10:16.708313+00","ASTURIANO"
"1285","CLIO","T336","ASTURIANO","5739+8P6 León de los Aldama, Guanajuato","https://maps.app.goo.gl/e8kiuwSNLDCzUeJGA","2025-03-03","2025-03-03 18:12:55.181843+00","2025-03-03 18:12:55.137324+00","ASTURIANO"
"1316","CHAPULTEPEC","T481","ASTURIANO","Batalla de La Angostura 25, Chapultepec Sur, 58260 Morelia, Mich.","https://maps.app.goo.gl/wphb3RqdCRGEDCCe9","2025-04-10","2025-04-10 19:18:59.102927+00","2025-04-10 19:18:59.09177+00","ASTURIANO"
"1349","NEREO","T515","ASTURIANO","Prol. Av. Nereo Rodríguez Barragán, San Pedro, 78178 San Luis Potosí, S.L.P.","https://maps.app.goo.gl/pdgo6z4ek6tVBoVA9","2025-04-23","2025-04-23 22:37:17.005163+00","2025-04-23 22:37:16.985241+00","ASTURIANO"
"1382","Francisco villa","T593","Asturiano","37278, Villa de las Flores, 37278 León de los Aldama, Gto.","https://maps.app.goo.gl/SfDSEttMSmiGYSeH8","2025-04-28","2025-04-28 22:22:43.40876+00","2025-04-28 22:22:43.379292+00","ASTURIANO"
"1415","GAVILLERO","T587","ASTURIANO","CARR PROGRESO INDUSTRIAL KM 20 EL GAVILLERO","https://maps.app.goo.gl/vExANU4XCDNTCkVw9","2025-05-05","2025-05-05 19:36:55.661172+00","2025-05-05 19:36:55.645651+00","ASTURIANO"
"1448","3438 Tezontepec 2","3438",NULL,"Calle sin nombre S/N Panuaya col Tezontepec de Aldama, Hidalgo cp 42763",NULL,"2025-05-12","2025-05-12 22:02:31.803781+00","2025-05-12 22:02:31.780922+00","ASTURIANO"
"1481","OLIVOS","T447","Asturiano","C. Esperanza Iris 510, Los Olivos, 37683 León de los Aldama, Gto.","https://maps.app.goo.gl/fjPkNaG6CPZX7fZi9","2025-05-13","2025-05-13 18:06:00.980696+00","2025-05-13 18:06:00.970801+00","ASTURIANO"
"1482","Blvd de la luz 2","T578","Asturiano","Blvd. la Luz 5046, Fracciones de Sangre de Cristo, 37295 León de los Aldama, Gto.","https://maps.app.goo.gl/sq8zeyZKKqMR8hR37","2025-05-13","2025-05-13 18:07:10.173604+00","2025-05-13 18:07:10.171001+00","ASTURIANO"
"1514","Sopas","T588","Asturiano","Av. 16 de Septiembre Manzana 026, Zaragoza, 54435 Cdad. Nicolás Romero, Méx.","https://maps.app.goo.gl/nTGhNAGbZyCBgpWT8","2025-05-17","2025-05-17 18:43:23.331911+00","2025-05-17 18:43:23.305345+00","ASTURIANO"
"1515","Hidalgo","T583","Asturiano","s/n, Cda. de Lerdo de Tejada, Libertad, Cdad. Nicolás Romero, Méx.","https://maps.app.goo.gl/YGzTe4MHxr4YypY87","2025-05-17","2025-05-17 18:44:55.724342+00","2025-05-17 18:44:55.716427+00","ASTURIANO"
"1516","Libertad","T582","ASTURIANO","Blvd. Ignacio Zaragoza Manzana 045, Campestre Liberacion, 54473 Cdad. Nicolás Romero, Méx.","https://maps.app.goo.gl/GyQfcYmSzkxjZrTt5","2025-05-17","2025-05-17 18:45:57.425829+00","2025-05-17 18:45:57.422096+00","ASTURIANO"
"1547","VILLA MAGNA","T200","ASTURIANO","Coliseo 157-195, Villa Magna, 78183 San Luis Potosí, S.L.P.","https://maps.app.goo.gl/ueRCMbozNc7yGLHaA","2025-05-22","2025-05-22 16:52:35.48202+00","2025-05-22 16:52:35.471792+00","ASTURIANO"
"1580","ATZINGO","T607","ASTURIANO","5679+RC, 56730 Santo Tomás Atzingo, Méx.","https://maps.app.goo.gl/EAHdcVcU1F81AHbA6","2025-06-10","2025-06-10 21:07:36.287735+00","2025-06-10 21:07:36.256219+00","ASTURIANO"
"1613","CUAUHTEMOC","T501","ASTURIANO","Cuauhtémoc 904-926, Tercera Chica 2, 78110 San Luis Potosí, S.L.P.","https://maps.app.goo.gl/N7FW3YHAKUCwZE9y5","2025-06-19","2025-06-19 21:29:01.933075+00","2025-06-19 21:29:01.862863+00","ASTURIANO"
"1646","SAN ISIDRO","T580","BENDITA TIENDA","Manzana 002, 54477 Cdad. Nicolás Romero, Méx.","https://maps.app.goo.gl/Srhw5RzXTdRTxPCJ9","2025-06-23","2025-06-23 17:10:54.675063+00","2025-06-23 17:10:54.668715+00","ASTURIANO"
"1647","ALEBRIJE","T585","BENDITA TIENDA","Vista Bella Manzana 011, Libertad, 54407 Cdad. Nicolás Romero, Méx.","https://maps.app.goo.gl/GthPEcGSud7TS9wL7","2025-06-23","2025-06-23 17:18:15.373389+00","2025-06-23 17:18:15.370829+00","ASTURIANO"
"1648","MORELIA","T581","BENDITA TIENDA","Antigua Carr. a Nicolás Romero, Bulevares del Lago, 54473 Cdad. Nicolás Romero, Méx.","https://maps.app.goo.gl/B4GoTqZ45df29h147","2025-06-23","2025-06-23 17:19:40.635137+00","2025-06-23 17:19:40.631824+00","ASTURIANO"
"1679","TASQUILLO","T612","Asturiano","Se cierra viaje para cliente: Chem trend, Fecha: 10/07/2025, Destino: ramos, reparto: 1 Unidad: 5 Ton, Proveedor: agt","https://maps.app.goo.gl/5Kz7ZoMxYp7oikh9A","2025-07-11","2025-07-11 18:40:39.789473+00","2025-07-11 18:40:39.783435+00","ASTURIANO"
"1712","LA MARQUESA","T377","ASTURIANO","La Marquesa 100, 37538 León de los Aldama, Gto.","https://maps.app.goo.gl/ur4ARp1odaertEpX6","2025-07-21","2025-07-21 19:43:47.992051+00","2025-07-21 19:43:47.985106+00","ASTURIANO"
"1745","SAN JOSE JAGUEY","T610","ASTURIANO","Calle 5 de Mayo, Av, C. 5 de Mayo 105, Centro,  Silao de la Victoria, Gto.","https://maps.app.goo.gl/pA4mnybFi3yC7iv87","2025-07-31","2025-07-31 20:03:51.900937+00","2025-07-31 20:03:51.890918+00","ASTURIANO"
"1778","LA QUEBRADA","T568","ASTURIANO","CW9H+QF4 La Estancia, Querétaro","https://maps.app.goo.gl/oVpuMBueapVwCtHC7","2025-09-09","2025-09-09 21:29:37.997977+00","2025-09-09 21:29:37.989937+00","ASTURIANO"
"1811","SAN RAMON","T624","Asturiano","de la 11 Sur 15451, San Ramón, 72490 Heroica Puebla de Zaragoza, Pue.","https://maps.app.goo.gl/wA9ab3m2dK6Ci1oG6","2025-12-01","2025-12-01 22:33:28.214777+00","2025-12-01 22:33:28.207626+00","ASTURIANO"
"1844","AMEALCO","T629","ASTURIANO","5VR4+JW7 Amealco de Bonfil, Querétaro","https://maps.app.goo.gl/Q5YbiGGWhXGqe32o7","2025-12-15","2025-12-15 21:03:11.968402+00","2025-12-15 21:03:11.961098+00","ASTURIANO"
"1877","PLAZA MAGNOLIA (11F)","T622","ASTURIANO","Blvd. la Luz 3960 Sur-Local 4, Agua Azul Nte., 37297 León de los Aldama, Gto.","https://maps.app.goo.gl/26wTFLMjiAwTi8r66","2025-12-22","2025-12-22 19:32:50.35626+00","2025-12-22 19:32:50.349924+00","ASTURIANO"
"1910","ROMITA","T634","ASTURIANO","P.º Centro 103, Los Paraisos, 37328 León de los Aldama, Gto.","https://maps.app.goo.gl/M446ovpdRUaBaW3V6","2025-12-26","2025-12-26 20:27:13.955708+00","2025-12-26 20:27:13.949608+00","ASTURIANO"
"1943","ECHEVESTRE","T633","Asturiano","Cuenca Florida 318, Valle Hermoso II III y IV, 37105 León de los Aldama, Gto.","https://maps.app.goo.gl/rTjnLNUdpjYvHqed9","2025-12-29","2025-12-29 23:01:35.684837+00","2025-12-29 23:01:35.678264+00","ASTURIANO"
"1976","PROVENZA","T630","Asturiano","Privada Bosques, 78397 San Luis Potosí, S.L.P.","https://maps.app.goo.gl/jx8hwzzjN6JJeNai6","2025-12-31","2026-01-01 00:42:28.554564+00","2026-01-01 00:42:28.545603+00","ASTURIANO"
"2009","SMA 1","T627","ASTURIANO","Boulevard de la Conspiración 63 Zona Centro San Miguel de Allende, Guanajuato C.P, 37746 San Miguel de Allende, Gto.","https://maps.app.goo.gl/c89sycfCQeifg1gm7","2026-01-19","2026-01-19 20:16:11.579424+00","2026-01-19 20:16:11.572678+00","ASTURIANO"
"2010","EL SAUCITO","T648","ASTURIANO","Centauro del Nte., El Saucito, 78110 San Luis Potosí, S.L.P.","https://maps.app.goo.gl/7fixKvVTtVToonuJ7","2026-01-19","2026-01-19 20:32:57.703613+00","2026-01-19 20:32:57.700995+00","ASTURIANO"
"2042","TEPOTZOTLÁN 2","T645","Asturiano","Eje Central Lázaro Cárdenas 1081, Nueva Industrial Vallejo, Gustavo A. Madero, 07700 Ciudad de México, CDMX","https://maps.app.goo.gl/AZmNigb5iBpoZzHi9","2026-01-28","2026-01-28 19:33:34.038723+00","2026-01-28 19:33:34.032423+00","ASTURIANO"
"2075","ES TOLUCA","T626","ASTURIANO","Av. Miguel Hidalgo 601, Vértice, 50090 Toluca de Lerdo, Méx.","https://maps.app.goo.gl/6X5CbBEPUhZuKMeh6","2026-02-16","2026-02-16 21:45:10.687092+00","2026-02-16 21:45:10.664504+00","ASTURIANO"
"2076","ACTOPAN 3","T650","ASTURIANO","Pedro Moreno 132, Estación, 42504 Actopan, Hgo.","https://maps.app.goo.gl/54JJz2vRCbQgnMA79","2026-02-16","2026-02-16 21:57:48.541105+00","2026-02-16 21:57:48.537775+00","ASTURIANO"
"2108","TOREO LIVING","T615","ASTURIANO","Lomas de Sotelo, Miguel Hidalgo, 11200 Mexico City","https://maps.app.goo.gl/4HqNkap6N44yTtH2A","2026-03-17","2026-03-17 21:59:18.925889+00","2026-03-17 21:59:18.91615+00","ASTURIANO"
